/* Generated by fonts/generate-builtin-fonts.py; do not edit. */
/* Sources: font-misc-misc 1.1.3 and font-cursor-misc 1.0.4. */
#ifdef HAVE_DIX_CONFIG_H
#include <dix-config.h>
#endif

#include "embedded-font.h"

/* 6x13.bdf sha256 c68c55ca8effcdc2714fffa9c8e07df290411867b00b547eeae952f7473efc9b */
static const uint8_t tinyxEmbeddedFixedFontBitmap[] = {
    0x00, 0x00, 0xa8, 0x00, 0x88, 0x00, 0x88, 0x00, 0x88, 0x00, 0xa8, 0x00,
    0x00, 0x00, 0x00, 0x00, 0x00, 0x00, 0x00, 0x00, 0x00, 0x00, 0x00, 0x00,
    0x00, 0x00, 0x00, 0x00, 0x20, 0x20, 0x20, 0x20, 0x20, 0x20, 0x20, 0x00,
    0x20, 0x00, 0x00, 0x00, 0x00, 0x50, 0x50, 0x50, 0x00, 0x00, 0x00, 0x00,
    0x00, 0x00, 0x00, 0x00, 0x00, 0x00, 0x00, 0x50, 0x50, 0xf8, 0x50, 0xf8,
    0x50, 0x50, 0x00, 0x00, 0x00, 0x00, 0x00, 0x20, 0x78, 0xa0, 0xa0, 0x70,
    0x28, 0x28, 0xf0, 0x20, 0x00, 0x00, 0x00, 0x00, 0x48, 0xa8, 0x50, 0x10,
    0x20, 0x40, 0x50, 0xa8, 0x90, 0x00, 0x00, 0x00, 0x00, 0x00, 0x40, 0xa0,
    0xa0, 0x40, 0xa0, 0x98, 0x90, 0x68, 0x00, 0x00, 0x00, 0x00, 0x20, 0x20,
    0x20, 0x00, 0x00, 0x00, 0x00, 0x00, 0x00, 0x00, 0x00, 0x00, 0x10, 0x20,
    0x20, 0x40, 0x40, 0x40, 0x40, 0x40, 0x20, 0x20, 0x10, 0x00, 0x00, 0x40,
    0x20, 0x20, 0x10, 0x10, 0x10, 0x10, 0x10, 0x20, 0x20, 0x40, 0x00, 0x00,
    0x00, 0x20, 0xa8, 0x70, 0xa8, 0x20, 0x00, 0x00, 0x00, 0x00, 0x00, 0x00,
    0x00, 0x00, 0x00, 0x00, 0x20, 0x20, 0xf8, 0x20, 0x20, 0x00, 0x00, 0x00,
    0x00, 0x00, 0x00, 0x00, 0x00, 0x00, 0x00, 0x00, 0x00, 0x00, 0x30, 0x20,
    0x40, 0x00, 0x00, 0x00, 0x00, 0x00, 0x00, 0x00, 0xf8, 0x00, 0x00, 0x00,
    0x00, 0x00, 0x00, 0x00, 0x00, 0x00, 0x00, 0x00, 0x00, 0x00, 0x00, 0x00,
    0x20, 0x70, 0x20, 0x00, 0x00, 0x00, 0x08, 0x08, 0x10, 0x10, 0x20, 0x40,
    0x40, 0x80, 0x80, 0x00, 0x00, 0x00, 0x00, 0x20, 0x50, 0x88, 0x88, 0x88,
    0x88, 0x88, 0x50, 0x20, 0x00, 0x00, 0x00, 0x00, 0x20, 0x60, 0xa0, 0x20,
    0x20, 0x20, 0x20, 0x20, 0xf8, 0x00, 0x00, 0x00, 0x00, 0x70, 0x88, 0x88,
    0x08, 0x10, 0x20, 0x40, 0x80, 0xf8, 0x00, 0x00, 0x00, 0x00, 0xf8, 0x08,
    0x10, 0x20, 0x70, 0x08, 0x08, 0x88, 0x70, 0x00, 0x00, 0x00, 0x00, 0x10,
    0x10, 0x30, 0x50, 0x50, 0x90, 0xf8, 0x10, 0x10, 0x00, 0x00, 0x00, 0x00,
    0xf8, 0x80, 0x80, 0xb0, 0xc8, 0x08, 0x08, 0x88, 0x70, 0x00, 0x00, 0x00,
    0x00, 0x70, 0x88, 0x80, 0x80, 0xf0, 0x88, 0x88, 0x88, 0x70, 0x00, 0x00,
    0x00, 0x00, 0xf8, 0x08, 0x10, 0x10, 0x20, 0x20, 0x40, 0x40, 0x40, 0x00,
    0x00, 0x00, 0x00, 0x70, 0x88, 0x88, 0x88, 0x70, 0x88, 0x88, 0x88, 0x70,
    0x00, 0x00, 0x00, 0x00, 0x70, 0x88, 0x88, 0x88, 0x78, 0x08, 0x08, 0x88,
    0x70, 0x00, 0x00, 0x00, 0x00, 0x00, 0x00, 0x20, 0x70, 0x20, 0x00, 0x00,
    0x20, 0x70, 0x20, 0x00, 0x00, 0x00, 0x00, 0x00, 0x20, 0x70, 0x20, 0x00,
    0x00, 0x30, 0x20, 0x40, 0x00, 0x00, 0x00, 0x08, 0x10, 0x20, 0x40, 0x80,
    0x40, 0x20, 0x10, 0x08, 0x00, 0x00, 0x00, 0x00, 0x00, 0x00, 0x00, 0xf8,
    0x00, 0x00, 0xf8, 0x00, 0x00, 0x00, 0x00, 0x00, 0x00, 0x80, 0x40, 0x20,
    0x10, 0x08, 0x10, 0x20, 0x40, 0x80, 0x00, 0x00, 0x00, 0x00, 0x70, 0x88,
    0x88, 0x08, 0x10, 0x20, 0x20, 0x00, 0x20, 0x00, 0x00, 0x00, 0x00, 0x70,
    0x88, 0x88, 0x98, 0xa8, 0xa8, 0xb0, 0x80, 0x78, 0x00, 0x00, 0x00, 0x00,
    0x20, 0x50, 0x88, 0x88, 0x88, 0xf8, 0x88, 0x88, 0x88, 0x00, 0x00, 0x00,
    0x00, 0xf0, 0x48, 0x48, 0x48, 0x70, 0x48, 0x48, 0x48, 0xf0, 0x00, 0x00,
    0x00, 0x00, 0x70, 0x88, 0x80, 0x80, 0x80, 0x80, 0x80, 0x88, 0x70, 0x00,
    0x00, 0x00, 0x00, 0xf0, 0x48, 0x48, 0x48, 0x48, 0x48, 0x48, 0x48, 0xf0,
    0x00, 0x00, 0x00, 0x00, 0xf8, 0x80, 0x80, 0x80, 0xf0, 0x80, 0x80, 0x80,
    0xf8, 0x00, 0x00, 0x00, 0x00, 0xf8, 0x80, 0x80, 0x80, 0xf0, 0x80, 0x80,
    0x80, 0x80, 0x00, 0x00, 0x00, 0x00, 0x70, 0x88, 0x80, 0x80, 0x80, 0x98,
    0x88, 0x88, 0x70, 0x00, 0x00, 0x00, 0x00, 0x88, 0x88, 0x88, 0x88, 0xf8,
    0x88, 0x88, 0x88, 0x88, 0x00, 0x00, 0x00, 0x00, 0x70, 0x20, 0x20, 0x20,
    0x20, 0x20, 0x20, 0x20, 0x70, 0x00, 0x00, 0x00, 0x00, 0x38, 0x10, 0x10,
    0x10, 0x10, 0x10, 0x10, 0x90, 0x60, 0x00, 0x00, 0x00, 0x00, 0x88, 0x88,
    0x90, 0xa0, 0xc0, 0xa0, 0x90, 0x88, 0x88, 0x00, 0x00, 0x00, 0x00, 0x80,
    0x80, 0x80, 0x80, 0x80, 0x80, 0x80, 0x80, 0xf8, 0x00, 0x00, 0x00, 0x00,
    0x88, 0x88, 0xd8, 0xa8, 0xa8, 0x88, 0x88, 0x88, 0x88, 0x00, 0x00, 0x00,
    0x00, 0x88, 0xc8, 0xc8, 0xa8, 0xa8, 0x98, 0x98, 0x88, 0x88, 0x00, 0x00,
    0x00, 0x00, 0x70, 0x88, 0x88, 0x88, 0x88, 0x88, 0x88, 0x88, 0x70, 0x00,
    0x00, 0x00, 0x00, 0xf0, 0x88, 0x88, 0x88, 0xf0, 0x80, 0x80, 0x80, 0x80,
    0x00, 0x00, 0x00, 0x00, 0x70, 0x88, 0x88, 0x88, 0x88, 0x88, 0x88, 0xa8,
    0x70, 0x08, 0x00, 0x00, 0x00, 0xf0, 0x88, 0x88, 0x88, 0xf0, 0xa0, 0x90,
    0x88, 0x88, 0x00, 0x00, 0x00, 0x00, 0x70, 0x88, 0x80, 0x80, 0x70, 0x08,
    0x08, 0x88, 0x70, 0x00, 0x00, 0x00, 0x00, 0xf8, 0x20, 0x20, 0x20, 0x20,
    0x20, 0x20, 0x20, 0x20, 0x00, 0x00, 0x00, 0x00, 0x88, 0x88, 0x88, 0x88,
    0x88, 0x88, 0x88, 0x88, 0x70, 0x00, 0x00, 0x00, 0x00, 0x88, 0x88, 0x88,
    0x88, 0x50, 0x50, 0x50, 0x20, 0x20, 0x00, 0x00, 0x00, 0x00, 0x88, 0x88,
    0x88, 0x88, 0xa8, 0xa8, 0xa8, 0xa8, 0x50, 0x00, 0x00, 0x00, 0x00, 0x88,
    0x88, 0x50, 0x50, 0x20, 0x50, 0x50, 0x88, 0x88, 0x00, 0x00, 0x00, 0x00,
    0x88, 0x88, 0x50, 0x50, 0x20, 0x20, 0x20, 0x20, 0x20, 0x00, 0x00, 0x00,
    0x00, 0xf8, 0x08, 0x10, 0x10, 0x20, 0x40, 0x40, 0x80, 0xf8, 0x00, 0x00,
    0x00, 0x70, 0x40, 0x40, 0x40, 0x40, 0x40, 0x40, 0x40, 0x40, 0x40, 0x70,
    0x00, 0x00, 0x00, 0x80, 0x80, 0x40, 0x40, 0x20, 0x10, 0x10, 0x08, 0x08,
    0x00, 0x00, 0x00, 0x70, 0x10, 0x10, 0x10, 0x10, 0x10, 0x10, 0x10, 0x10,
    0x10, 0x70, 0x00, 0x00, 0x00, 0x20, 0x50, 0x88, 0x00, 0x00, 0x00, 0x00,
    0x00, 0x00, 0x00, 0x00, 0x00, 0x00, 0x00, 0x00, 0x00, 0x00, 0x00, 0x00,
    0x00, 0x00, 0x00, 0xf8, 0x00, 0x00, 0x20, 0x10, 0x00, 0x00, 0x00, 0x00,
    0x00, 0x00, 0x00, 0x00, 0x00, 0x00, 0x00, 0x00, 0x00, 0x00, 0x00, 0x70,
    0x08, 0x78, 0x88, 0x98, 0x68, 0x00, 0x00, 0x00, 0x00, 0x80, 0x80, 0x80,
    0xf0, 0x88, 0x88, 0x88, 0x88, 0xf0, 0x00, 0x00, 0x00, 0x00, 0x00, 0x00,
    0x00, 0x70, 0x88, 0x80, 0x80, 0x88, 0x70, 0x00, 0x00, 0x00, 0x00, 0x08,
    0x08, 0x08, 0x78, 0x88, 0x88, 0x88, 0x88, 0x78, 0x00, 0x00, 0x00, 0x00,
    0x00, 0x00, 0x00, 0x70, 0x88, 0xf8, 0x80, 0x88, 0x70, 0x00, 0x00, 0x00,
    0x00, 0x30, 0x48, 0x40, 0x40, 0xf0, 0x40, 0x40, 0x40, 0x40, 0x00, 0x00,
    0x00, 0x00, 0x00, 0x00, 0x00, 0x70, 0x88, 0x88, 0x88, 0x78, 0x08, 0x88,
    0x70, 0x00, 0x00, 0x80, 0x80, 0x80, 0xb0, 0xc8, 0x88, 0x88, 0x88, 0x88,
    0x00, 0x00, 0x00, 0x00, 0x00, 0x20, 0x00, 0x60, 0x20, 0x20, 0x20, 0x20,
    0x70, 0x00, 0x00, 0x00, 0x00, 0x00, 0x10, 0x00, 0x30, 0x10, 0x10, 0x10,
    0x10, 0x90, 0x90, 0x60, 0x00, 0x00, 0x80, 0x80, 0x80, 0x90, 0xa0, 0xc0,
    0xa0, 0x90, 0x88, 0x00, 0x00, 0x00, 0x00, 0x60, 0x20, 0x20, 0x20, 0x20,
    0x20, 0x20, 0x20, 0x70, 0x00, 0x00, 0x00, 0x00, 0x00, 0x00, 0x00, 0xd0,
    0xa8, 0xa8, 0xa8, 0xa8, 0x88, 0x00, 0x00, 0x00, 0x00, 0x00, 0x00, 0x00,
    0xb0, 0xc8, 0x88, 0x88, 0x88, 0x88, 0x00, 0x00, 0x00, 0x00, 0x00, 0x00,
    0x00, 0x70, 0x88, 0x88, 0x88, 0x88, 0x70, 0x00, 0x00, 0x00, 0x00, 0x00,
    0x00, 0x00, 0xf0, 0x88, 0x88, 0x88, 0xf0, 0x80, 0x80, 0x80, 0x00, 0x00,
    0x00, 0x00, 0x00, 0x78, 0x88, 0x88, 0x88, 0x78, 0x08, 0x08, 0x08, 0x00,
    0x00, 0x00, 0x00, 0x00, 0xb0, 0xc8, 0x80, 0x80, 0x80, 0x80, 0x00, 0x00,
    0x00, 0x00, 0x00, 0x00, 0x00, 0x70, 0x88, 0x60, 0x10, 0x88, 0x70, 0x00,
    0x00, 0x00, 0x00, 0x00, 0x40, 0x40, 0xf0, 0x40, 0x40, 0x40, 0x48, 0x30,
    0x00, 0x00, 0x00, 0x00, 0x00, 0x00, 0x00, 0x88, 0x88, 0x88, 0x88, 0x98,
    0x68, 0x00, 0x00, 0x00, 0x00, 0x00, 0x00, 0x00, 0x88, 0x88, 0x88, 0x50,
    0x50, 0x20, 0x00, 0x00, 0x00, 0x00, 0x00, 0x00, 0x00, 0x88, 0x88, 0xa8,
    0xa8, 0xa8, 0x50, 0x00, 0x00, 0x00, 0x00, 0x00, 0x00, 0x00, 0x88, 0x50,
    0x20, 0x20, 0x50, 0x88, 0x00, 0x00, 0x00, 0x00, 0x00, 0x00, 0x00, 0x88,
    0x88, 0x88, 0x98, 0x68, 0x08, 0x88, 0x70, 0x00, 0x00, 0x00, 0x00, 0x00,
    0xf8, 0x10, 0x20, 0x40, 0x80, 0xf8, 0x00, 0x00, 0x00, 0x18, 0x20, 0x20,
    0x20, 0x20, 0xc0, 0x20, 0x20, 0x20, 0x20, 0x18, 0x00, 0x00, 0x00, 0x20,
    0x20, 0x20, 0x20, 0x20, 0x20, 0x20, 0x20, 0x20, 0x00, 0x00, 0x00, 0xc0,
    0x20, 0x20, 0x20, 0x20, 0x18, 0x20, 0x20, 0x20, 0x20, 0xc0, 0x00, 0x00,
    0x00, 0x48, 0xa8, 0x90, 0x00, 0x00, 0x00, 0x00, 0x00, 0x00, 0x00, 0x00,
    0x00, 0x00, 0x00, 0x00, 0x00, 0x00, 0x00, 0x00, 0x00, 0x00, 0x00, 0x00,
    0x00, 0x00, 0x00, 0x20, 0x00, 0x20, 0x20, 0x20, 0x20, 0x20, 0x20, 0x20,
    0x00, 0x00, 0x00, 0x00, 0x20, 0x70, 0xa8, 0xa0, 0xa0, 0xa8, 0x70, 0x20,
    0x00, 0x00, 0x00, 0x00, 0x00, 0x30, 0x48, 0x40, 0x40, 0xe0, 0x40, 0x40,
    0x48, 0xb0, 0x00, 0x00, 0x00, 0x00, 0x00, 0x00, 0x88, 0x70, 0x50, 0x50,
    0x70, 0x88, 0x00, 0x00, 0x00, 0x00, 0x00, 0x88, 0x88, 0x50, 0x50, 0xf8,
    0x20, 0xf8, 0x20, 0x20, 0x00, 0x00, 0x00, 0x00, 0x20, 0x20, 0x20, 0x20,
    0x00, 0x20, 0x20, 0x20, 0x20, 0x00, 0x00, 0x00, 0x30, 0x48, 0x40, 0x30,
    0x48, 0x48, 0x30, 0x08, 0x48, 0x30, 0x00, 0x00, 0x00, 0x50, 0x50, 0x00,
    0x00, 0x00, 0x00, 0x00, 0x00, 0x00, 0x00, 0x00, 0x00, 0x00, 0x70, 0x88,
    0xa8, 0xd8, 0xc8, 0xd8, 0xa8, 0x88, 0x70, 0x00, 0x00, 0x00, 0x00, 0x00,
    0x70, 0x08, 0x78, 0x88, 0x78, 0x00, 0xf8, 0x00, 0x00, 0x00, 0x00, 0x00,
    0x00, 0x00, 0x00, 0x28, 0x50, 0xa0, 0xa0, 0x50, 0x28, 0x00, 0x00, 0x00,
    0x00, 0x00, 0x00, 0x00, 0x00, 0x00, 0xf8, 0x08, 0x08, 0x00, 0x00, 0x00,
    0x00, 0x00, 0x00, 0x00, 0x00, 0x00, 0x00, 0x70, 0x00, 0x00, 0x00, 0x00,
    0x00, 0x00, 0x00, 0x70, 0x88, 0xe8, 0xd8, 0xd8, 0xe8, 0xd8, 0x88, 0x70,
    0x00, 0x00, 0x00, 0x00, 0x00, 0xf8, 0x00, 0x00, 0x00, 0x00, 0x00, 0x00,
    0x00, 0x00, 0x00, 0x00, 0x00, 0x00, 0x30, 0x48, 0x48, 0x30, 0x00, 0x00,
    0x00, 0x00, 0x00, 0x00, 0x00, 0x00, 0x00, 0x00, 0x20, 0x20, 0xf8, 0x20,
    0x20, 0x00, 0xf8, 0x00, 0x00, 0x00, 0x00, 0x40, 0xa0, 0x20, 0x40, 0xe0,
    0x00, 0x00, 0x00, 0x00, 0x00, 0x00, 0x00, 0x00, 0x40, 0xa0, 0x40, 0x20,
    0xc0, 0x00, 0x00, 0x00, 0x00, 0x00, 0x00, 0x00, 0x00, 0x10, 0x20, 0x00,
    0x00, 0x00, 0x00, 0x00, 0x00, 0x00, 0x00, 0x00, 0x00, 0x00, 0x00, 0x00,
    0x00, 0x00, 0x88, 0x88, 0x88, 0x88, 0x98, 0xe8, 0x80, 0x80, 0x00, 0x00,
    0x78, 0xe8, 0xe8, 0xe8, 0xe8, 0x68, 0x28, 0x28, 0x28, 0x00, 0x00, 0x00,
    0x00, 0x00, 0x00, 0x00, 0x00, 0x30, 0x00, 0x00, 0x00, 0x00, 0x00, 0x00,
    0x00, 0x00, 0x00, 0x00, 0x00, 0x00, 0x00, 0x00, 0x00, 0x00, 0x00, 0x10,
    0x20, 0x00, 0x40, 0xc0, 0x40, 0x40, 0xe0, 0x00, 0x00, 0x00, 0x00, 0x00,
    0x00, 0x00, 0x00, 0x00, 0x70, 0x88, 0x88, 0x88, 0x70, 0x00, 0xf8, 0x00,
    0x00, 0x00, 0x00, 0x00, 0x00, 0x00, 0x00, 0xa0, 0x50, 0x28, 0x28, 0x50,
    0xa0, 0x00, 0x00, 0x00, 0x00, 0x40, 0xc0, 0x40, 0x40, 0xe0, 0x08, 0x18,
    0x28, 0x38, 0x08, 0x00, 0x00, 0x00, 0x40, 0xc0, 0x40, 0x40, 0xe0, 0x10,
    0x28, 0x08, 0x10, 0x38, 0x00, 0x00, 0x00, 0x40, 0xa0, 0x40, 0x20, 0xa0,
    0x48, 0x18, 0x28, 0x38, 0x08, 0x00, 0x00, 0x00, 0x00, 0x20, 0x00, 0x20,
    0x20, 0x40, 0x80, 0x88, 0x88, 0x70, 0x00, 0x00, 0x00, 0x40, 0x20, 0x00,
    0x20, 0x50, 0x88, 0x88, 0xf8, 0x88, 0x88, 0x00, 0x00, 0x00, 0x10, 0x20,
    0x00, 0x20, 0x50, 0x88, 0x88, 0xf8, 0x88, 0x88, 0x00, 0x00, 0x00, 0x30,
    0x48, 0x00, 0x20, 0x50, 0x88, 0x88, 0xf8, 0x88, 0x88, 0x00, 0x00, 0x00,
    0x28, 0x50, 0x00, 0x20, 0x50, 0x88, 0x88, 0xf8, 0x88, 0x88, 0x00, 0x00,
    0x00, 0x50, 0x50, 0x00, 0x20, 0x50, 0x88, 0x88, 0xf8, 0x88, 0x88, 0x00,
    0x00, 0x00, 0x20, 0x50, 0x20, 0x20, 0x50, 0x88, 0x88, 0xf8, 0x88, 0x88,
    0x00, 0x00, 0x00, 0x00, 0x58, 0xa0, 0xa0, 0xa0, 0xb0, 0xe0, 0xa0, 0xa0,
    0xb8, 0x00, 0x00, 0x00, 0x00, 0x70, 0x88, 0x80, 0x80, 0x80, 0x80, 0x80,
    0x88, 0x70, 0x20, 0x40, 0x00, 0x40, 0x20, 0x00, 0xf8, 0x80, 0x80, 0xf0,
    0x80, 0x80, 0xf8, 0x00, 0x00, 0x00, 0x10, 0x20, 0x00, 0xf8, 0x80, 0x80,
    0xf0, 0x80, 0x80, 0xf8, 0x00, 0x00, 0x00, 0x30, 0x48, 0x00, 0xf8, 0x80,
    0x80, 0xf0, 0x80, 0x80, 0xf8, 0x00, 0x00, 0x00, 0x50, 0x50, 0x00, 0xf8,
    0x80, 0x80, 0xf0, 0x80, 0x80, 0xf8, 0x00, 0x00, 0x00, 0x40, 0x20, 0x00,
    0x70, 0x20, 0x20, 0x20, 0x20, 0x20, 0x70, 0x00, 0x00, 0x00, 0x10, 0x20,
    0x00, 0x70, 0x20, 0x20, 0x20, 0x20, 0x20, 0x70, 0x00, 0x00, 0x00, 0x30,
    0x48, 0x00, 0x70, 0x20, 0x20, 0x20, 0x20, 0x20, 0x70, 0x00, 0x00, 0x00,
    0x50, 0x50, 0x00, 0x70, 0x20, 0x20, 0x20, 0x20, 0x20, 0x70, 0x00, 0x00,
    0x00, 0x00, 0xf0, 0x48, 0x48, 0x48, 0xe8, 0x48, 0x48, 0x48, 0xf0, 0x00,
    0x00, 0x00, 0x28, 0x50, 0x00, 0x88, 0x88, 0xc8, 0xa8, 0x98, 0x88, 0x88,
    0x00, 0x00, 0x00, 0x40, 0x20, 0x00, 0x70, 0x88, 0x88, 0x88, 0x88, 0x88,
    0x70, 0x00, 0x00, 0x00, 0x10, 0x20, 0x00, 0x70, 0x88, 0x88, 0x88, 0x88,
    0x88, 0x70, 0x00, 0x00, 0x00, 0x30, 0x48, 0x00, 0x70, 0x88, 0x88, 0x88,
    0x88, 0x88, 0x70, 0x00, 0x00, 0x00, 0x28, 0x50, 0x00, 0x70, 0x88, 0x88,
    0x88, 0x88, 0x88, 0x70, 0x00, 0x00, 0x00, 0x50, 0x50, 0x00, 0x70, 0x88,
    0x88, 0x88, 0x88, 0x88, 0x70, 0x00, 0x00, 0x00, 0x00, 0x00, 0x00, 0x00,
    0x88, 0x50, 0x20, 0x50, 0x88, 0x00, 0x00, 0x00, 0x00, 0x08, 0x70, 0x98,
    0x98, 0xa8, 0xa8, 0xa8, 0xc8, 0xc8, 0x70, 0x80, 0x00, 0x00, 0x40, 0x20,
    0x00, 0x88, 0x88, 0x88, 0x88, 0x88, 0x88, 0x70, 0x00, 0x00, 0x00, 0x10,
    0x20, 0x00, 0x88, 0x88, 0x88, 0x88, 0x88, 0x88, 0x70, 0x00, 0x00, 0x00,
    0x30, 0x48, 0x00, 0x88, 0x88, 0x88, 0x88, 0x88, 0x88, 0x70, 0x00, 0x00,
    0x00, 0x50, 0x50, 0x00, 0x88, 0x88, 0x88, 0x88, 0x88, 0x88, 0x70, 0x00,
    0x00, 0x00, 0x10, 0x20, 0x00, 0x88, 0x88, 0x50, 0x20, 0x20, 0x20, 0x20,
    0x00, 0x00, 0x00, 0x00, 0x80, 0xf0, 0x88, 0x88, 0x88, 0xf0, 0x80, 0x80,
    0x80, 0x00, 0x00, 0x00, 0x00, 0x60, 0x90, 0x90, 0xa0, 0xa0, 0x90, 0x88,
    0x88, 0xb0, 0x00, 0x00, 0x00, 0x00, 0x40, 0x20, 0x00, 0x70, 0x08, 0x78,
    0x88, 0x98, 0x68, 0x00, 0x00, 0x00, 0x00, 0x10, 0x20, 0x00, 0x70, 0x08,
    0x78, 0x88, 0x98, 0x68, 0x00, 0x00, 0x00, 0x00, 0x30, 0x48, 0x00, 0x70,
    0x08, 0x78, 0x88, 0x98, 0x68, 0x00, 0x00, 0x00, 0x00, 0x28, 0x50, 0x00,
    0x70, 0x08, 0x78, 0x88, 0x98, 0x68, 0x00, 0x00, 0x00, 0x00, 0x50, 0x50,
    0x00, 0x70, 0x08, 0x78, 0x88, 0x98, 0x68, 0x00, 0x00, 0x00, 0x30, 0x48,
    0x30, 0x00, 0x70, 0x08, 0x78, 0x88, 0x98, 0x68, 0x00, 0x00, 0x00, 0x00,
    0x00, 0x00, 0x00, 0x70, 0x28, 0x70, 0xa0, 0xa8, 0x50, 0x00, 0x00, 0x00,
    0x00, 0x00, 0x00, 0x00, 0x70, 0x88, 0x80, 0x80, 0x88, 0x70, 0x20, 0x40,
    0x00, 0x00, 0x40, 0x20, 0x00, 0x70, 0x88, 0xf8, 0x80, 0x88, 0x70, 0x00,
    0x00, 0x00, 0x00, 0x10, 0x20, 0x00, 0x70, 0x88, 0xf8, 0x80, 0x88, 0x70,
    0x00, 0x00, 0x00, 0x00, 0x30, 0x48, 0x00, 0x70, 0x88, 0xf8, 0x80, 0x88,
    0x70, 0x00, 0x00, 0x00, 0x00, 0x50, 0x50, 0x00, 0x70, 0x88, 0xf8, 0x80,
    0x88, 0x70, 0x00, 0x00, 0x00, 0x00, 0x40, 0x20, 0x00, 0x60, 0x20, 0x20,
    0x20, 0x20, 0x70, 0x00, 0x00, 0x00, 0x00, 0x10, 0x20, 0x00, 0x60, 0x20,
    0x20, 0x20, 0x20, 0x70, 0x00, 0x00, 0x00, 0x00, 0x30, 0x48, 0x00, 0x60,
    0x20, 0x20, 0x20, 0x20, 0x70, 0x00, 0x00, 0x00, 0x00, 0x50, 0x50, 0x00,
    0x60, 0x20, 0x20, 0x20, 0x20, 0x70, 0x00, 0x00, 0x00, 0x50, 0x20, 0x60,
    0x10, 0x70, 0x88, 0x88, 0x88, 0x88, 0x70, 0x00, 0x00, 0x00, 0x00, 0x28,
    0x50, 0x00, 0xb0, 0xc8, 0x88, 0x88, 0x88, 0x88, 0x00, 0x00, 0x00, 0x00,
    0x40, 0x20, 0x00, 0x70, 0x88, 0x88, 0x88, 0x88, 0x70, 0x00, 0x00, 0x00,
    0x00, 0x10, 0x20, 0x00, 0x70, 0x88, 0x88, 0x88, 0x88, 0x70, 0x00, 0x00,
    0x00, 0x00, 0x30, 0x48, 0x00, 0x70, 0x88, 0x88, 0x88, 0x88, 0x70, 0x00,
    0x00, 0x00, 0x00, 0x28, 0x50, 0x00, 0x70, 0x88, 0x88, 0x88, 0x88, 0x70,
    0x00, 0x00, 0x00, 0x00, 0x50, 0x50, 0x00, 0x70, 0x88, 0x88, 0x88, 0x88,
    0x70, 0x00, 0x00, 0x00, 0x00, 0x00, 0x20, 0x20, 0x00, 0xf8, 0x00, 0x20,
    0x20, 0x00, 0x00, 0x00, 0x00, 0x00, 0x00, 0x00, 0x08, 0x70, 0x98, 0xa8,
    0xa8, 0xc8, 0x70, 0x80, 0x00, 0x00, 0x00, 0x40, 0x20, 0x00, 0x88, 0x88,
    0x88, 0x88, 0x98, 0x68, 0x00, 0x00, 0x00, 0x00, 0x10, 0x20, 0x00, 0x88,
    0x88, 0x88, 0x88, 0x98, 0x68, 0x00, 0x00, 0x00, 0x00, 0x30, 0x48, 0x00,
    0x88, 0x88, 0x88, 0x88, 0x98, 0x68, 0x00, 0x00, 0x00, 0x00, 0x50, 0x50,
    0x00, 0x88, 0x88, 0x88, 0x88, 0x98, 0x68, 0x00, 0x00, 0x00, 0x00, 0x10,
    0x20, 0x00, 0x88, 0x88, 0x88, 0x98, 0x68, 0x08, 0x88, 0x70, 0x00, 0x00,
    0x00, 0x80, 0x80, 0xb0, 0xc8, 0x88, 0x88, 0xc8, 0xb0, 0x80, 0x80, 0x00,
    0x00, 0x50, 0x50, 0x00, 0x88, 0x88, 0x88, 0x98, 0x68, 0x08, 0x88, 0x70,
    0x00, 0xf8, 0x00, 0x20, 0x50, 0x88, 0x88, 0xf8, 0x88, 0x88, 0x88, 0x00,
    0x00, 0x00, 0x00, 0x00, 0xf8, 0x00, 0x70, 0x08, 0x78, 0x88, 0x98, 0x68,
    0x00, 0x00, 0x00, 0x88, 0x70, 0x00, 0x20, 0x50, 0x88, 0x88, 0xf8, 0x88,
    0x88, 0x00, 0x00, 0x00, 0x00, 0x88, 0x70, 0x00, 0x70, 0x08, 0x78, 0x88,
    0x98, 0x68, 0x00, 0x00, 0x00, 0x00, 0x20, 0x50, 0x88, 0x88, 0x88, 0xf8,
    0x88, 0x88, 0x88, 0x08, 0x04, 0x00, 0x00, 0x00, 0x00, 0x00, 0x70, 0x08,
    0x78, 0x88, 0x98, 0x68, 0x08, 0x04, 0x00, 0x10, 0x20, 0x00, 0x70, 0x88,
    0x80, 0x80, 0x80, 0x88, 0x70, 0x00, 0x00, 0x00, 0x00, 0x10, 0x20, 0x00,
    0x70, 0x88, 0x80, 0x80, 0x88, 0x70, 0x00, 0x00, 0x00, 0x30, 0x48, 0x00,
    0x70, 0x88, 0x80, 0x80, 0x80, 0x88, 0x70, 0x00, 0x00, 0x00, 0x00, 0x30,
    0x48, 0x00, 0x70, 0x88, 0x80, 0x80, 0x88, 0x70, 0x00, 0x00, 0x00, 0x20,
    0x20, 0x00, 0x70, 0x88, 0x80, 0x80, 0x80, 0x88, 0x70, 0x00, 0x00, 0x00,
    0x00, 0x20, 0x20, 0x00, 0x70, 0x88, 0x80, 0x80, 0x88, 0x70, 0x00, 0x00,
    0x00, 0x48, 0x30, 0x00, 0x70, 0x88, 0x80, 0x80, 0x80, 0x88, 0x70, 0x00,
    0x00, 0x00, 0x00, 0x48, 0x30, 0x00, 0x70, 0x88, 0x80, 0x80, 0x88, 0x70,
    0x00, 0x00, 0x00, 0x48, 0x30, 0x00, 0xf0, 0x48, 0x48, 0x48, 0x48, 0x48,
    0xf0, 0x00, 0x00, 0x48, 0x30, 0x00, 0x08, 0x08, 0x78, 0x88, 0x88, 0x88,
    0x88, 0x78, 0x00, 0x00, 0x00, 0x00, 0xf0, 0x48, 0x48, 0x48, 0xe8, 0x48,
    0x48, 0x48, 0xf0, 0x00, 0x00, 0x00, 0x00, 0x08, 0x1c, 0x08, 0x78, 0x88,
    0x88, 0x88, 0x88, 0x78, 0x00, 0x00, 0x00, 0xf8, 0x00, 0xf8, 0x80, 0x80,
    0xf0, 0x80, 0x80, 0x80, 0xf8, 0x00, 0x00, 0x00, 0x00, 0x00, 0xf8, 0x00,
    0x70, 0x88, 0xf8, 0x80, 0x88, 0x70, 0x00, 0x00, 0x00, 0x88, 0x70, 0x00,
    0xf8, 0x80, 0x80, 0xf0, 0x80, 0x80, 0xf8, 0x00, 0x00, 0x00, 0x00, 0x88,
    0x70, 0x00, 0x70, 0x88, 0xf8, 0x80, 0x88, 0x70, 0x00, 0x00, 0x00, 0x20,
    0x20, 0x00, 0xf8, 0x80, 0x80, 0xf0, 0x80, 0x80, 0xf8, 0x00, 0x00, 0x00,
    0x00, 0x20, 0x20, 0x00, 0x70, 0x88, 0xf8, 0x80, 0x88, 0x70, 0x00, 0x00,
    0x00, 0x00, 0xf8, 0x80, 0x80, 0x80, 0xf0, 0x80, 0x80, 0x80, 0xf8, 0x20,
    0x10, 0x00, 0x00, 0x00, 0x00, 0x00, 0x70, 0x88, 0xf8, 0x80, 0x88, 0x70,
    0x20, 0x10, 0x00, 0x48, 0x30, 0x00, 0xf8, 0x80, 0x80, 0xf0, 0x80, 0x80,
    0xf8, 0x00, 0x00, 0x00, 0x00, 0x48, 0x30, 0x00, 0x70, 0x88, 0xf8, 0x80,
    0x88, 0x70, 0x00, 0x00, 0x00, 0x30, 0x48, 0x00, 0x70, 0x88, 0x80, 0x80,
    0x98, 0x88, 0x70, 0x00, 0x00, 0x00, 0x00, 0x30, 0x48, 0x00, 0x70, 0x88,
    0x88, 0x88, 0x78, 0x08, 0x88, 0x70, 0x00, 0x88, 0x70, 0x00, 0x70, 0x88,
    0x80, 0x80, 0x98, 0x88, 0x70, 0x00, 0x00, 0x00, 0x00, 0x88, 0x70, 0x00,
    0x70, 0x88, 0x88, 0x88, 0x78, 0x08, 0x88, 0x70, 0x00, 0x20, 0x20, 0x00,
    0x70, 0x88, 0x80, 0x80, 0x98, 0x88, 0x70, 0x00, 0x00, 0x00, 0x00, 0x20,
    0x20, 0x00, 0x70, 0x88, 0x88, 0x88, 0x78, 0x08, 0x88, 0x70, 0x00, 0x00,
    0x70, 0x88, 0x80, 0x80, 0x80, 0x98, 0x88, 0x88, 0x70, 0x20, 0x40, 0x00,
    0x10, 0x20, 0x60, 0x00, 0x70, 0x88, 0x88, 0x88, 0x78, 0x08, 0x88, 0x70,
    0x00, 0x30, 0x48, 0x00, 0x88, 0x88, 0x88, 0xf8, 0x88, 0x88, 0x88, 0x00,
    0x00, 0x00, 0x30, 0x48, 0x00, 0x80, 0x80, 0xb0, 0xc8, 0x88, 0x88, 0x88,
    0x00, 0x00, 0x00, 0x00, 0x88, 0x88, 0xf8, 0x88, 0xf8, 0x88, 0x88, 0x88,
    0x88, 0x00, 0x00, 0x00, 0x00, 0x80, 0xf0, 0x80, 0xb0, 0xc8, 0x88, 0x88,
    0x88, 0x88, 0x00, 0x00, 0x00, 0x28, 0x50, 0x00, 0x70, 0x20, 0x20, 0x20,
    0x20, 0x20, 0x70, 0x00, 0x00, 0x00, 0x00, 0x50, 0xa0, 0x00, 0x60, 0x20,
    0x20, 0x20, 0x20, 0x70, 0x00, 0x00, 0x00, 0xf8, 0x00, 0x70, 0x20, 0x20,
    0x20, 0x20, 0x20, 0x20, 0x70, 0x00, 0x00, 0x00, 0x00, 0x00, 0xf8, 0x00,
    0x60, 0x20, 0x20, 0x20, 0x20, 0x70, 0x00, 0x00, 0x00, 0x88, 0x70, 0x00,
    0x70, 0x20, 0x20, 0x20, 0x20, 0x20, 0x70, 0x00, 0x00, 0x00, 0x00, 0x88,
    0x70, 0x00, 0x60, 0x20, 0x20, 0x20, 0x20, 0x70, 0x00, 0x00, 0x00, 0x00,
    0x70, 0x20, 0x20, 0x20, 0x20, 0x20, 0x20, 0x20, 0x70, 0x20, 0x10, 0x00,
    0x00, 0x00, 0x20, 0x00, 0x60, 0x20, 0x20, 0x20, 0x20, 0x70, 0x20, 0x10,
    0x00, 0x20, 0x20, 0x00, 0x70, 0x20, 0x20, 0x20, 0x20, 0x20, 0x70, 0x00,
    0x00, 0x00, 0x00, 0x00, 0x00, 0x00, 0x60, 0x20, 0x20, 0x20, 0x20, 0x70,
    0x00, 0x00, 0x00, 0x00, 0xdc, 0x88, 0x88, 0x88, 0x88, 0x88, 0x88, 0xa8,
    0xd0, 0x00, 0x00, 0x00, 0x00, 0x00, 0x48, 0x00, 0xd8, 0x48, 0x48, 0x48,
    0x48, 0xe8, 0x48, 0x30, 0x00, 0x30, 0x48, 0x00, 0x38, 0x10, 0x10, 0x10,
    0x10, 0x90, 0x60, 0x00, 0x00, 0x00, 0x00, 0x30, 0x48, 0x00, 0x30, 0x10,
    0x10, 0x10, 0x10, 0x90, 0x90, 0x60, 0x00, 0x00, 0x88, 0x88, 0x90, 0xa0,
    0xc0, 0xa0, 0x90, 0x88, 0x88, 0x40, 0x80, 0x00, 0x00, 0x80, 0x80, 0x80,
    0x90, 0xa0, 0xc0, 0xa0, 0x90, 0x88, 0x40, 0x80, 0x00, 0x00, 0x00, 0x00,
    0x00, 0x88, 0x90, 0xa0, 0xe0, 0x90, 0x88, 0x00, 0x00, 0x00, 0x40, 0x80,
    0x00, 0x80, 0x80, 0x80, 0x80, 0x80, 0x80, 0xf8, 0x00, 0x00, 0x10, 0x20,
    0x00, 0x60, 0x20, 0x20, 0x20, 0x20, 0x20, 0x20, 0x70, 0x00, 0x00, 0x00,
    0x00, 0x80, 0x80, 0x80, 0x80, 0x80, 0x80, 0x80, 0x80, 0xf8, 0x20, 0x40,
    0x00, 0x00, 0x60, 0x20, 0x20, 0x20, 0x20, 0x20, 0x20, 0x20, 0x70, 0x20,
    0x40, 0x00, 0x90, 0x60, 0x00, 0x40, 0x40, 0x40, 0x40, 0x40, 0x40, 0x78,
    0x00, 0x00, 0x90, 0x60, 0x00, 0x60, 0x20, 0x20, 0x20, 0x20, 0x20, 0x20,
    0x70, 0x00, 0x00, 0x00, 0x00, 0x80, 0x80, 0x80, 0x90, 0x90, 0x80, 0x80,
    0x80, 0xf8, 0x00, 0x00, 0x00, 0x00, 0x60, 0x20, 0x20, 0x28, 0x28, 0x20,
    0x20, 0x20, 0x70, 0x00, 0x00, 0x00, 0x00, 0x40, 0x40, 0x60, 0x40, 0xc0,
    0x40, 0x40, 0x40, 0x78, 0x00, 0x00, 0x00, 0x00, 0x60, 0x20, 0x30, 0x20,
    0x60, 0x20, 0x20, 0x20, 0x70, 0x00, 0x00, 0x00, 0x10, 0x20, 0x00, 0x88,
    0xc8, 0xc8, 0xa8, 0x98, 0x98, 0x88, 0x00, 0x00, 0x00, 0x00, 0x10, 0x20,
    0x00, 0xb0, 0xc8, 0x88, 0x88, 0x88, 0x88, 0x00, 0x00, 0x00, 0x00, 0x88,
    0xc8, 0xc8, 0xa8, 0xa8, 0x98, 0x98, 0x88, 0x88, 0x40, 0x80, 0x00, 0x00,
    0x00, 0x00, 0x00, 0xb0, 0xc8, 0x88, 0x88, 0x88, 0x88, 0x40, 0x80, 0x00,
    0x48, 0x30, 0x00, 0x88, 0xc8, 0xc8, 0xa8, 0x98, 0x98, 0x88, 0x00, 0x00,
    0x00, 0x00, 0x48, 0x30, 0x00, 0xb0, 0xc8, 0x88, 0x88, 0x88, 0x88, 0x00,
    0x00, 0x00, 0xc0, 0x40, 0x80, 0x00, 0xb0, 0xc8, 0x88, 0x88, 0x88, 0x88,
    0x00, 0x00, 0x00, 0x00, 0x88, 0xc8, 0xc8, 0xa8, 0xa8, 0x98, 0x98, 0x88,
    0x88, 0x28, 0x10, 0x00, 0x00, 0x00, 0x00, 0x00, 0xb0, 0xc8, 0x88, 0x88,
    0x88, 0x88, 0x28, 0x10, 0x00, 0xf8, 0x00, 0x70, 0x88, 0x88, 0x88, 0x88,
    0x88, 0x88, 0x70, 0x00, 0x00, 0x00, 0x00, 0x00, 0xf8, 0x00, 0x70, 0x88,
    0x88, 0x88, 0x88, 0x70, 0x00, 0x00, 0x00, 0x88, 0x70, 0x00, 0x70, 0x88,
    0x88, 0x88, 0x88, 0x88, 0x70, 0x00, 0x00, 0x00, 0x00, 0x88, 0x70, 0x00,
    0x70, 0x88, 0x88, 0x88, 0x88, 0x70, 0x00, 0x00, 0x00, 0x48, 0x90, 0x00,
    0x70, 0x88, 0x88, 0x88, 0x88, 0x88, 0x70, 0x00, 0x00, 0x00, 0x00, 0x48,
    0x90, 0x00, 0x70, 0x88, 0x88, 0x88, 0x88, 0x70, 0x00, 0x00, 0x00, 0x00,
    0x78, 0xa0, 0xa0, 0xa0, 0xb0, 0xa0, 0xa0, 0xa0, 0x78, 0x00, 0x00, 0x00,
    0x00, 0x00, 0x00, 0x00, 0x50, 0xa8, 0xb8, 0xa0, 0xa8, 0x50, 0x00, 0x00,
    0x00, 0x10, 0x20, 0x00, 0xf0, 0x88, 0x88, 0xf0, 0x90, 0x88, 0x88, 0x00,
    0x00, 0x00, 0x00, 0x10, 0x20, 0x00, 0xb0, 0xc8, 0x80, 0x80, 0x80, 0x80,
    0x00, 0x00, 0x00, 0x00, 0xf0, 0x88, 0x88, 0x88, 0xf0, 0xa0, 0x90, 0x88,
    0x88, 0x40, 0x80, 0x00, 0x00, 0x00, 0x00, 0x00, 0xb0, 0xc8, 0x80, 0x80,
    0x80, 0x80, 0x40, 0x80, 0x00, 0x90, 0x60, 0x00, 0xf0, 0x88, 0x88, 0xf0,
    0x90, 0x88, 0x88, 0x00, 0x00, 0x00, 0x00, 0x90, 0x60, 0x00, 0xb0, 0xc8,
    0x80, 0x80, 0x80, 0x80, 0x00, 0x00, 0x00, 0x10, 0x20, 0x00, 0x70, 0x88,
    0x80, 0x70, 0x08, 0x88, 0x70, 0x00, 0x00, 0x00, 0x00, 0x10, 0x20, 0x00,
    0x70, 0x88, 0x60, 0x10, 0x88, 0x70, 0x00, 0x00, 0x00, 0x30, 0x48, 0x00,
    0x70, 0x88, 0x80, 0x70, 0x08, 0x88, 0x70, 0x00, 0x00, 0x00, 0x00, 0x30,
    0x48, 0x00, 0x70, 0x88, 0x60, 0x10, 0x88, 0x70, 0x00, 0x00, 0x00, 0x00,
    0x70, 0x88, 0x80, 0x80, 0x70, 0x08, 0x08, 0x88, 0x70, 0x20, 0x40, 0x00,
    0x00, 0x00, 0x00, 0x00, 0x70, 0x88, 0x60, 0x10, 0x88, 0x70, 0x20, 0x40,
    0x00, 0x48, 0x30, 0x00, 0x70, 0x88, 0x80, 0x70, 0x08, 0x88, 0x70, 0x00,
    0x00, 0x00, 0x00, 0x90, 0x60, 0x00, 0x70, 0x88, 0x60, 0x10, 0x88, 0x70,
    0x00, 0x00, 0x00, 0x00, 0xf8, 0x20, 0x20, 0x20, 0x20, 0x20, 0x20, 0x20,
    0x20, 0x10, 0x20, 0x00, 0x00, 0x00, 0x40, 0x40, 0xf0, 0x40, 0x40, 0x40,
    0x48, 0x30, 0x20, 0x40, 0x00, 0x48, 0x30, 0x00, 0xf8, 0x20, 0x20, 0x20,
    0x20, 0x20, 0x20, 0x00, 0x00, 0x00, 0x90, 0x60, 0x00, 0x40, 0xf0, 0x40,
    0x40, 0x40, 0x48, 0x30, 0x00, 0x00, 0x00, 0x00, 0xf8, 0x20, 0x20, 0x70,
    0x20, 0x20, 0x20, 0x20, 0x20, 0x00, 0x00, 0x00, 0x00, 0x00, 0x40, 0x40,
    0xf0, 0x40, 0xe0, 0x40, 0x48, 0x30, 0x00, 0x00, 0x00, 0x28, 0x50, 0x00,
    0x88, 0x88, 0x88, 0x88, 0x88, 0x88, 0x70, 0x00, 0x00, 0x00, 0x00, 0x28,
    0x50, 0x00, 0x88, 0x88, 0x88, 0x88, 0x98, 0x68, 0x00, 0x00, 0x00, 0xf8,
    0x00, 0x88, 0x88, 0x88, 0x88, 0x88, 0x88, 0x88, 0x70, 0x00, 0x00, 0x00,
    0x00, 0x00, 0xf8, 0x00, 0x88, 0x88, 0x88, 0x88, 0x98, 0x68, 0x00, 0x00,
    0x00, 0x88, 0x70, 0x00, 0x88, 0x88, 0x88, 0x88, 0x88, 0x88, 0x70, 0x00,
    0x00, 0x00, 0x00, 0x88, 0x70, 0x00, 0x88, 0x88, 0x88, 0x88, 0x98, 0x68,
    0x00, 0x00, 0x20, 0x50, 0x20, 0x00, 0x88, 0x88, 0x88, 0x88, 0x88, 0x88,
    0x70, 0x00, 0x00, 0x00, 0x20, 0x50, 0x20, 0x00, 0x88, 0x88, 0x88, 0x88,
    0x98, 0x68, 0x00, 0x00, 0x00, 0x48, 0x90, 0x00, 0x88, 0x88, 0x88, 0x88,
    0x88, 0x88, 0x70, 0x00, 0x00, 0x00, 0x00, 0x48, 0x90, 0x00, 0x88, 0x88,
    0x88, 0x88, 0x98, 0x68, 0x00, 0x00, 0x00, 0x00, 0x88, 0x88, 0x88, 0x88,
    0x88, 0x88, 0x88, 0x88, 0x70, 0x20, 0x10, 0x00, 0x00, 0x00, 0x00, 0x00,
    0x88, 0x88, 0x88, 0x88, 0x98, 0x68, 0x20, 0x10, 0x00, 0x30, 0x48, 0x00,
    0x88, 0x88, 0x88, 0xa8, 0xa8, 0xd8, 0x88, 0x00, 0x00, 0x00, 0x00, 0x30,
    0x48, 0x00, 0x88, 0x88, 0xa8, 0xa8, 0xa8, 0x50, 0x00, 0x00, 0x00, 0x30,
    0x48, 0x00, 0x88, 0x50, 0x50, 0x20, 0x20, 0x20, 0x20, 0x00, 0x00, 0x00,
    0x00, 0x30, 0x48, 0x00, 0x88, 0x88, 0x88, 0x98, 0x68, 0x08, 0x88, 0x70,
    0x00, 0x50, 0x50, 0x00, 0x88, 0x50, 0x50, 0x20, 0x20, 0x20, 0x20, 0x00,
    0x00, 0x00, 0x10, 0x20, 0x00, 0xf8, 0x08, 0x10, 0x20, 0x40, 0x80, 0xf8,
    0x00, 0x00, 0x00, 0x00, 0x10, 0x20, 0x00, 0xf8, 0x10, 0x20, 0x40, 0x80,
    0xf8, 0x00, 0x00, 0x00, 0x20, 0x20, 0x00, 0xf8, 0x08, 0x10, 0x20, 0x40,
    0x80, 0xf8, 0x00, 0x00, 0x00, 0x00, 0x20, 0x20, 0x00, 0xf8, 0x10, 0x20,
    0x40, 0x80, 0xf8, 0x00, 0x00, 0x00, 0x48, 0x30, 0x00, 0xf8, 0x08, 0x10,
    0x20, 0x40, 0x80, 0xf8, 0x00, 0x00, 0x00, 0x00, 0x48, 0x30, 0x00, 0xf8,
    0x10, 0x20, 0x40, 0x80, 0xf8, 0x00, 0x00, 0x00, 0x00, 0x30, 0x48, 0x40,
    0x40, 0xc0, 0x40, 0x40, 0x40, 0x40, 0x00, 0x00, 0x00, 0x00, 0x40, 0xe0,
    0x40, 0x70, 0x48, 0x48, 0x48, 0x48, 0x70, 0x00, 0x00, 0x00, 0x00, 0x70,
    0xa8, 0x28, 0x28, 0x30, 0x28, 0x28, 0x28, 0x70, 0x00, 0x00, 0x00, 0x00,
    0xf8, 0x88, 0x80, 0x80, 0xf0, 0x88, 0x88, 0x88, 0xf0, 0x00, 0x00, 0x00,
    0x00, 0x78, 0x48, 0x40, 0x40, 0x70, 0x48, 0x48, 0x48, 0x70, 0x00, 0x00,
    0x00, 0x00, 0x40, 0xc0, 0x40, 0x40, 0x70, 0x48, 0x48, 0x48, 0x70, 0x00,
    0x00, 0x00, 0x00, 0x40, 0xc0, 0x40, 0x40, 0x60, 0x50, 0x50, 0x50, 0x60,
    0x00, 0x00, 0x00, 0x00, 0x70, 0x88, 0x08, 0x08, 0x08, 0x08, 0x08, 0x88,
    0x70, 0x00, 0x00, 0x00, 0x04, 0x78, 0x88, 0x80, 0x80, 0x80, 0x80, 0x80,
    0x88, 0x70, 0x00, 0x00, 0x00, 0x00, 0x00, 0x00, 0x04, 0x78, 0x88, 0x80,
    0x80, 0x88, 0x70, 0x00, 0x00, 0x00, 0x00, 0xf0, 0x48, 0x48, 0x48, 0xe8,
    0x48, 0x48, 0x48, 0xf0, 0x00, 0x00, 0x00, 0x00, 0x70, 0xa8, 0x28, 0x28,
    0x28, 0x28, 0x28, 0x28, 0x70, 0x00, 0x00, 0x00, 0x00, 0xf8, 0x88, 0x08,
    0x08, 0x78, 0x88, 0x88, 0x88, 0x78, 0x00, 0x00, 0x00, 0x00, 0x78, 0x48,
    0x08, 0x08, 0x38, 0x48, 0x48, 0x48, 0x38, 0x00, 0x00, 0x00, 0x00, 0x00,
    0x00, 0x00, 0x70, 0x88, 0x88, 0x88, 0x70, 0x08, 0x88, 0x70, 0x00, 0x00,
    0xf8, 0x08, 0x08, 0x08, 0x78, 0x08, 0x08, 0x08, 0xf8, 0x00, 0x00, 0x00,
    0x00, 0x70, 0x88, 0x08, 0x08, 0xf8, 0x88, 0x88, 0x88, 0x70, 0x00, 0x00,
    0x00, 0x00, 0x70, 0x88, 0x80, 0x80, 0x60, 0x80, 0x88, 0x88, 0x70, 0x00,
    0x00, 0x00, 0x00, 0x38, 0x20, 0x20, 0x20, 0x38, 0x20, 0x20, 0x20, 0x20,
    0xa0, 0x40, 0x00, 0x00, 0x10, 0x28, 0x20, 0x20, 0x70, 0x20, 0x20, 0x20,
    0x20, 0xa0, 0x40, 0x00, 0x04, 0x78, 0x88, 0x80, 0x80, 0x80, 0x98, 0x88,
    0x88, 0x70, 0x00, 0x00, 0x00, 0x00, 0x00, 0x00, 0x00, 0x88, 0x88, 0x50,
    0x20, 0x20, 0x50, 0x50, 0x20, 0x00, 0x00, 0x80, 0x80, 0x80, 0xc8, 0xa8,
    0xa8, 0xa8, 0xa8, 0x90, 0x00, 0x00, 0x00, 0x00, 0x60, 0x20, 0x20, 0x20,
    0x20, 0x20, 0x20, 0x28, 0x10, 0x00, 0x00, 0x00, 0x00, 0x70, 0x20, 0x20,
    0x20, 0x70, 0x20, 0x20, 0x20, 0x70, 0x00, 0x00, 0x00, 0x00, 0x88, 0x94,
    0x90, 0xa0, 0xc0, 0xa0, 0x90, 0x88, 0x88, 0x00, 0x00, 0x00, 0x00, 0x40,
    0xa0, 0x80, 0x90, 0xa0, 0xc0, 0xa0, 0x90, 0x88, 0x00, 0x00, 0x00, 0x00,
    0x60, 0x20, 0x20, 0x20, 0x70, 0x20, 0x20, 0x20, 0x70, 0x00, 0x00, 0x00,
    0x00, 0x90, 0x60, 0x40, 0xa0, 0x20, 0x50, 0x50, 0x88, 0x88, 0x00, 0x00,
    0x00, 0x00, 0xa8, 0xa8, 0xa8, 0xa8, 0xa8, 0xa8, 0xa8, 0xa8, 0x58, 0x00,
    0x00, 0x00, 0x00, 0x48, 0x48, 0x68, 0x68, 0x78, 0x58, 0x58, 0x48, 0x48,
    0xc0, 0x40, 0x00, 0x00, 0x00, 0x00, 0x00, 0xb0, 0xc8, 0x88, 0x88, 0x88,
    0x88, 0x08, 0x08, 0x00, 0x00, 0x70, 0x88, 0x88, 0x88, 0xf8, 0x88, 0x88,
    0x88, 0x70, 0x00, 0x00, 0x00, 0x00, 0x64, 0x94, 0x98, 0x90, 0x90, 0x90,
    0x90, 0x90, 0x60, 0x00, 0x00, 0x00, 0x00, 0x00, 0x00, 0x00, 0x64, 0x94,
    0x98, 0x90, 0x90, 0x60, 0x00, 0x00, 0x00, 0x00, 0x50, 0xa8, 0xa8, 0xa8,
    0xa8, 0xa8, 0xa8, 0xa8, 0x48, 0x00, 0x00, 0x00, 0x00, 0x00, 0x00, 0x00,
    0x50, 0xa8, 0xa8, 0xa8, 0xa8, 0x48, 0x08, 0x08, 0x00, 0x00, 0x70, 0xa8,
    0xa8, 0x28, 0x30, 0x20, 0x20, 0x20, 0x20, 0x00, 0x00, 0x00, 0x00, 0x40,
    0xa0, 0x80, 0xf0, 0x88, 0x88, 0x88, 0xf0, 0x80, 0x80, 0x80, 0x00, 0x00,
    0x80, 0x80, 0xf0, 0x88, 0x88, 0x88, 0xf0, 0xa0, 0x90, 0x08, 0x08, 0x00,
    0x00, 0x70, 0x88, 0x08, 0x08, 0x70, 0x80, 0x80, 0x88, 0x70, 0x00, 0x00,
    0x00, 0x00, 0x00, 0x00, 0x00, 0x70, 0x88, 0x30, 0x40, 0x88, 0x70, 0x00,
    0x00, 0x00, 0x00, 0xf8, 0x80, 0x40, 0x20, 0x10, 0x20, 0x40, 0x80, 0xf8,
    0x00, 0x00, 0x00, 0x00, 0x40, 0xa0, 0x60, 0x20, 0x20, 0x20, 0x20, 0x20,
    0x28, 0x10, 0x00, 0x00, 0x00, 0x00, 0x40, 0x40, 0xf0, 0x40, 0x40, 0x40,
    0x48, 0x30, 0x10, 0x20, 0x00, 0x00, 0x78, 0xa0, 0xa0, 0x20, 0x20, 0x20,
    0x20, 0x20, 0x20, 0x00, 0x00, 0x00, 0x00, 0x20, 0x50, 0x40, 0xf0, 0x40,
    0x40, 0x40, 0x48, 0x30, 0x00, 0x00, 0x00, 0x00, 0xf8, 0x20, 0x20, 0x20,
    0x20, 0x20, 0x20, 0x20, 0x20, 0x28, 0x10, 0x00, 0x00, 0x94, 0x94, 0x98,
    0x90, 0x90, 0x90, 0x90, 0x90, 0x60, 0x00, 0x00, 0x00, 0x00, 0x00, 0x00,
    0x00, 0x94, 0x94, 0x98, 0x90, 0xb0, 0x50, 0x00, 0x00, 0x00, 0x00, 0xd8,
    0x50, 0x50, 0x88, 0x88, 0x88, 0x88, 0x88, 0x70, 0x00, 0x00, 0x00, 0x00,
    0x90, 0x88, 0x88, 0x88, 0x88, 0x88, 0x88, 0x88, 0x70, 0x00, 0x00, 0x00,
    0x00, 0x68, 0xa8, 0xa8, 0x28, 0x10, 0x10, 0x10, 0x10, 0x10, 0x00, 0x00,
    0x00, 0x00, 0x00, 0x00, 0x08, 0x94, 0x90, 0x90, 0x90, 0x70, 0x10, 0x90,
    0x60, 0x00, 0x00, 0xf8, 0x08, 0x10, 0x10, 0xf8, 0x40, 0x40, 0x80, 0xf8,
    0x00, 0x00, 0x00, 0x00, 0x00, 0x00, 0x00, 0xf8, 0x10, 0xf8, 0x40, 0x80,
    0xf8, 0x00, 0x00, 0x00, 0x00, 0xf8, 0x08, 0x10, 0x20, 0x70, 0x08, 0x08,
    0x88, 0x70, 0x00, 0x00, 0x00, 0x00, 0xf8, 0x80, 0x40, 0x20, 0x70, 0x80,
    0x80, 0x88, 0x70, 0x00, 0x00, 0x00, 0x00, 0x00, 0x00, 0x00, 0xf8, 0x40,
    0x20, 0x70, 0x80, 0x80, 0x88, 0x70, 0x00, 0x00, 0x00, 0x00, 0x00, 0xf8,
    0x10, 0x20, 0x70, 0x10, 0x60, 0x88, 0x70, 0x00, 0x00, 0x70, 0x88, 0x88,
    0x08, 0x10, 0xf8, 0x40, 0x80, 0xf8, 0x00, 0x00, 0x00, 0x00, 0xf8, 0x88,
    0x80, 0xb0, 0xc8, 0x08, 0x08, 0x88, 0x70, 0x00, 0x00, 0x00, 0x00, 0x78,
    0x48, 0x40, 0x50, 0x68, 0x08, 0x08, 0x48, 0x30, 0x00, 0x00, 0x00, 0x00,
    0x00, 0x00, 0x20, 0x20, 0x70, 0x20, 0x10, 0x50, 0x20, 0x00, 0x00, 0x00,
    0x00, 0x00, 0x00, 0x00, 0x50, 0x68, 0x48, 0x48, 0x50, 0x60, 0x40, 0xc0,
    0x00, 0x00, 0x20, 0x20, 0x20, 0x20, 0x20, 0x20, 0x20, 0x20, 0x20, 0x20,
    0x20, 0x00, 0x00, 0x50, 0x50, 0x50, 0x50, 0x50, 0x50, 0x50, 0x50, 0x50,
    0x50, 0x50, 0x00, 0x00, 0x00, 0x00, 0x20, 0x20, 0xf8, 0x20, 0xf8, 0x20,
    0x20, 0x00, 0x00, 0x00, 0x00, 0x20, 0x20, 0x20, 0x20, 0x20, 0x20, 0x20,
    0x00, 0x20, 0x00, 0x00, 0x00, 0x28, 0x10, 0x00, 0xd8, 0xa8, 0xa8, 0xb0,
    0xb0, 0xb0, 0xd8, 0x00, 0x00, 0x00, 0x00, 0x28, 0x10, 0xc0, 0xa0, 0xb8,
    0xa8, 0xa8, 0xb0, 0xd8, 0x00, 0x00, 0x00, 0x28, 0x10, 0x00, 0x20, 0x20,
    0x78, 0xa8, 0xa8, 0xb0, 0x78, 0x00, 0x00, 0x00, 0x00, 0x88, 0x88, 0x88,
    0x88, 0x88, 0x88, 0x88, 0xa8, 0xf0, 0x00, 0x00, 0x00, 0x00, 0x80, 0x88,
    0x80, 0x98, 0x88, 0x88, 0x88, 0x88, 0xf8, 0x28, 0x10, 0x00, 0x00, 0xc0,
    0x48, 0x40, 0x58, 0x48, 0x48, 0x48, 0x48, 0xe8, 0x28, 0x10, 0x00, 0x00,
    0xb8, 0xa8, 0xe8, 0xe8, 0xe8, 0xe8, 0xe8, 0xb8, 0xb8, 0x00, 0x00, 0x00,
    0x00, 0xa0, 0xa8, 0xe0, 0xf8, 0xe8, 0xe8, 0xe8, 0xa8, 0xa8, 0x28, 0x10,
    0x00, 0x00, 0x00, 0x08, 0x00, 0xc8, 0xa8, 0xa8, 0xa8, 0xa8, 0xa8, 0x28,
    0x10, 0x00, 0x48, 0x30, 0x00, 0x20, 0x50, 0x88, 0x88, 0xf8, 0x88, 0x88,
    0x00, 0x00, 0x00, 0x00, 0x48, 0x30, 0x00, 0x70, 0x08, 0x78, 0x88, 0x98,
    0x68, 0x00, 0x00, 0x00, 0x48, 0x30, 0x00, 0x70, 0x20, 0x20, 0x20, 0x20,
    0x20, 0x70, 0x00, 0x00, 0x00, 0x00, 0x90, 0x60, 0x00, 0x60, 0x20, 0x20,
    0x20, 0x20, 0x70, 0x00, 0x00, 0x00, 0x48, 0x30, 0x00, 0x70, 0x88, 0x88,
    0x88, 0x88, 0x88, 0x70, 0x00, 0x00, 0x00, 0x00, 0x48, 0x30, 0x00, 0x70,
    0x88, 0x88, 0x88, 0x88, 0x70, 0x00, 0x00, 0x00, 0x48, 0x30, 0x00, 0x88,
    0x88, 0x88, 0x88, 0x88, 0x88, 0x70, 0x00, 0x00, 0x00, 0x00, 0x48, 0x30,
    0x00, 0x88, 0x88, 0x88, 0x88, 0x98, 0x68, 0x00, 0x00, 0x00, 0xf8, 0x00,
    0x50, 0x00, 0x88, 0x88, 0x88, 0x88, 0x88, 0x70, 0x00, 0x00, 0x00, 0xf8,
    0x00, 0x50, 0x50, 0x00, 0x88, 0x88, 0x88, 0x98, 0x68, 0x00, 0x00, 0x10,
    0x20, 0x00, 0x50, 0x00, 0x88, 0x88, 0x88, 0x88, 0x88, 0x70, 0x00, 0x00,
    0x10, 0x20, 0x00, 0x50, 0x50, 0x00, 0x88, 0x88, 0x88, 0x98, 0x68, 0x00,
    0x00, 0x48, 0x30, 0x00, 0x50, 0x00, 0x88, 0x88, 0x88, 0x88, 0x88, 0x70,
    0x00, 0x00, 0x48, 0x30, 0x00, 0x50, 0x50, 0x00, 0x88, 0x88, 0x88, 0x98,
    0x68, 0x00, 0x00, 0x40, 0x20, 0x00, 0x50, 0x00, 0x88, 0x88, 0x88, 0x88,
    0x88, 0x70, 0x00, 0x00, 0x40, 0x20, 0x00, 0x50, 0x50, 0x00, 0x88, 0x88,
    0x88, 0x98, 0x68, 0x00, 0x00, 0x00, 0x00, 0x00, 0x00, 0x00, 0x70, 0x88,
    0x08, 0xf8, 0x88, 0x70, 0x00, 0x00, 0xf8, 0x00, 0x50, 0x00, 0x20, 0x50,
    0x88, 0x88, 0xf8, 0x88, 0x88, 0x00, 0x00, 0xf8, 0x00, 0x50, 0x50, 0x00,
    0x70, 0x08, 0x78, 0x88, 0x98, 0x68, 0x00, 0x00, 0xf8, 0x00, 0x20, 0x00,
    0x20, 0x50, 0x88, 0x88, 0xf8, 0x88, 0x88, 0x00, 0x00, 0xf8, 0x00, 0x20,
    0x20, 0x00, 0x70, 0x08, 0x78, 0x88, 0x98, 0x68, 0x00, 0x00, 0x00, 0x00,
    0xf8, 0x00, 0x58, 0xa0, 0xa0, 0xf0, 0xa0, 0xa0, 0xb8, 0x00, 0x00, 0x00,
    0x00, 0x00, 0xf8, 0x00, 0x70, 0x28, 0x70, 0xa0, 0xa8, 0x50, 0x00, 0x00,
    0x00, 0x00, 0x60, 0x90, 0x80, 0x80, 0x80, 0xb0, 0xb8, 0x90, 0x60, 0x00,
    0x00, 0x00, 0x00, 0x00, 0x00, 0x00, 0x60, 0x90, 0x90, 0x90, 0x70, 0x10,
    0xf8, 0x60, 0x00, 0x48, 0x30, 0x00, 0x70, 0x88, 0x80, 0x98, 0x88, 0x88,
    0x70, 0x00, 0x00, 0x00, 0x48, 0x30, 0x00, 0x00, 0x70, 0x88, 0x88, 0x88,
    0x78, 0x08, 0x88, 0x70, 0x00, 0x48, 0x30, 0x00, 0x88, 0x90, 0xa0, 0xc0,
    0xa0, 0x90, 0x88, 0x00, 0x00, 0x00, 0x48, 0x30, 0x00, 0x80, 0x80, 0x90,
    0xa0, 0xc0, 0xa0, 0x90, 0x00, 0x00, 0x00, 0x00, 0x70, 0x88, 0x88, 0x88,
    0x88, 0x88, 0x88, 0x88, 0x70, 0x20, 0x10, 0x00, 0x00, 0x00, 0x00, 0x00,
    0x70, 0x88, 0x88, 0x88, 0x88, 0x70, 0x20, 0x10, 0x00, 0x00, 0xf8, 0x00,
    0x70, 0x88, 0x88, 0x88, 0x88, 0x88, 0x70, 0x20, 0x10, 0x00, 0x00, 0x00,
    0xf8, 0x00, 0x70, 0x88, 0x88, 0x88, 0x88, 0x70, 0x20, 0x10, 0x00, 0x48,
    0x30, 0x00, 0xf8, 0x10, 0x20, 0x70, 0x08, 0x88, 0x70, 0x00, 0x00, 0x00,
    0x00, 0x48, 0x30, 0x00, 0xf8, 0x10, 0x20, 0x70, 0x08, 0x08, 0x88, 0x70,
    0x00, 0x00, 0x48, 0x30, 0x00, 0x30, 0x10, 0x10, 0x10, 0x10, 0x90, 0x90,
    0x60, 0x00, 0x00, 0xd8, 0xa8, 0xa8, 0xa8, 0xa8, 0xb0, 0xb0, 0xb0, 0xd8,
    0x00, 0x00, 0x00, 0x00, 0xc0, 0xa0, 0xa0, 0xb8, 0xa8, 0xa8, 0xb0, 0xb0,
    0xd8, 0x00, 0x00, 0x00, 0x00, 0x20, 0x20, 0x20, 0x78, 0xa8, 0xa8, 0xb0,
    0xb0, 0x78, 0x00, 0x00, 0x00, 0x10, 0x20, 0x00, 0x70, 0x88, 0x80, 0x98,
    0x88, 0x88, 0x70, 0x00, 0x00, 0x00, 0x00, 0x10, 0x20, 0x00, 0x70, 0x88,
    0x88, 0x88, 0x78, 0x08, 0x88, 0x70, 0x00, 0x00, 0xa0, 0xa0, 0xa0, 0xa8,
    0xe8, 0xa8, 0xa8, 0xa8, 0x90, 0x00, 0x00, 0x00, 0x00, 0xb0, 0xc8, 0x88,
    0x88, 0x90, 0xa0, 0xc0, 0x80, 0x80, 0x80, 0x00, 0x00, 0x40, 0x20, 0x00,
    0x88, 0xc8, 0xc8, 0xa8, 0x98, 0x98, 0x88, 0x00, 0x00, 0x00, 0x00, 0x40,
    0x20, 0x00, 0xb0, 0xc8, 0x88, 0x88, 0x88, 0x88, 0x00, 0x00, 0x10, 0x20,
    0x00, 0x20, 0x50, 0x20, 0x20, 0x50, 0x88, 0xf8, 0x88, 0x00, 0x00, 0x10,
    0x20, 0x30, 0x48, 0x30, 0x70, 0x08, 0x78, 0x88, 0x98, 0x68, 0x00, 0x00,
    0x00, 0x10, 0x20, 0x00, 0x58, 0xa0, 0xa0, 0xf0, 0xa0, 0xa0, 0xb8, 0x00,
    0x00, 0x00, 0x00, 0x10, 0x20, 0x00, 0x70, 0x28, 0x70, 0xa0, 0xa8, 0x50,
    0x00, 0x00, 0x00, 0x10, 0x20, 0x08, 0x70, 0x98, 0x98, 0xa8, 0xc8, 0xc8,
    0x70, 0x80, 0x00, 0x00, 0x00, 0x10, 0x20, 0x08, 0x70, 0x98, 0xa8, 0xa8,
    0xc8, 0x70, 0x80, 0x00, 0x00, 0x90, 0x48, 0x00, 0x20, 0x50, 0x88, 0x88,
    0xf8, 0x88, 0x88, 0x00, 0x00, 0x00, 0x00, 0x90, 0x48, 0x00, 0x70, 0x08,
    0x78, 0x88, 0x98, 0x68, 0x00, 0x00, 0x00, 0x70, 0x88, 0x00, 0x20, 0x50,
    0x88, 0x88, 0xf8, 0x88, 0x88, 0x00, 0x00, 0x00, 0x00, 0x70, 0x88, 0x00,
    0x70, 0x08, 0x78, 0x88, 0x98, 0x68, 0x00, 0x00, 0x00, 0x90, 0x48, 0x00,
    0xf8, 0x80, 0x80, 0xf0, 0x80, 0x80, 0xf8, 0x00, 0x00, 0x00, 0x00, 0x90,
    0x48, 0x00, 0x70, 0x88, 0xf8, 0x80, 0x88, 0x70, 0x00, 0x00, 0x00, 0x70,
    0x88, 0x00, 0xf8, 0x80, 0x80, 0xf0, 0x80, 0x80, 0xf8, 0x00, 0x00, 0x00,
    0x00, 0x70, 0x88, 0x00, 0x70, 0x88, 0xf8, 0x80, 0x88, 0x70, 0x00, 0x00,
    0x00, 0x90, 0x48, 0x00, 0x70, 0x20, 0x20, 0x20, 0x20, 0x20, 0x70, 0x00,
    0x00, 0x00, 0x00, 0x90, 0x48, 0x00, 0x60, 0x20, 0x20, 0x20, 0x20, 0x70,
    0x00, 0x00, 0x00, 0x70, 0x88, 0x00, 0x70, 0x20, 0x20, 0x20, 0x20, 0x20,
    0x70, 0x00, 0x00, 0x00, 0x00, 0x70, 0x88, 0x00, 0x60, 0x20, 0x20, 0x20,
    0x20, 0x70, 0x00, 0x00, 0x00, 0x90, 0x48, 0x00, 0x70, 0x88, 0x88, 0x88,
    0x88, 0x88, 0x70, 0x00, 0x00, 0x00, 0x00, 0x90, 0x48, 0x00, 0x70, 0x88,
    0x88, 0x88, 0x88, 0x70, 0x00, 0x00, 0x00, 0x70, 0x88, 0x00, 0x70, 0x88,
    0x88, 0x88, 0x88, 0x88, 0x70, 0x00, 0x00, 0x00, 0x00, 0x70, 0x88, 0x00,
    0x70, 0x88, 0x88, 0x88, 0x88, 0x70, 0x00, 0x00, 0x00, 0x90, 0x48, 0x00,
    0xf0, 0x88, 0x88, 0xf0, 0x90, 0x88, 0x88, 0x00, 0x00, 0x00, 0x00, 0x90,
    0x48, 0x00, 0xb0, 0xc8, 0x80, 0x80, 0x80, 0x80, 0x00, 0x00, 0x00, 0x70,
    0x88, 0x00, 0xf0, 0x88, 0x88, 0xf0, 0x90, 0x88, 0x88, 0x00, 0x00, 0x00,
    0x00, 0x70, 0x88, 0x00, 0xb0, 0xc8, 0x80, 0x80, 0x80, 0x80, 0x00, 0x00,
    0x00, 0x90, 0x48, 0x00, 0x88, 0x88, 0x88, 0x88, 0x88, 0x88, 0x70, 0x00,
    0x00, 0x00, 0x00, 0x90, 0x48, 0x00, 0x88, 0x88, 0x88, 0x88, 0x98, 0x68,
    0x00, 0x00, 0x00, 0x70, 0x88, 0x00, 0x88, 0x88, 0x88, 0x88, 0x88, 0x88,
    0x70, 0x00, 0x00, 0x00, 0x00, 0x70, 0x88, 0x00, 0x88, 0x88, 0x88, 0x88,
    0x98, 0x68, 0x00, 0x00, 0x00, 0x00, 0x70, 0x88, 0x80, 0x80, 0x70, 0x08,
    0x08, 0x88, 0x70, 0x20, 0x40, 0x00, 0x00, 0x00, 0x00, 0x00, 0x70, 0x88,
    0x60, 0x10, 0x88, 0x70, 0x20, 0x40, 0x00, 0x00, 0xf8, 0x20, 0x20, 0x20,
    0x20, 0x20, 0x20, 0x20, 0x20, 0x10, 0x20, 0x00, 0x00, 0x00, 0x40, 0x40,
    0xf0, 0x40, 0x40, 0x40, 0x48, 0x30, 0x10, 0x20, 0x00, 0x00, 0xf0, 0x88,
    0x08, 0x10, 0x30, 0x48, 0x08, 0x10, 0xe0, 0x00, 0x00, 0x00, 0x00, 0x00,
    0x00, 0x00, 0xf0, 0x88, 0x10, 0x30, 0x48, 0x08, 0x10, 0xe0, 0x00, 0x48,
    0x30, 0x00, 0x88, 0x88, 0x88, 0xf8, 0x88, 0x88, 0x88, 0x00, 0x00, 0x00,
    0x48, 0x30, 0x00, 0x80, 0x80, 0xb0, 0xc8, 0x88, 0x88, 0x88, 0x00, 0x00,
    0x00, 0x00, 0xb0, 0xc8, 0x88, 0x88, 0x88, 0x88, 0x88, 0x88, 0x88, 0x08,
    0x08, 0x00, 0x00, 0x10, 0x48, 0x88, 0x88, 0x70, 0x88, 0x88, 0x88, 0x70,
    0x00, 0x00, 0x00, 0x00, 0x00, 0x00, 0x50, 0x88, 0x88, 0x70, 0x88, 0x88,
    0x70, 0x00, 0x00, 0x00, 0x00, 0xf8, 0x08, 0x10, 0x10, 0x20, 0x40, 0x40,
    0x80, 0xf8, 0x08, 0x10, 0x00, 0x00, 0x00, 0x00, 0x00, 0xf8, 0x10, 0x20,
    0x40, 0x80, 0xf8, 0x08, 0x10, 0x00, 0x00, 0x20, 0x00, 0x20, 0x50, 0x88,
    0x88, 0xf8, 0x88, 0x88, 0x00, 0x00, 0x00, 0x00, 0x00, 0x20, 0x00, 0x70,
    0x08, 0x78, 0x88, 0x98, 0x68, 0x00, 0x00, 0x00, 0x00, 0xf8, 0x80, 0x80,
    0x80, 0xf0, 0x80, 0x80, 0x80, 0xf8, 0x10, 0x60, 0x00, 0x00, 0x00, 0x00,
    0x00, 0x70, 0x88, 0xf8, 0x80, 0x88, 0x70, 0x10, 0x60, 0x70, 0x00, 0x50,
    0x00, 0x70, 0x88, 0x88, 0x88, 0x88, 0x88, 0x70, 0x00, 0x00, 0x00, 0x70,
    0x00, 0x50, 0x00, 0x70, 0x88, 0x88, 0x88, 0x88, 0x70, 0x00, 0x00, 0x78,
    0x00, 0x28, 0x50, 0x70, 0x88, 0x88, 0x88, 0x88, 0x88, 0x70, 0x00, 0x00,
    0x78, 0x00, 0x28, 0x50, 0x00, 0x70, 0x88, 0x88, 0x88, 0x88, 0x70, 0x00,
    0x00, 0x00, 0x00, 0x20, 0x00, 0x70, 0x88, 0x88, 0x88, 0x88, 0x88, 0x70,
    0x00, 0x00, 0x00, 0x00, 0x00, 0x20, 0x00, 0x70, 0x88, 0x88, 0x88, 0x88,
    0x70, 0x00, 0x00, 0x70, 0x00, 0x20, 0x00, 0x70, 0x88, 0x88, 0x88, 0x88,
    0x88, 0x70, 0x00, 0x00, 0x00, 0x70, 0x00, 0x20, 0x00, 0x70, 0x88, 0x88,
    0x88, 0x88, 0x70, 0x00, 0x00, 0x00, 0x70, 0x00, 0x88, 0x88, 0x50, 0x50,
    0x20, 0x20, 0x20, 0x20, 0x00, 0x00, 0x00, 0x00, 0x00, 0x70, 0x00, 0x88,
    0x88, 0x88, 0x98, 0x68, 0x08, 0x88, 0x70, 0x00, 0x00, 0x00, 0x00, 0x00,
    0xb0, 0xc8, 0x88, 0xf0, 0x80, 0x70, 0x00, 0x00, 0x00, 0x00, 0x00, 0x00,
    0x00, 0x68, 0x98, 0x88, 0x88, 0x98, 0x68, 0x00, 0x00, 0x00, 0x00, 0x00,
    0x00, 0x00, 0xb0, 0xc8, 0x88, 0x88, 0xc8, 0xb0, 0x00, 0x00, 0x00, 0x00,
    0x60, 0x90, 0x80, 0xf0, 0x88, 0x88, 0x88, 0x88, 0xf0, 0x00, 0x00, 0x00,
    0x00, 0x00, 0x00, 0x00, 0x70, 0x88, 0x08, 0x08, 0x88, 0x70, 0x00, 0x00,
    0x00, 0x00, 0x00, 0x00, 0x00, 0x70, 0x88, 0x80, 0xb0, 0xc8, 0x70, 0x80,
    0x00, 0x00, 0x00, 0x10, 0x10, 0x10, 0x70, 0x90, 0x90, 0x90, 0x90, 0x70,
    0x14, 0x08, 0x00, 0x08, 0x14, 0x10, 0x10, 0x70, 0x90, 0x90, 0x90, 0x90,
    0x70, 0x00, 0x00, 0x00, 0x00, 0x00, 0x00, 0x00, 0x70, 0x88, 0xf8, 0x08,
    0x88, 0x70, 0x00, 0x00, 0x00, 0x00, 0x00, 0x00, 0x00, 0x70, 0x88, 0x08,
    0xf8, 0x88, 0x70, 0x00, 0x00, 0x00, 0x00, 0x00, 0x00, 0x00, 0x60, 0x98,
    0x34, 0x50, 0x90, 0x60, 0x00, 0x00, 0x00, 0x00, 0x00, 0x00, 0x00, 0x70,
    0x88, 0x60, 0x80, 0x88, 0x70, 0x00, 0x00, 0x00, 0x00, 0x00, 0x00, 0x00,
    0x70, 0x88, 0x30, 0x08, 0x88, 0x70, 0x00, 0x00, 0x00, 0x00, 0x00, 0x00,
    0x00, 0x60, 0x98, 0x24, 0x10, 0x90, 0x60, 0x00, 0x00, 0x00, 0x00, 0x00,
    0x00, 0x00, 0x70, 0x88, 0xb0, 0x88, 0x88, 0x70, 0x00, 0x00, 0x00, 0x00,
    0x00, 0x00, 0x10, 0x10, 0x10, 0x10, 0x78, 0x10, 0x10, 0x90, 0x60, 0x00,
    0x00, 0x08, 0x14, 0x10, 0x70, 0x90, 0x90, 0x90, 0x70, 0x10, 0x90, 0x60,
    0x00, 0x00, 0x00, 0x00, 0x00, 0x78, 0x88, 0x88, 0x88, 0x78, 0x08, 0x88,
    0x70, 0x00, 0x00, 0x00, 0x00, 0x00, 0x70, 0x88, 0x80, 0x98, 0x88, 0x70,
    0x00, 0x00, 0x00, 0x00, 0x00, 0x00, 0x00, 0x88, 0x88, 0x50, 0x50, 0x20,
    0x20, 0x50, 0x20, 0x00, 0x00, 0x00, 0x00, 0x00, 0x50, 0xa8, 0x20, 0x50,
    0x50, 0x20, 0x00, 0x00, 0x00, 0x00, 0x00, 0x00, 0x00, 0x88, 0x88, 0x88,
    0x88, 0x98, 0x68, 0x08, 0x08, 0x00, 0x00, 0x60, 0x90, 0x80, 0xb0, 0xc8,
    0x88, 0x88, 0x88, 0x88, 0x00, 0x00, 0x00, 0x00, 0x60, 0x90, 0x80, 0xb0,
    0xc8, 0x88, 0x88, 0x88, 0x88, 0x28, 0x10, 0x00, 0x00, 0x00, 0x20, 0x00,
    0x60, 0x20, 0x70, 0x20, 0x20, 0x70, 0x00, 0x00, 0x00, 0x00, 0x00, 0x00,
    0x00, 0x60, 0x20, 0x20, 0x20, 0x28, 0x10, 0x00, 0x00, 0x00, 0x00, 0x00,
    0x00, 0x00, 0x70, 0x20, 0x20, 0x20, 0x20, 0x70, 0x00, 0x00, 0x00, 0x00,
    0x60, 0x20, 0x20, 0x68, 0xb0, 0x20, 0x20, 0x20, 0x70, 0x00, 0x00, 0x00,
    0x00, 0x60, 0x20, 0x20, 0x60, 0xa0, 0x78, 0x20, 0x20, 0x70, 0x00, 0x00,
    0x00, 0x00, 0x60, 0x20, 0x20, 0x20, 0x20, 0x20, 0x20, 0x20, 0x20, 0x28,
    0x10, 0x00, 0x00, 0xc0, 0x40, 0x40, 0x78, 0x48, 0x50, 0x70, 0x48, 0xe8,
    0x08, 0x30, 0x00, 0x00, 0x00, 0x00, 0x00, 0x88, 0xa8, 0xa8, 0xa8, 0xa8,
    0x58, 0x00, 0x00, 0x00, 0x00, 0x00, 0x00, 0x00, 0x88, 0xa8, 0xa8, 0xa8,
    0xa8, 0x58, 0x08, 0x08, 0x00, 0x00, 0x00, 0x00, 0x00, 0xd0, 0xa8, 0xa8,
    0xa8, 0xa8, 0x88, 0x28, 0x10, 0x00, 0x00, 0x00, 0x00, 0x00, 0x50, 0x68,
    0x48, 0x48, 0x48, 0x48, 0x40, 0x80, 0x00, 0x00, 0x00, 0x00, 0x00, 0xa0,
    0xd0, 0x90, 0x90, 0x90, 0x90, 0x14, 0x08, 0x00, 0x00, 0x00, 0x00, 0x00,
    0x88, 0xc8, 0xa8, 0xa8, 0x98, 0x88, 0x00, 0x00, 0x00, 0x00, 0x00, 0x00,
    0x00, 0x70, 0x88, 0xf8, 0x88, 0x88, 0x70, 0x00, 0x00, 0x00, 0x00, 0x00,
    0x00, 0x00, 0x78, 0xa0, 0xb0, 0xa0, 0xa0, 0x78, 0x00, 0x00, 0x00, 0x00,
    0x00, 0x00, 0x00, 0x70, 0x88, 0xa8, 0xa8, 0xa8, 0x50, 0x00, 0x00, 0x00,
    0x00, 0x00, 0x20, 0x20, 0x70, 0xa8, 0xa8, 0xa8, 0xa8, 0x70, 0x20, 0x20,
    0x00, 0x00, 0x00, 0x00, 0x00, 0x08, 0x08, 0x08, 0x08, 0x98, 0x68, 0x00,
    0x00, 0x00, 0x00, 0x08, 0x08, 0x08, 0x08, 0x08, 0x08, 0x08, 0x98, 0x68,
    0x00, 0x00, 0x00, 0x00, 0x00, 0x00, 0x00, 0x10, 0x10, 0x10, 0x10, 0xb0,
    0x50, 0x14, 0x08, 0x00, 0x00, 0x00, 0x00, 0x00, 0xb0, 0xc8, 0x80, 0x80,
    0x80, 0x80, 0x80, 0x80, 0x00, 0x00, 0x00, 0x00, 0x00, 0xb0, 0xc8, 0x80,
    0x80, 0x80, 0x80, 0xa0, 0x40, 0x00, 0x00, 0x00, 0x00, 0x00, 0x30, 0x48,
    0x80, 0x80, 0x80, 0x80, 0x00, 0x00, 0x00, 0x00, 0x00, 0x00, 0x00, 0x60,
    0x90, 0x08, 0x08, 0x08, 0x08, 0x00, 0x00, 0x00, 0x00, 0x00, 0x00, 0x00,
    0xf0, 0x88, 0xf0, 0xa0, 0x90, 0x88, 0x00, 0x00, 0x00, 0x00, 0x00, 0x00,
    0x00, 0x88, 0x90, 0xa0, 0xf0, 0x88, 0xf0, 0x00, 0x00, 0x00, 0x00, 0x00,
    0x00, 0x00, 0x78, 0x80, 0x70, 0x08, 0x08, 0xf0, 0x80, 0x40, 0x00, 0x00,
    0x10, 0x28, 0x20, 0x20, 0x20, 0x20, 0x20, 0x20, 0x20, 0xa0, 0x40, 0x00,
    0x00, 0x10, 0x28, 0x20, 0x20, 0x20, 0x20, 0x70, 0x20, 0x20, 0xa0, 0x40,
    0x00, 0x00, 0x00, 0x00, 0x00, 0x40, 0xa0, 0x20, 0x20, 0x20, 0x20, 0x28,
    0x10, 0x00, 0x00, 0x10, 0x28, 0x20, 0x20, 0x20, 0x20, 0x20, 0x60, 0xb0,
    0xa8, 0x40, 0x00, 0x00, 0x00, 0x00, 0x00, 0x60, 0x90, 0x10, 0x10, 0x10,
    0x78, 0x10, 0x10, 0x00, 0x00, 0x00, 0x40, 0x40, 0xf0, 0x40, 0x40, 0x40,
    0x40, 0x40, 0x48, 0x30, 0x00, 0x00, 0x00, 0x00, 0x00, 0x48, 0x48, 0xfc,
    0x48, 0x58, 0x28, 0x00, 0x00, 0x00, 0x00, 0x00, 0x00, 0x00, 0xd8, 0x50,
    0x88, 0x88, 0x88, 0x70, 0x00, 0x00, 0x00, 0x00, 0x00, 0x00, 0x00, 0x90,
    0x88, 0x88, 0x88, 0x90, 0x60, 0x00, 0x00, 0x00, 0x00, 0x00, 0x00, 0x00,
    0x20, 0x50, 0x50, 0x88, 0x88, 0x88, 0x00, 0x00, 0x00, 0x00, 0x00, 0x00,
    0x00, 0x50, 0xa8, 0xa8, 0xa8, 0x88, 0x88, 0x00, 0x00, 0x00, 0x00, 0x08,
    0x10, 0x10, 0x20, 0x20, 0x50, 0x50, 0x88, 0x88, 0x00, 0x00, 0x00, 0x00,
    0x00, 0x00, 0x00, 0x88, 0x50, 0x50, 0x20, 0x20, 0x20, 0x00, 0x00, 0x00,
    0x00, 0x00, 0x00, 0x00, 0xf8, 0x10, 0x20, 0x40, 0x80, 0xf8, 0x10, 0x08,
    0x00, 0x00, 0x00, 0x00, 0x00, 0xf8, 0x10, 0x20, 0x50, 0xa8, 0xf0, 0x40,
    0x00, 0x00, 0x00, 0x00, 0x00, 0x00, 0xf8, 0x10, 0x20, 0x70, 0x08, 0x08,
    0x88, 0x70, 0x00, 0x00, 0x00, 0x00, 0x00, 0xf8, 0x10, 0x20, 0x70, 0x08,
    0x68, 0x98, 0x78, 0x00, 0x00, 0x30, 0x48, 0x08, 0x08, 0x30, 0x20, 0x20,
    0x20, 0x70, 0x00, 0x00, 0x00, 0x00, 0x30, 0x48, 0x40, 0x40, 0x30, 0x10,
    0x10, 0x10, 0x38, 0x00, 0x00, 0x00, 0x00, 0x70, 0x20, 0x20, 0x20, 0x30,
    0x08, 0x08, 0x48, 0x30, 0x00, 0x00, 0x00, 0x00, 0x00, 0x70, 0x88, 0x80,
    0x80, 0x80, 0x80, 0x80, 0x80, 0x88, 0x70, 0x00, 0x00, 0x00, 0x00, 0x00,
    0x00, 0x70, 0x88, 0xa8, 0x88, 0x70, 0x00, 0x00, 0x00, 0x00, 0x00, 0x00,
    0x00, 0xf0, 0x88, 0xf0, 0x88, 0x88, 0xf0, 0x00, 0x00, 0x00, 0x00, 0x00,
    0x00, 0x00, 0x70, 0x88, 0x68, 0x88, 0x88, 0x70, 0x00, 0x00, 0x00, 0x00,
    0x00, 0x00, 0x04, 0x78, 0x88, 0x80, 0x98, 0x88, 0x70, 0x00, 0x00, 0x00,
    0x00, 0x00, 0x00, 0x00, 0x88, 0x88, 0xf8, 0x88, 0x88, 0x88, 0x00, 0x00,
    0x00, 0x00, 0x00, 0x10, 0x00, 0x30, 0x10, 0x10, 0x10, 0x10, 0x70, 0x98,
    0x68, 0x00, 0x00, 0x00, 0x00, 0x00, 0x88, 0x48, 0x28, 0x18, 0x28, 0x48,
    0x08, 0x08, 0x00, 0x00, 0x00, 0x00, 0x00, 0x40, 0x40, 0x40, 0x40, 0x40,
    0x78, 0x00, 0x00, 0x00, 0x00, 0x00, 0x08, 0x14, 0x70, 0x90, 0x90, 0x90,
    0x70, 0x10, 0x10, 0x10, 0x00, 0x00, 0x30, 0x48, 0x08, 0x08, 0x30, 0x20,
    0x70, 0x20, 0x70, 0x00, 0x00, 0x00, 0x00, 0x30, 0x48, 0x40, 0x40, 0x30,
    0x10, 0x38, 0x10, 0x38, 0x00, 0x00, 0x00, 0x00, 0x20, 0x20, 0x20, 0x78,
    0xa8, 0xa8, 0xb0, 0xb0, 0x78, 0x00, 0x00, 0x00, 0x00, 0x20, 0x20, 0x20,
    0x78, 0xa8, 0xa8, 0xb0, 0xb0, 0x68, 0x08, 0x30, 0x00, 0x00, 0x20, 0x20,
    0x20, 0x78, 0xa8, 0xa8, 0xbc, 0xb4, 0x78, 0x10, 0x20, 0x00, 0x00, 0x00,
    0x40, 0x40, 0xe0, 0x58, 0x60, 0x50, 0x48, 0x30, 0x00, 0x00, 0x00, 0x00,
    0x08, 0x50, 0x50, 0xf8, 0x50, 0x50, 0x50, 0x50, 0x30, 0x50, 0x20, 0x00,
    0x00, 0x00, 0x40, 0x40, 0xe0, 0x58, 0x60, 0x68, 0x74, 0x38, 0x20, 0x40,
    0x00, 0x00, 0x60, 0x90, 0x80, 0x80, 0xf0, 0xa8, 0xa8, 0xa8, 0xa8, 0x08,
    0x30, 0x00, 0x00, 0x80, 0x80, 0x80, 0xb0, 0xc8, 0xa0, 0x90, 0xc8, 0xb0,
    0x00, 0x00, 0x00, 0x00, 0x80, 0x80, 0x80, 0xf8, 0x88, 0x90, 0xa0, 0xc0,
    0xf8, 0x00, 0x00, 0x00, 0x00, 0xa8, 0xa8, 0x50, 0x50, 0x00, 0xa8, 0xa8,
    0x50, 0x50, 0x00, 0x00, 0x00, 0x00, 0x00, 0x00, 0x78, 0x48, 0x00, 0x78,
    0x48, 0x00, 0x00, 0x00, 0x00, 0x00, 0x00, 0x40, 0x50, 0x68, 0x48, 0x48,
    0x00, 0x00, 0x00, 0x00, 0x00, 0x00, 0x00, 0x20, 0x40, 0x50, 0x68, 0x48,
    0x48, 0x00, 0x00, 0x00, 0x00, 0x00, 0x00, 0x00, 0x10, 0x00, 0x10, 0x10,
    0x50, 0x20, 0x00, 0x00, 0x00, 0x00, 0x00, 0x00, 0x00, 0x00, 0x50, 0x60,
    0x40, 0x40, 0x40, 0x00, 0x00, 0x00, 0x00, 0x00, 0x00, 0x00, 0x00, 0x10,
    0x10, 0x10, 0x30, 0x50, 0x00, 0x00, 0x00, 0x00, 0x00, 0x00, 0x00, 0x00,
    0x10, 0x10, 0x10, 0x30, 0x50, 0x08, 0x00, 0x00, 0x00, 0x00, 0x00, 0x00,
    0x00, 0x50, 0x50, 0x60, 0x50, 0x60, 0x00, 0x00, 0x00, 0x00, 0x00, 0x00,
    0x00, 0x00, 0x88, 0xa8, 0xa8, 0x50, 0x00, 0x00, 0x00, 0x00, 0x00, 0x00,
    0x00, 0x00, 0x00, 0x50, 0x50, 0x20, 0x20, 0x40, 0x00, 0x00, 0x00, 0x00,
    0x00, 0x00, 0x00, 0x00, 0x20, 0x20, 0x40, 0x00, 0x00, 0x00, 0x00, 0x00,
    0x00, 0x00, 0x00, 0x00, 0x00, 0x28, 0x28, 0x50, 0x00, 0x00, 0x00, 0x00,
    0x00, 0x00, 0x00, 0x00, 0x00, 0x00, 0x10, 0x20, 0x30, 0x00, 0x00, 0x00,
    0x00, 0x00, 0x00, 0x00, 0x00, 0x00, 0x00, 0x30, 0x10, 0x20, 0x00, 0x00,
    0x00, 0x00, 0x00, 0x00, 0x00, 0x00, 0x00, 0x00, 0x30, 0x20, 0x10, 0x00,
    0x00, 0x00, 0x00, 0x00, 0x00, 0x00, 0x00, 0x00, 0x20, 0x10, 0x10, 0x20,
    0x00, 0x00, 0x00, 0x00, 0x00, 0x00, 0x00, 0x00, 0x00, 0x10, 0x20, 0x20,
    0x10, 0x00, 0x00, 0x00, 0x00, 0x00, 0x00, 0x00, 0x00, 0x00, 0x20, 0x50,
    0x10, 0x20, 0x20, 0x00, 0x00, 0x00, 0x00, 0x00, 0x00, 0x00, 0x00, 0x20,
    0x50, 0x40, 0x20, 0x20, 0x00, 0x00, 0x00, 0x00, 0x00, 0x00, 0x00, 0x00,
    0x10, 0x20, 0x40, 0x20, 0x10, 0x00, 0x00, 0x00, 0x00, 0x00, 0x00, 0x00,
    0x00, 0x40, 0x20, 0x10, 0x20, 0x40, 0x00, 0x00, 0x00, 0x00, 0x00, 0x00,
    0x00, 0x00, 0x20, 0x50, 0x88, 0x00, 0x00, 0x00, 0x00, 0x00, 0x00, 0x00,
    0x00, 0x00, 0x00, 0x88, 0x50, 0x20, 0x00, 0x00, 0x00, 0x00, 0x00, 0x00,
    0x00, 0x00, 0x00, 0x00, 0x30, 0x48, 0x00, 0x00, 0x00, 0x00, 0x00, 0x00,
    0x00, 0x00, 0x00, 0x00, 0x00, 0x48, 0x30, 0x00, 0x00, 0x00, 0x00, 0x00,
    0x00, 0x00, 0x00, 0x00, 0x00, 0x00, 0x00, 0x20, 0x20, 0x20, 0x00, 0x00,
    0x00, 0x00, 0x00, 0x00, 0x00, 0x00, 0x00, 0x00, 0x78, 0x00, 0x00, 0x00,
    0x00, 0x00, 0x00, 0x00, 0x00, 0x00, 0x00, 0x00, 0x00, 0x10, 0x20, 0x00,
    0x00, 0x00, 0x00, 0x00, 0x00, 0x00, 0x00, 0x00, 0x00, 0x00, 0x20, 0x10,
    0x00, 0x00, 0x00, 0x00, 0x00, 0x00, 0x00, 0x00, 0x00, 0x00, 0x00, 0x00,
    0x00, 0x00, 0x00, 0x00, 0x00, 0x20, 0x20, 0x20, 0x00, 0x00, 0x00, 0x00,
    0x00, 0x00, 0x00, 0x00, 0x00, 0x00, 0x00, 0x00, 0x00, 0x00, 0x70, 0x00,
    0x00, 0x00, 0x00, 0x00, 0x00, 0x00, 0x00, 0x00, 0x00, 0x00, 0x20, 0x10,
    0x00, 0x00, 0x00, 0x00, 0x00, 0x00, 0x00, 0x00, 0x00, 0x00, 0x00, 0x20,
    0x40, 0x00, 0x00, 0x00, 0x00, 0x00, 0x70, 0x20, 0x00, 0x00, 0x20, 0x70,
    0x00, 0x00, 0x00, 0x00, 0x00, 0x00, 0x00, 0x70, 0x20, 0x00, 0x00, 0x00,
    0x00, 0x00, 0x00, 0x00, 0x00, 0x00, 0x00, 0x00, 0x20, 0x10, 0x10, 0x20,
    0x00, 0x00, 0x00, 0x00, 0x00, 0x00, 0x00, 0x00, 0x00, 0x20, 0x40, 0x40,
    0x20, 0x00, 0x00, 0x00, 0x00, 0x00, 0x00, 0x00, 0x00, 0x20, 0x20, 0xf8,
    0x00, 0x00, 0x00, 0x00, 0x00, 0x00, 0x00, 0x00, 0x00, 0x00, 0x00, 0x00,
    0xf8, 0x20, 0x20, 0x00, 0x00, 0x00, 0x00, 0x00, 0x00, 0x00, 0x00, 0x20,
    0x20, 0xf8, 0x20, 0x20, 0x00, 0x00, 0x00, 0x00, 0x00, 0x00, 0x00, 0x00,
    0x00, 0x88, 0xf8, 0x88, 0x00, 0x00, 0x00, 0x00, 0x00, 0x00, 0x88, 0x70,
    0x00, 0x00, 0x00, 0x00, 0x00, 0x00, 0x00, 0x00, 0x00, 0x00, 0x00, 0x20,
    0x20, 0x00, 0x00, 0x00, 0x00, 0x00, 0x00, 0x00, 0x00, 0x00, 0x00, 0x00,
    0x20, 0x50, 0x20, 0x00, 0x00, 0x00, 0x00, 0x00, 0x00, 0x00, 0x00, 0x00,
    0x00, 0x00, 0x00, 0x00, 0x00, 0x00, 0x00, 0x00, 0x00, 0x00, 0x00, 0x20,
    0x10, 0x00, 0x28, 0x50, 0x00, 0x00, 0x00, 0x00, 0x00, 0x00, 0x00, 0x00,
    0x00, 0x00, 0x00, 0x48, 0x90, 0x00, 0x00, 0x00, 0x00, 0x00, 0x00, 0x00,
    0x00, 0x00, 0x00, 0x00, 0x00, 0x00, 0x00, 0x00, 0x40, 0xc8, 0x30, 0x00,
    0x00, 0x00, 0x00, 0x00, 0x50, 0x20, 0x50, 0x00, 0x00, 0x00, 0x00, 0x00,
    0x00, 0x00, 0x00, 0x00, 0x00, 0x00, 0x00, 0x48, 0x30, 0x30, 0x30, 0x30,
    0x00, 0x00, 0x00, 0x00, 0x00, 0x00, 0x00, 0x60, 0x20, 0x20, 0x20, 0x70,
    0x00, 0x00, 0x00, 0x00, 0x00, 0x00, 0x00, 0x00, 0x00, 0x30, 0x40, 0x20,
    0x10, 0x60, 0x00, 0x00, 0x00, 0x00, 0x00, 0x00, 0x00, 0x00, 0x48, 0x30,
    0x30, 0x48, 0x00, 0x00, 0x00, 0x00, 0x00, 0x00, 0x00, 0x00, 0x00, 0x30,
    0x48, 0x40, 0x40, 0x30, 0x10, 0x38, 0x00, 0x00, 0x00, 0x00, 0x00, 0x00,
    0x70, 0x10, 0x10, 0x10, 0x10, 0x10, 0x10, 0x10, 0x10, 0x10, 0x10, 0x00,
    0x00, 0x10, 0x10, 0x70, 0x10, 0x10, 0x10, 0x10, 0x10, 0x10, 0x10, 0x10,
    0x00, 0x00, 0x10, 0x10, 0x10, 0x10, 0x10, 0x70, 0x10, 0x10, 0x10, 0x10,
    0x10, 0x00, 0x00, 0x10, 0x10, 0x10, 0x10, 0x10, 0x10, 0x10, 0x10, 0x70,
    0x10, 0x10, 0x00, 0x00, 0x10, 0x10, 0x10, 0x10, 0x10, 0x10, 0x10, 0x10,
    0x10, 0x10, 0x70, 0x00, 0x00, 0x00, 0x00, 0x00, 0x00, 0x00, 0x00, 0x40,
    0x40, 0x70, 0x00, 0x00, 0x00, 0x00, 0x00, 0x00, 0x00, 0x00, 0x40, 0x40,
    0x70, 0x40, 0x40, 0x00, 0x00, 0x00, 0x00, 0x00, 0x00, 0x00, 0x00, 0x00,
    0x00, 0x00, 0x00, 0x88, 0x50, 0x20, 0x00, 0x00, 0xf8, 0x00, 0xf8, 0x00,
    0x00, 0x00, 0x00, 0x00, 0x00, 0x00, 0x00, 0x00, 0x00, 0xd8, 0x48, 0x90,
    0x00, 0x00, 0x00, 0x00, 0x00, 0x00, 0x00, 0x00, 0x00, 0x20, 0x10, 0x00,
    0x00, 0x00, 0x00, 0x00, 0x00, 0x00, 0x00, 0x00, 0x00, 0x00, 0x10, 0x20,
    0x00, 0x00, 0x00, 0x00, 0x00, 0x00, 0x00, 0x00, 0x00, 0x00, 0x00, 0x30,
    0x48, 0x00, 0x00, 0x00, 0x00, 0x00, 0x00, 0x00, 0x00, 0x00, 0x00, 0x00,
    0x28, 0x50, 0x00, 0x00, 0x00, 0x00, 0x00, 0x00, 0x00, 0x00, 0x00, 0x00,
    0x00, 0x00, 0xf8, 0x00, 0x00, 0x00, 0x00, 0x00, 0x00, 0x00, 0x00, 0x00,
    0x00, 0x00, 0x00, 0xfc, 0x00, 0x00, 0x00, 0x00, 0x00, 0x00, 0x00, 0x00,
    0x00, 0x00, 0x00, 0x88, 0x70, 0x00, 0x00, 0x00, 0x00, 0x00, 0x00, 0x00,
    0x00, 0x00, 0x00, 0x00, 0x20, 0x20, 0x00, 0x00, 0x00, 0x00, 0x00, 0x00,
    0x00, 0x00, 0x00, 0x00, 0x00, 0x50, 0x50, 0x00, 0x00, 0x00, 0x00, 0x00,
    0x00, 0x00, 0x00, 0x00, 0x00, 0x20, 0x50, 0x10, 0x20, 0x20, 0x00, 0x00,
    0x00, 0x00, 0x00, 0x00, 0x00, 0x00, 0x20, 0x50, 0x20, 0x00, 0x00, 0x00,
    0x00, 0x00, 0x00, 0x00, 0x00, 0x00, 0x00, 0x00, 0x48, 0x90, 0x00, 0x00,
    0x00, 0x00, 0x00, 0x00, 0x00, 0x00, 0x00, 0x00, 0x00, 0x48, 0x30, 0x00,
    0x00, 0x00, 0x00, 0x00, 0x00, 0x00, 0x00, 0x00, 0x00, 0x00, 0x20, 0x20,
    0x20, 0x00, 0x00, 0x00, 0x00, 0x00, 0x00, 0x00, 0x00, 0x00, 0x00, 0x50,
    0x50, 0x50, 0x00, 0x00, 0x00, 0x00, 0x00, 0x00, 0x00, 0x00, 0x00, 0x00,
    0x90, 0x48, 0x00, 0x00, 0x00, 0x00, 0x00, 0x00, 0x00, 0x00, 0x00, 0x00,
    0x20, 0x20, 0x88, 0x70, 0x00, 0x00, 0x00, 0x00, 0x00, 0x00, 0x00, 0x00,
    0x00, 0x00, 0x70, 0x88, 0x00, 0x00, 0x00, 0x00, 0x00, 0x00, 0x00, 0x00,
    0x00, 0x00, 0x00, 0x10, 0x20, 0x60, 0x00, 0x00, 0x00, 0x00, 0x00, 0x00,
    0x00, 0x00, 0x00, 0x00, 0x30, 0x20, 0x40, 0x00, 0x00, 0x00, 0x00, 0x00,
    0x00, 0x00, 0x00, 0x00, 0x00, 0x60, 0x20, 0x10, 0x00, 0x00, 0x00, 0x00,
    0x00, 0x00, 0x00, 0x00, 0x00, 0x00, 0x0c, 0x08, 0x10, 0x00, 0x00, 0x00,
    0x00, 0x00, 0x00, 0x00, 0x00, 0x00, 0x00, 0x00, 0x00, 0x00, 0x00, 0x00,
    0x00, 0x00, 0x00, 0x00, 0x00, 0x20, 0x10, 0x00, 0x00, 0x00, 0x00, 0x00,
    0x00, 0x00, 0x00, 0x00, 0x00, 0x00, 0x10, 0x20, 0x00, 0x00, 0x00, 0x00,
    0x00, 0x00, 0x00, 0x00, 0x00, 0x00, 0x10, 0x30, 0x10, 0x00, 0x00, 0x00,
    0x00, 0x00, 0x00, 0x00, 0x00, 0x00, 0x00, 0x20, 0x30, 0x20, 0x00, 0x1c,
    0x04, 0x04, 0x00, 0x00, 0x00, 0x00, 0x00, 0x00, 0x00, 0x00, 0x00, 0x00,
    0x00, 0x04, 0x04, 0x08, 0x00, 0x00, 0x00, 0x00, 0x00, 0x00, 0x00, 0x00,
    0x00, 0x00, 0x00, 0x00, 0x00, 0x00, 0x00, 0x00, 0x00, 0x00, 0x10, 0x20,
    0x10, 0x00, 0x00, 0x00, 0x00, 0x00, 0x00, 0x00, 0x00, 0x00, 0x00, 0x00,
    0x20, 0x70, 0x00, 0x00, 0x00, 0x00, 0x00, 0x00, 0x00, 0x00, 0x00, 0x00,
    0x00, 0x70, 0x20, 0x00, 0x00, 0x00, 0x00, 0x00, 0x00, 0x00, 0x00, 0x00,
    0x00, 0x20, 0x70, 0x20, 0x00, 0x00, 0x00, 0x00, 0x00, 0x00, 0x00, 0x00,
    0x00, 0x00, 0x00, 0x00, 0x70, 0x00, 0x00, 0x00, 0x00, 0x00, 0x00, 0x00,
    0x00, 0x00, 0x00, 0x08, 0x28, 0x10, 0x00, 0x00, 0x00, 0x00, 0x00, 0x00,
    0x00, 0x00, 0x00, 0x00, 0x08, 0x08, 0x04, 0x00, 0x00, 0x00, 0x00, 0x00,
    0x00, 0x00, 0x00, 0x00, 0x00, 0x00, 0x00, 0x20, 0x00, 0x00, 0x00, 0x00,
    0x00, 0x00, 0x00, 0x00, 0x00, 0x00, 0x00, 0x00, 0x50, 0x00, 0x00, 0x00,
    0x00, 0x00, 0x00, 0x00, 0x00, 0x00, 0x00, 0x20, 0x50, 0x20, 0x00, 0x00,
    0x00, 0x00, 0x00, 0x00, 0x00, 0x00, 0x00, 0x00, 0x00, 0x10, 0x20, 0x00,
    0x00, 0x00, 0x00, 0x00, 0x00, 0x00, 0x00, 0x00, 0x00, 0x00, 0x10, 0x20,
    0x00, 0x00, 0x00, 0x00, 0x00, 0x00, 0x00, 0x00, 0x00, 0x00, 0x00, 0x20,
    0x10, 0x00, 0x00, 0x00, 0x00, 0x00, 0x00, 0x00, 0x00, 0x00, 0x00, 0x00,
    0x20, 0x20, 0x00, 0x00, 0x00, 0x00, 0x00, 0x00, 0x00, 0x00, 0x00, 0x00,
    0x00, 0x78, 0x48, 0x00, 0x00, 0x00, 0x00, 0x00, 0x00, 0x00, 0x00, 0x00,
    0x00, 0x00, 0xa8, 0x50, 0x00, 0x00, 0x00, 0x00, 0x00, 0x00, 0x00, 0x00,
    0x00, 0x00, 0x00, 0x48, 0x30, 0x00, 0x00, 0x00, 0x00, 0x00, 0x00, 0x00,
    0x00, 0x00, 0x00, 0x00, 0x30, 0x48, 0x00, 0x00, 0x00, 0x00, 0x00, 0x00,
    0x00, 0x00, 0x00, 0x00, 0x00, 0x88, 0x70, 0x00, 0x00, 0x00, 0x00, 0x00,
    0x00, 0x00, 0x00, 0x00, 0x00, 0x00, 0x70, 0x88, 0x00, 0x00, 0x00, 0x00,
    0x00, 0x00, 0x00, 0x00, 0x00, 0x00, 0x00, 0x28, 0x50, 0x00, 0x00, 0x00,
    0x00, 0x00, 0x00, 0x00, 0x00, 0x00, 0x00, 0x00, 0x00, 0xf8, 0x00, 0x00,
    0x00, 0x00, 0x00, 0x00, 0x00, 0x00, 0x00, 0x00, 0x00, 0x00, 0xfc, 0x00,
    0x00, 0x00, 0x00, 0x00, 0x00, 0x00, 0x00, 0x00, 0x00, 0xfc, 0x00, 0xfc,
    0x00, 0x00, 0x00, 0x00, 0x00, 0x00, 0x00, 0x28, 0x50, 0x00, 0x00, 0x00,
    0x00, 0x00, 0x00, 0x00, 0x00, 0x00, 0x00, 0x00, 0x70, 0x00, 0x00, 0x00,
    0x00, 0x00, 0x00, 0x00, 0x00, 0x00, 0x00, 0x00, 0x00, 0xf8, 0x00, 0x00,
    0x00, 0x00, 0x00, 0x00, 0x00, 0x00, 0x00, 0x00, 0x00, 0x10, 0x20, 0x40,
    0x00, 0x00, 0x00, 0x00, 0x00, 0x00, 0x08, 0x08, 0x10, 0x10, 0x20, 0x40,
    0x40, 0x80, 0x80, 0x00, 0x00, 0x00, 0x00, 0x00, 0x00, 0x00, 0x00, 0x00,
    0x00, 0x00, 0x00, 0x20, 0x10, 0x20, 0x00, 0x00, 0x00, 0x00, 0x00, 0x00,
    0x00, 0x00, 0x00, 0x00, 0x00, 0x48, 0x78, 0x00, 0x00, 0x00, 0x00, 0x00,
    0x00, 0x00, 0x00, 0x00, 0x00, 0x70, 0x50, 0x70, 0x00, 0x00, 0x00, 0x00,
    0x00, 0x00, 0x00, 0x00, 0x00, 0x00, 0x00, 0x50, 0xa8, 0x50, 0x20, 0x50,
    0x00, 0x00, 0x00, 0x00, 0x00, 0x00, 0x00, 0x00, 0x00, 0x00, 0x10, 0x20,
    0x10, 0x20, 0x00, 0x00, 0x00, 0x00, 0x00, 0x00, 0x00, 0x00, 0x00, 0xfc,
    0x00, 0xfc, 0x00, 0x00, 0x00, 0x00, 0x00, 0x00, 0x00, 0x00, 0x00, 0x00,
    0x00, 0x80, 0x40, 0x00, 0x00, 0x00, 0x00, 0x00, 0x00, 0x00, 0x00, 0x00,
    0x00, 0x00, 0x04, 0x08, 0x00, 0x00, 0x00, 0x00, 0x00, 0x00, 0x00, 0x00,
    0x00, 0x00, 0x68, 0xb0, 0x00, 0x00, 0x00, 0x00, 0x00, 0x00, 0x00, 0x00,
    0x00, 0x00, 0x00, 0x00, 0x30, 0x10, 0x20, 0x00, 0x00, 0x00, 0x00, 0x00,
    0x00, 0x00, 0x00, 0x00, 0x00, 0x10, 0x20, 0xd8, 0x00, 0x00, 0x00, 0x00,
    0x00, 0x00, 0x00, 0x00, 0x00, 0x00, 0x00, 0x00, 0x00, 0x00, 0x00, 0x00,
    0x00, 0x00, 0x00, 0x00, 0x00, 0x20, 0x00, 0x70, 0x50, 0x00, 0x00, 0x00,
    0x00, 0x00, 0x00, 0x00, 0x00, 0x00, 0x00, 0x00, 0x00, 0x00, 0x00, 0x00,
    0x00, 0x00, 0x00, 0x00, 0x00, 0x70, 0x00, 0x70, 0x00, 0x00, 0x00, 0x00,
    0x00, 0x00, 0x00, 0x00, 0x00, 0x00, 0x00, 0x50, 0x50, 0x00, 0x00, 0x00,
    0x00, 0x00, 0x00, 0x00, 0x00, 0x00, 0x00, 0x00, 0x30, 0x10, 0x10, 0x68,
    0xb0, 0x40, 0x00, 0x00, 0x00, 0x00, 0x00, 0x00, 0x00, 0x00, 0x00, 0x10,
    0x00, 0x68, 0xb0, 0x00, 0x40, 0x00, 0x00, 0x00, 0x00, 0x00, 0x00, 0x00,
    0x28, 0x50, 0x28, 0x50, 0x00, 0x00, 0x00, 0x00, 0x00, 0x00, 0x00, 0x00,
    0x00, 0x00, 0x00, 0x00, 0x00, 0x00, 0x00, 0x00, 0x00, 0x00, 0x00, 0x50,
    0xf8, 0x50, 0x00, 0x00, 0x00, 0x00, 0x00, 0x00, 0x00, 0x00, 0x00, 0x00,
    0x00, 0x20, 0x70, 0x00, 0x00, 0x00, 0x00, 0x00, 0x00, 0x00, 0x00, 0x00,
    0x00, 0x00, 0x00, 0x00, 0x00, 0x30, 0x4c, 0x00, 0x00, 0x00, 0x00, 0x00,
    0x00, 0x00, 0x00, 0x00, 0x00, 0x00, 0x38, 0x44, 0x00, 0x00, 0x00, 0x00,
    0x00, 0x00, 0x00, 0x00, 0x00, 0x00, 0x00, 0x00, 0x00, 0x00, 0x00, 0x00,
    0x00, 0x00, 0x00, 0x00, 0x08, 0xfc, 0x08, 0x20, 0x10, 0x30, 0x50, 0x30,
    0x00, 0x00, 0x00, 0x00, 0x00, 0x00, 0x00, 0x00, 0x20, 0x50, 0x70, 0x40,
    0x30, 0x00, 0x00, 0x00, 0x00, 0x00, 0x00, 0x00, 0x00, 0x20, 0x00, 0x20,
    0x20, 0x00, 0x00, 0x00, 0x00, 0x00, 0x00, 0x00, 0x00, 0x00, 0x30, 0x48,
    0x48, 0x30, 0x00, 0x00, 0x00, 0x00, 0x00, 0x00, 0x00, 0x00, 0x00, 0x50,
    0x50, 0x30, 0x00, 0x00, 0x00, 0x00, 0x00, 0x00, 0x00, 0x00, 0x00, 0x00,
    0x30, 0x40, 0x30, 0x00, 0x00, 0x00, 0x00, 0x00, 0x00, 0x00, 0x00, 0x00,
    0x00, 0x10, 0x30, 0x50, 0x30, 0x00, 0x00, 0x00, 0x00, 0x00, 0x00, 0x00,
    0x00, 0x00, 0x40, 0x60, 0x50, 0x00, 0x00, 0x00, 0x00, 0x00, 0x00, 0x00,
    0x00, 0x00, 0x00, 0xd0, 0xa8, 0xa8, 0x00, 0x00, 0x00, 0x00, 0x00, 0x00,
    0x00, 0x00, 0x00, 0x00, 0x50, 0x60, 0x40, 0x40, 0x00, 0x00, 0x00, 0x00,
    0x00, 0x00, 0x00, 0x00, 0x00, 0x20, 0x70, 0x20, 0x30, 0x00, 0x00, 0x00,
    0x00, 0x00, 0x00, 0x00, 0x00, 0x00, 0x50, 0x50, 0x20, 0x20, 0x00, 0x00,
    0x00, 0x00, 0x00, 0x00, 0x00, 0x00, 0x00, 0x50, 0x20, 0x50, 0x00, 0x00,
    0x00, 0x00, 0x00, 0x00, 0x00, 0x00, 0x00, 0x00, 0x00, 0x00, 0x10, 0x20,
    0x00, 0x00, 0x00, 0x00, 0x00, 0x00, 0x00, 0x00, 0x00, 0x00, 0x00, 0x00,
    0x00, 0x00, 0x00, 0x00, 0x00, 0x00, 0x00, 0x00, 0x10, 0x20, 0x00, 0x00,
    0x00, 0x00, 0x00, 0x00, 0x00, 0x00, 0x00, 0x00, 0x00, 0x20, 0x30, 0x00,
    0x00, 0x00, 0x00, 0x20, 0x70, 0x20, 0x00, 0x00, 0x30, 0x20, 0x40, 0x00,
    0x00, 0x00, 0x10, 0x20, 0x00, 0x00, 0x00, 0x00, 0x00, 0x00, 0x00, 0x00,
    0x00, 0x00, 0x10, 0x20, 0xd8, 0x00, 0x00, 0x00, 0x00, 0x00, 0x00, 0x00,
    0x00, 0x00, 0x00, 0x00, 0x50, 0xa8, 0x28, 0x28, 0x28, 0x38, 0x28, 0x28,
    0x28, 0x00, 0x00, 0x00, 0x00, 0x00, 0x00, 0x00, 0x20, 0x70, 0x20, 0x00,
    0x00, 0x00, 0x00, 0x00, 0x00, 0x00, 0x78, 0xa0, 0x20, 0x20, 0x30, 0x20,
    0x20, 0x20, 0x38, 0x00, 0x00, 0x00, 0x00, 0x68, 0xa8, 0x28, 0x28, 0x38,
    0x28, 0x28, 0x28, 0x28, 0x00, 0x00, 0x00, 0x00, 0x78, 0x90, 0x10, 0x10,
    0x10, 0x10, 0x10, 0x10, 0x38, 0x00, 0x00, 0x00, 0x00, 0x50, 0xa8, 0x28,
    0x28, 0x28, 0x28, 0x28, 0x28, 0x10, 0x00, 0x00, 0x00, 0x00, 0x68, 0xa8,
    0x28, 0x28, 0x10, 0x10, 0x10, 0x10, 0x10, 0x00, 0x00, 0x00, 0x00, 0x50,
    0xa8, 0x28, 0x28, 0x28, 0x28, 0x10, 0x10, 0x28, 0x00, 0x00, 0x00, 0x10,
    0x20, 0xd8, 0x00, 0x20, 0x20, 0x20, 0x20, 0x28, 0x10, 0x00, 0x00, 0x00,
    0x00, 0x20, 0x50, 0x88, 0x88, 0x88, 0xf8, 0x88, 0x88, 0x88, 0x00, 0x00,
    0x00, 0x00, 0xf0, 0x88, 0x88, 0x88, 0xf0, 0x88, 0x88, 0x88, 0xf0, 0x00,
    0x00, 0x00, 0x00, 0xf8, 0x80, 0x80, 0x80, 0x80, 0x80, 0x80, 0x80, 0x80,
    0x00, 0x00, 0x00, 0x00, 0x20, 0x20, 0x50, 0x50, 0x50, 0x88, 0x88, 0x88,
    0xf8, 0x00, 0x00, 0x00, 0x00, 0xf8, 0x80, 0x80, 0x80, 0xf0, 0x80, 0x80,
    0x80, 0xf8, 0x00, 0x00, 0x00, 0x00, 0xf8, 0x08, 0x10, 0x10, 0x20, 0x40,
    0x40, 0x80, 0xf8, 0x00, 0x00, 0x00, 0x00, 0x88, 0x88, 0x88, 0x88, 0xf8,
    0x88, 0x88, 0x88, 0x88, 0x00, 0x00, 0x00, 0x00, 0x70, 0x88, 0x88, 0x88,
    0xf8, 0x88, 0x88, 0x88, 0x70, 0x00, 0x00, 0x00, 0x00, 0x70, 0x20, 0x20,
    0x20, 0x20, 0x20, 0x20, 0x20, 0x70, 0x00, 0x00, 0x00, 0x00, 0x88, 0x88,
    0x90, 0xa0, 0xc0, 0xa0, 0x90, 0x88, 0x88, 0x00, 0x00, 0x00, 0x00, 0x20,
    0x20, 0x50, 0x50, 0x50, 0x88, 0x88, 0x88, 0x88, 0x00, 0x00, 0x00, 0x00,
    0x88, 0x88, 0xd8, 0xa8, 0xa8, 0x88, 0x88, 0x88, 0x88, 0x00, 0x00, 0x00,
    0x00, 0x88, 0xc8, 0xc8, 0xa8, 0xa8, 0x98, 0x98, 0x88, 0x88, 0x00, 0x00,
    0x00, 0x00, 0xf8, 0x00, 0x00, 0x00, 0x70, 0x00, 0x00, 0x00, 0xf8, 0x00,
    0x00, 0x00, 0x00, 0x70, 0x88, 0x88, 0x88, 0x88, 0x88, 0x88, 0x88, 0x70,
    0x00, 0x00, 0x00, 0x00, 0xf8, 0x88, 0x88, 0x88, 0x88, 0x88, 0x88, 0x88,
    0x88, 0x00, 0x00, 0x00, 0x00, 0xf0, 0x88, 0x88, 0x88, 0xf0, 0x80, 0x80,
    0x80, 0x80, 0x00, 0x00, 0x00, 0x00, 0xf8, 0x80, 0x40, 0x20, 0x10, 0x20,
    0x40, 0x80, 0xf8, 0x00, 0x00, 0x00, 0x00, 0xf8, 0x20, 0x20, 0x20, 0x20,
    0x20, 0x20, 0x20, 0x20, 0x00, 0x00, 0x00, 0x00, 0x88, 0x88, 0x50, 0x50,
    0x20, 0x20, 0x20, 0x20, 0x20, 0x00, 0x00, 0x00, 0x00, 0x20, 0x70, 0xa8,
    0xa8, 0xa8, 0xa8, 0x70, 0x20, 0x20, 0x00, 0x00, 0x00, 0x00, 0x88, 0x88,
    0x50, 0x50, 0x20, 0x50, 0x50, 0x88, 0x88, 0x00, 0x00, 0x00, 0x00, 0xa8,
    0xa8, 0xa8, 0xa8, 0xa8, 0x70, 0x20, 0x20, 0x20, 0x00, 0x00, 0x00, 0x00,
    0x70, 0x88, 0x88, 0x88, 0x88, 0x88, 0x50, 0x50, 0xd8, 0x00, 0x00, 0x00,
    0xd8, 0x00, 0x70, 0x20, 0x20, 0x20, 0x20, 0x20, 0x20, 0x70, 0x00, 0x00,
    0x00, 0xd8, 0x00, 0x88, 0x50, 0x50, 0x20, 0x20, 0x20, 0x20, 0x20, 0x00,
    0x00, 0x00, 0x00, 0x10, 0x20, 0x00, 0x70, 0x88, 0x88, 0x88, 0x98, 0x68,
    0x00, 0x00, 0x00, 0x00, 0x10, 0x20, 0x00, 0x70, 0x88, 0x60, 0x80, 0x88,
    0x70, 0x00, 0x00, 0x00, 0x00, 0x10, 0x20, 0x00, 0xb0, 0xc8, 0x88, 0x88,
    0x88, 0x88, 0x08, 0x08, 0x00, 0x00, 0x20, 0x40, 0x00, 0x40, 0x40, 0x40,
    0x40, 0x50, 0x20, 0x00, 0x00, 0x00, 0x10, 0x20, 0xd8, 0x00, 0x88, 0x88,
    0x88, 0x88, 0x88, 0x70, 0x00, 0x00, 0x00, 0x00, 0x00, 0x00, 0x00, 0x70,
    0x88, 0x88, 0x88, 0x98, 0x68, 0x00, 0x00, 0x00, 0x00, 0x60, 0x90, 0x90,
    0xf0, 0x88, 0x88, 0x88, 0xc8, 0xb0, 0x80, 0x80, 0x00, 0x00, 0x00, 0x00,
    0x00, 0x88, 0x88, 0x88, 0x50, 0x50, 0x20, 0x20, 0x20, 0x00, 0x00, 0x70,
    0x88, 0x40, 0x70, 0x88, 0x88, 0x88, 0x88, 0x70, 0x00, 0x00, 0x00, 0x00,
    0x00, 0x00, 0x00, 0x70, 0x88, 0x60, 0x80, 0x88, 0x70, 0x00, 0x00, 0x00,
    0x00, 0xf8, 0x20, 0x40, 0x40, 0x80, 0x80, 0x80, 0x80, 0x70, 0x08, 0x10,
    0x00, 0x00, 0x00, 0x00, 0x00, 0xb0, 0xc8, 0x88, 0x88, 0x88, 0x88, 0x08,
    0x08, 0x00, 0x00, 0x60, 0x90, 0x90, 0x90, 0xf0, 0x90, 0x90, 0x90, 0x60,
    0x00, 0x00, 0x00, 0x00, 0x00, 0x00, 0x00, 0x40, 0x40, 0x40, 0x40, 0x50,
    0x20, 0x00, 0x00, 0x00, 0x00, 0x00, 0x00, 0x00, 0x88, 0x90, 0xa0, 0xe0,
    0x90, 0x88, 0x00, 0x00, 0x00, 0x00, 0x70, 0x88, 0x08, 0x68, 0x98, 0x88,
    0x88, 0x88, 0x88, 0x00, 0x00, 0x00, 0x00, 0x00, 0x00, 0x00, 0x88, 0x88,
    0x88, 0x88, 0x98, 0xe8, 0x80, 0x80, 0x00, 0x00, 0x00, 0x00, 0x00, 0x88,
    0x88, 0x88, 0x50, 0x50, 0x20, 0x00, 0x00, 0x00, 0x00, 0xf8, 0x20, 0x40,
    0x40, 0x30, 0x40, 0x80, 0x80, 0x70, 0x08, 0x10, 0x00, 0x00, 0x00, 0x00,
    0x00, 0x70, 0x88, 0x88, 0x88, 0x88, 0x70, 0x00, 0x00, 0x00, 0x00, 0x00,
    0x00, 0x00, 0xf8, 0x50, 0x50, 0x50, 0x50, 0x50, 0x00, 0x00, 0x00, 0x00,
    0x00, 0x00, 0x00, 0x70, 0x88, 0x88, 0x88, 0x88, 0xf0, 0x80, 0x80, 0x00,
    0x00, 0x00, 0x00, 0x00, 0x70, 0x88, 0x80, 0x80, 0x80, 0x70, 0x08, 0x30,
    0x00, 0x00, 0x00, 0x00, 0x00, 0x78, 0x90, 0x88, 0x88, 0x88, 0x70, 0x00,
    0x00, 0x00, 0x00, 0x00, 0x00, 0x00, 0xf8, 0x20, 0x20, 0x20, 0x20, 0x10,
    0x00, 0x00, 0x00, 0x00, 0x00, 0x00, 0x00, 0x88, 0x88, 0x88, 0x88, 0x88,
    0x70, 0x00, 0x00, 0x00, 0x00, 0x00, 0x00, 0x00, 0xb0, 0xa8, 0xa8, 0xa8,
    0xa8, 0x70, 0x20, 0x20, 0x00, 0x00, 0x00, 0x00, 0x00, 0x88, 0x50, 0x50,
    0x20, 0x20, 0x50, 0x50, 0x88, 0x00, 0x00, 0x00, 0x00, 0x00, 0xa8, 0xa8,
    0xa8, 0xa8, 0xa8, 0x70, 0x20, 0x20, 0x00, 0x00, 0x00, 0x00, 0x00, 0x88,
    0xa8, 0xa8, 0xa8, 0xa8, 0x50, 0x00, 0x00, 0x00, 0x00, 0x00, 0xd8, 0x00,
    0x20, 0x20, 0x20, 0x20, 0x28, 0x10, 0x00, 0x00, 0x00, 0x00, 0x00, 0xd8,
    0x00, 0x88, 0x88, 0x88, 0x88, 0x88, 0x70, 0x00, 0x00, 0x00, 0x00, 0x10,
    0x20, 0x00, 0x70, 0x88, 0x88, 0x88, 0x88, 0x70, 0x00, 0x00, 0x00, 0x00,
    0x10, 0x20, 0x00, 0x88, 0x88, 0x88, 0x88, 0x88, 0x70, 0x00, 0x00, 0x00,
    0x00, 0x10, 0x20, 0x00, 0x88, 0xa8, 0xa8, 0xa8, 0xa8, 0x50, 0x00, 0x00,
    0x00, 0x00, 0x60, 0x90, 0x90, 0xb0, 0xc8, 0x88, 0x88, 0x88, 0x70, 0x00,
    0x00, 0x00, 0x00, 0x30, 0x48, 0x48, 0x3c, 0x08, 0xc8, 0x48, 0x48, 0x30,
    0x00, 0x00, 0x00, 0x00, 0x88, 0x54, 0x20, 0x20, 0x20, 0x20, 0x20, 0x20,
    0x20, 0x00, 0x00, 0x00, 0x00, 0x68, 0x14, 0x50, 0x90, 0x10, 0x10, 0x10,
    0x10, 0x10, 0x00, 0x00, 0x00, 0xd8, 0x00, 0x88, 0x54, 0x20, 0x20, 0x20,
    0x20, 0x20, 0x20, 0x00, 0x00, 0x00, 0x00, 0x00, 0x20, 0x20, 0x70, 0xa8,
    0xa8, 0xa8, 0xa8, 0x70, 0x20, 0x20, 0x00, 0x00, 0x00, 0x00, 0x00, 0xf8,
    0x88, 0xa8, 0xa8, 0xa8, 0x50, 0x00, 0x00, 0x00, 0x00, 0x40, 0x20, 0x00,
    0x88, 0x48, 0x50, 0x70, 0x50, 0x88, 0x08, 0x30, 0x00, 0x00, 0x70, 0x88,
    0x88, 0x88, 0x88, 0x88, 0x88, 0x88, 0x70, 0x20, 0x20, 0x00, 0x00, 0x00,
    0x00, 0x00, 0x70, 0x88, 0x88, 0x88, 0x88, 0x70, 0x20, 0x20, 0x00, 0x00,
    0x30, 0x48, 0x80, 0x80, 0x80, 0x80, 0x80, 0x70, 0x08, 0x10, 0x00, 0x00,
    0x00, 0x00, 0x00, 0x08, 0x70, 0x80, 0x80, 0x80, 0x80, 0x70, 0x08, 0x30,
    0x00, 0x00, 0xf8, 0x80, 0x80, 0x80, 0xe0, 0x80, 0x80, 0x80, 0x80, 0x00,
    0x00, 0x00, 0x00, 0x00, 0x00, 0x00, 0xf0, 0x80, 0x80, 0xe0, 0x80, 0x80,
    0x80, 0x80, 0x00, 0x00, 0x80, 0x80, 0x88, 0x98, 0xa8, 0xc8, 0x88, 0x08,
    0x08, 0x00, 0x00, 0x00, 0x00, 0x20, 0x20, 0x40, 0x40, 0x80, 0xf8, 0x08,
    0x10, 0x10, 0x20, 0x20, 0x00, 0x00, 0x20, 0x20, 0x50, 0x50, 0x50, 0x98,
    0xa8, 0xa8, 0xa8, 0x00, 0x00, 0x00, 0x00, 0xc0, 0x20, 0x10, 0x30, 0x48,
    0x98, 0x28, 0x48, 0x08, 0x08, 0x08, 0x00, 0x00, 0xa8, 0xa8, 0xa8, 0xa8,
    0xa8, 0xa8, 0xa8, 0x78, 0x08, 0xf0, 0x00, 0x00, 0x00, 0x00, 0x00, 0x00,
    0xa8, 0xa8, 0xa8, 0xa8, 0x78, 0x08, 0xf0, 0x00, 0x00, 0x00, 0x48, 0xa8,
    0x88, 0x88, 0x88, 0x78, 0x08, 0x08, 0x08, 0x00, 0x00, 0x00, 0x00, 0x00,
    0x00, 0x00, 0x48, 0xa8, 0x88, 0x78, 0x08, 0x08, 0x00, 0x00, 0x00, 0x00,
    0x80, 0x80, 0x80, 0xb0, 0xc8, 0x88, 0x88, 0x88, 0x08, 0xf0, 0x00, 0x00,
    0x00, 0x20, 0x20, 0x20, 0x70, 0xa8, 0xa8, 0x48, 0x08, 0xf0, 0x00, 0x00,
    0x00, 0x00, 0x70, 0x88, 0x48, 0x10, 0x20, 0x40, 0x88, 0x88, 0x70, 0x00,
    0x00, 0x00, 0x00, 0x00, 0x00, 0x70, 0x88, 0x88, 0x88, 0x70, 0x80, 0x78,
    0x00, 0x00, 0x00, 0x00, 0x50, 0xa8, 0x20, 0x50, 0x50, 0x50, 0x88, 0x88,
    0xf8, 0x00, 0x00, 0x00, 0x00, 0x00, 0x00, 0x00, 0x50, 0xa8, 0x20, 0x50,
    0x88, 0xf8, 0x00, 0x00, 0x00, 0x00, 0x08, 0x70, 0x80, 0xb0, 0xc8, 0x88,
    0x88, 0x88, 0x70, 0x00, 0x00, 0x00, 0x00, 0x00, 0x00, 0x08, 0x70, 0x80,
    0xb0, 0xc8, 0x88, 0x70, 0x00, 0x00, 0x00, 0x00, 0x70, 0x20, 0xf8, 0xa8,
    0x20, 0x20, 0x20, 0x20, 0x70, 0x00, 0x00, 0x00, 0x00, 0x20, 0x30, 0x20,
    0xf8, 0xa0, 0x20, 0x20, 0x20, 0x20, 0x60, 0x20, 0x00, 0x00, 0x00, 0x00,
    0x00, 0x88, 0x48, 0x50, 0x70, 0x50, 0x88, 0x00, 0x00, 0x00, 0x00, 0x00,
    0x00, 0x00, 0x70, 0x88, 0x88, 0x88, 0x88, 0xf0, 0x80, 0x78, 0x00, 0x00,
    0x00, 0x00, 0x00, 0x70, 0x88, 0x80, 0x80, 0x88, 0x70, 0x00, 0x00, 0x00,
    0x00, 0x00, 0x10, 0x00, 0x30, 0x10, 0x10, 0x10, 0x10, 0x90, 0x90, 0x60,
    0x00, 0x00, 0x70, 0x88, 0x88, 0x88, 0xf8, 0x88, 0x88, 0x88, 0x70, 0x00,
    0x00, 0x00, 0x00, 0x00, 0x00, 0x00, 0x38, 0x40, 0x70, 0x40, 0x40, 0x38,
    0x00, 0x00, 0x00, 0x00, 0x00, 0x00, 0x00, 0x70, 0x08, 0x38, 0x08, 0x08,
    0x70, 0x00, 0x00, 0x00, 0x40, 0x20, 0x00, 0xf8, 0x80, 0x80, 0xf0, 0x80,
    0x80, 0xf8, 0x00, 0x00, 0x00, 0x50, 0x50, 0x00, 0xf8, 0x80, 0x80, 0xf0,
    0x80, 0x80, 0xf8, 0x00, 0x00, 0x00, 0x00, 0xf8, 0x20, 0x20, 0x30, 0x28,
    0x28, 0x28, 0x28, 0x28, 0x08, 0x10, 0x00, 0x20, 0x40, 0x00, 0xf8, 0x88,
    0x80, 0x80, 0x80, 0x80, 0x80, 0x00, 0x00, 0x00, 0x00, 0x38, 0x40, 0x80,
    0x80, 0xf0, 0x80, 0x80, 0x40, 0x38, 0x00, 0x00, 0x00, 0x00, 0x70, 0x88,
    0x80, 0x80, 0x70, 0x08, 0x08, 0x88, 0x70, 0x00, 0x00, 0x00, 0x00, 0x70,
    0x20, 0x20, 0x20, 0x20, 0x20, 0x20, 0x20, 0x70, 0x00, 0x00, 0x00, 0x50,
    0x50, 0x00, 0xf8, 0x20, 0x20, 0x20, 0x20, 0x20, 0xf8, 0x00, 0x00, 0x00,
    0x00, 0x38, 0x10, 0x10, 0x10, 0x10, 0x10, 0x10, 0x90, 0x60, 0x00, 0x00,
    0x00, 0x00, 0x60, 0xa0, 0xa0, 0xa0, 0xb0, 0xa8, 0xa8, 0xa8, 0xb0, 0x00,
    0x00, 0x00, 0x00, 0xa0, 0xa0, 0xa0, 0xa0, 0xf0, 0xa8, 0xa8, 0xa8, 0xb0,
    0x00, 0x00, 0x00, 0x00, 0xf8, 0x20, 0x20, 0x30, 0x28, 0x28, 0x28, 0x28,
    0x28, 0x00, 0x00, 0x10, 0x20, 0x88, 0x88, 0x90, 0xa0, 0xc0, 0xa0, 0x90,
    0x88, 0x88, 0x00, 0x00, 0x00, 0x40, 0x20, 0x00, 0x88, 0x98, 0x98, 0xa8,
    0xc8, 0xc8, 0x88, 0x00, 0x00, 0x00, 0x88, 0x70, 0x00, 0x88, 0x88, 0x88,
    0x78, 0x08, 0x08, 0x70, 0x00, 0x00, 0x00, 0x00, 0x88, 0x88, 0x88, 0x88,
    0x88, 0x88, 0x88, 0x88, 0xf8, 0x20, 0x20, 0x00, 0x00, 0x20, 0x50, 0x88,
    0x88, 0x88, 0xf8, 0x88, 0x88, 0x88, 0x00, 0x00, 0x00, 0x00, 0xf0, 0x80,
    0x80, 0x80, 0xf0, 0x88, 0x88, 0x88, 0xf0, 0x00, 0x00, 0x00, 0x00, 0xf0,
    0x88, 0x88, 0x88, 0xf0, 0x88, 0x88, 0x88, 0xf0, 0x00, 0x00, 0x00, 0x00,
    0xf8, 0x88, 0x80, 0x80, 0x80, 0x80, 0x80, 0x80, 0x80, 0x00, 0x00, 0x00,
    0x00, 0x30, 0x50, 0x50, 0x50, 0x50, 0x50, 0x50, 0x50, 0xf8, 0x88, 0x00,
    0x00, 0x00, 0xf8, 0x80, 0x80, 0x80, 0xf0, 0x80, 0x80, 0x80, 0xf8, 0x00,
    0x00, 0x00, 0x00, 0xa8, 0xa8, 0xa8, 0x70, 0x20, 0x70, 0xa8, 0xa8, 0xa8,
    0x00, 0x00, 0x00, 0x00, 0x70, 0x88, 0x08, 0x08, 0x30, 0x08, 0x08, 0x88,
    0x70, 0x00, 0x00, 0x00, 0x00, 0x88, 0x88, 0x98, 0x98, 0xa8, 0xa8, 0xc8,
    0xc8, 0x88, 0x00, 0x00, 0x00, 0x88, 0x70, 0x00, 0x88, 0x98, 0x98, 0xa8,
    0xc8, 0xc8, 0x88, 0x00, 0x00, 0x00, 0x00, 0x88, 0x88, 0x90, 0xa0, 0xc0,
    0xa0, 0x90, 0x88, 0x88, 0x00, 0x00, 0x00, 0x00, 0x38, 0x48, 0x48, 0x48,
    0x48, 0x48, 0x48, 0x88, 0x88, 0x00, 0x00, 0x00, 0x00, 0x88, 0xd8, 0xd8,
    0xa8, 0xa8, 0x88, 0x88, 0x88, 0x88, 0x00, 0x00, 0x00, 0x00, 0x88, 0x88,
    0x88, 0x88, 0xf8, 0x88, 0x88, 0x88, 0x88, 0x00, 0x00, 0x00, 0x00, 0x70,
    0x88, 0x88, 0x88, 0x88, 0x88, 0x88, 0x88, 0x70, 0x00, 0x00, 0x00, 0x00,
    0xf8, 0x88, 0x88, 0x88, 0x88, 0x88, 0x88, 0x88, 0x88, 0x00, 0x00, 0x00,
    0x00, 0xf0, 0x88, 0x88, 0x88, 0x88, 0xf0, 0x80, 0x80, 0x80, 0x00, 0x00,
    0x00, 0x00, 0x70, 0x88, 0x80, 0x80, 0x80, 0x80, 0x80, 0x88, 0x70, 0x00,
    0x00, 0x00, 0x00, 0xf8, 0x20, 0x20, 0x20, 0x20, 0x20, 0x20, 0x20, 0x20,
    0x00, 0x00, 0x00, 0x00, 0x88, 0x88, 0x88, 0x88, 0x88, 0x78, 0x08, 0x88,
    0x70, 0x00, 0x00, 0x00, 0x00, 0x20, 0x70, 0xa8, 0xa8, 0xa8, 0xa8, 0x70,
    0x20, 0x20, 0x00, 0x00, 0x00, 0x00, 0x88, 0x88, 0x50, 0x50, 0x20, 0x50,
    0x50, 0x88, 0x88, 0x00, 0x00, 0x00, 0x00, 0x90, 0x90, 0x90, 0x90, 0x90,
    0x90, 0x90, 0x90, 0xf8, 0x08, 0x08, 0x00, 0x00, 0x88, 0x88, 0x88, 0x88,
    0x78, 0x08, 0x08, 0x08, 0x08, 0x00, 0x00, 0x00, 0x00, 0xa8, 0xa8, 0xa8,
    0xa8, 0xa8, 0xa8, 0xa8, 0xa8, 0xf8, 0x00, 0x00, 0x00, 0x00, 0xa8, 0xa8,
    0xa8, 0xa8, 0xa8, 0xa8, 0xa8, 0xa8, 0xf8, 0x08, 0x08, 0x00, 0x00, 0xc0,
    0x40, 0x40, 0x40, 0x70, 0x48, 0x48, 0x48, 0x70, 0x00, 0x00, 0x00, 0x00,
    0x88, 0x88, 0x88, 0xe8, 0x98, 0x98, 0x98, 0x98, 0xe8, 0x00, 0x00, 0x00,
    0x00, 0x80, 0x80, 0x80, 0x80, 0xf0, 0x88, 0x88, 0x88, 0xf0, 0x00, 0x00,
    0x00, 0x00, 0xe0, 0x10, 0x08, 0x08, 0x78, 0x08, 0x08, 0x10, 0xe0, 0x00,
    0x00, 0x00, 0x00, 0x90, 0xa8, 0xa8, 0xa8, 0xe8, 0xa8, 0xa8, 0xa8, 0x90,
    0x00, 0x00, 0x00, 0x00, 0x78, 0x88, 0x88, 0x88, 0x78, 0x28, 0x48, 0x88,
    0x88, 0x00, 0x00, 0x00, 0x00, 0x00, 0x00, 0x00, 0x70, 0x08, 0x78, 0x88,
    0x98, 0x68, 0x00, 0x00, 0x00, 0x00, 0x08, 0x70, 0x80, 0xf0, 0x88, 0x88,
    0x88, 0x88, 0x70, 0x00, 0x00, 0x00, 0x00, 0x00, 0x00, 0x00, 0xf0, 0x88,
    0xf0, 0x88, 0x88, 0xf0, 0x00, 0x00, 0x00, 0x00, 0x00, 0x00, 0x00, 0xf8,
    0x88, 0x80, 0x80, 0x80, 0x80, 0x00, 0x00, 0x00, 0x00, 0x00, 0x00, 0x00,
    0x30, 0x50, 0x50, 0x50, 0x50, 0xf8, 0x88, 0x00, 0x00, 0x00, 0x00, 0x00,
    0x00, 0x70, 0x88, 0xf8, 0x80, 0x88, 0x70, 0x00, 0x00, 0x00, 0x00, 0x00,
    0x00, 0x00, 0xa8, 0xa8, 0x70, 0x70, 0xa8, 0xa8, 0x00, 0x00, 0x00, 0x00,
    0x00, 0x00, 0x00, 0x70, 0x88, 0x30, 0x08, 0x88, 0x70, 0x00, 0x00, 0x00,
    0x00, 0x00, 0x00, 0x00, 0x88, 0x88, 0x98, 0xa8, 0xc8, 0x88, 0x00, 0x00,
    0x00, 0x00, 0x88, 0x70, 0x00, 0x88, 0x88, 0x98, 0xa8, 0xc8, 0x88, 0x00,
    0x00, 0x00, 0x00, 0x00, 0x00, 0x00, 0x88, 0x90, 0xe0, 0x90, 0x88, 0x88,
    0x00, 0x00, 0x00, 0x00, 0x00, 0x00, 0x00, 0x38, 0x48, 0x48, 0x48, 0x48,
    0x88, 0x00, 0x00, 0x00, 0x00, 0x00, 0x00, 0x00, 0x88, 0xd8, 0xa8, 0xa8,
    0x88, 0x88, 0x00, 0x00, 0x00, 0x00, 0x00, 0x00, 0x00, 0x88, 0x88, 0xf8,
    0x88, 0x88, 0x88, 0x00, 0x00, 0x00, 0x00, 0x00, 0x00, 0x00, 0x70, 0x88,
    0x88, 0x88, 0x88, 0x70, 0x00, 0x00, 0x00, 0x00, 0x00, 0x00, 0x00, 0xf8,
    0x88, 0x88, 0x88, 0x88, 0x88, 0x00, 0x00, 0x00, 0x00, 0x00, 0x00, 0x00,
    0xf0, 0x88, 0x88, 0x88, 0xf0, 0x80, 0x80, 0x80, 0x00, 0x00, 0x00, 0x00,
    0x00, 0x70, 0x88, 0x80, 0x80, 0x88, 0x70, 0x00, 0x00, 0x00, 0x00, 0x00,
    0x00, 0x00, 0xf8, 0xa8, 0x20, 0x20, 0x20, 0x20, 0x00, 0x00, 0x00, 0x00,
    0x00, 0x00, 0x00, 0x88, 0x88, 0x88, 0x98, 0x68, 0x08, 0x88, 0x70, 0x00,
    0x00, 0x00, 0x20, 0x20, 0x70, 0xa8, 0xa8, 0xa8, 0xa8, 0x70, 0x20, 0x20,
    0x00, 0x00, 0x00, 0x00, 0x00, 0x88, 0x50, 0x20, 0x50, 0x88, 0x88, 0x00,
    0x00, 0x00, 0x00, 0x00, 0x00, 0x00, 0x90, 0x90, 0x90, 0x90, 0x90, 0xf8,
    0x08, 0x08, 0x00, 0x00, 0x00, 0x00, 0x00, 0x88, 0x88, 0x88, 0x78, 0x08,
    0x08, 0x00, 0x00, 0x00, 0x00, 0x00, 0x00, 0x00, 0xa8, 0xa8, 0xa8, 0xa8,
    0xa8, 0xf8, 0x00, 0x00, 0x00, 0x00, 0x00, 0x00, 0x00, 0xa8, 0xa8, 0xa8,
    0xa8, 0xa8, 0xf8, 0x08, 0x08, 0x00, 0x00, 0x00, 0x00, 0x00, 0xc0, 0x40,
    0x70, 0x48, 0x48, 0x70, 0x00, 0x00, 0x00, 0x00, 0x00, 0x00, 0x00, 0x88,
    0x88, 0xe8, 0x98, 0x98, 0xe8, 0x00, 0x00, 0x00, 0x00, 0x00, 0x00, 0x00,
    0x80, 0x80, 0xf0, 0x88, 0x88, 0xf0, 0x00, 0x00, 0x00, 0x00, 0x00, 0x00,
    0x00, 0xf0, 0x08, 0x38, 0x08, 0x08, 0xf0, 0x00, 0x00, 0x00, 0x00, 0x00,
    0x00, 0x00, 0x90, 0xa8, 0xa8, 0xe8, 0xa8, 0x90, 0x00, 0x00, 0x00, 0x00,
    0x00, 0x00, 0x00, 0x78, 0x88, 0x88, 0x78, 0x48, 0x88, 0x00, 0x00, 0x00,
    0x00, 0x40, 0x20, 0x00, 0x70, 0x88, 0xf8, 0x80, 0x88, 0x70, 0x00, 0x00,
    0x00, 0x00, 0x50, 0x50, 0x00, 0x70, 0x88, 0xf8, 0x80, 0x88, 0x70, 0x00,
    0x00, 0x00, 0x00, 0x40, 0xe0, 0x40, 0x50, 0x68, 0x48, 0x48, 0x48, 0x48,
    0x08, 0x10, 0x00, 0x00, 0x20, 0x40, 0x00, 0xf8, 0x88, 0x80, 0x80, 0x80,
    0x80, 0x00, 0x00, 0x00, 0x00, 0x00, 0x00, 0x00, 0x78, 0x80, 0xe0, 0x80,
    0x80, 0x78, 0x00, 0x00, 0x00, 0x00, 0x00, 0x00, 0x00, 0x70, 0x88, 0x60,
    0x10, 0x88, 0x70, 0x00, 0x00, 0x00, 0x00, 0x00, 0x20, 0x00, 0x60, 0x20,
    0x20, 0x20, 0x20, 0x70, 0x00, 0x00, 0x00, 0x00, 0x50, 0x50, 0x00, 0x60,
    0x20, 0x20, 0x20, 0x20, 0xf8, 0x00, 0x00, 0x00, 0x00, 0x00, 0x10, 0x00,
    0x30, 0x10, 0x10, 0x10, 0x10, 0x90, 0x90, 0x60, 0x00, 0x00, 0x00, 0x00,
    0x00, 0x60, 0xa0, 0xb0, 0xa8, 0xa8, 0xb0, 0x00, 0x00, 0x00, 0x00, 0x00,
    0x00, 0x00, 0xa0, 0xa0, 0xf0, 0xa8, 0xa8, 0xb0, 0x00, 0x00, 0x00, 0x00,
    0x40, 0xe0, 0x40, 0x50, 0x68, 0x48, 0x48, 0x48, 0x48, 0x00, 0x00, 0x00,
    0x00, 0x20, 0x40, 0x00, 0x88, 0x90, 0xe0, 0x90, 0x88, 0x88, 0x00, 0x00,
    0x00, 0x00, 0x40, 0x20, 0x00, 0x88, 0x88, 0x98, 0xa8, 0xc8, 0x88, 0x00,
    0x00, 0x00, 0x00, 0x88, 0x70, 0x00, 0x88, 0x88, 0x88, 0x98, 0x68, 0x08,
    0x88, 0x70, 0x00, 0x00, 0x00, 0x00, 0x00, 0x88, 0x88, 0x88, 0x88, 0x88,
    0xf8, 0x20, 0x20, 0x00, 0x00, 0x50, 0x88, 0x88, 0x88, 0xa8, 0xa8, 0xa8,
    0xa8, 0x50, 0x00, 0x00, 0x00, 0x00, 0x00, 0x00, 0x00, 0x50, 0x88, 0xa8,
    0xa8, 0xa8, 0x50, 0x00, 0x00, 0x00, 0x00, 0x40, 0xf0, 0x40, 0x40, 0x70,
    0x48, 0x48, 0x48, 0x70, 0x00, 0x00, 0x00, 0x00, 0x00, 0x40, 0x40, 0xe0,
    0x40, 0x70, 0x48, 0x48, 0x70, 0x00, 0x00, 0x00, 0x00, 0x98, 0xa0, 0xa0,
    0xa0, 0xf8, 0xa0, 0xa0, 0xa0, 0x98, 0x00, 0x00, 0x00, 0x00, 0x00, 0x00,
    0x00, 0x98, 0xa0, 0xf8, 0xa0, 0xa0, 0x98, 0x00, 0x00, 0x00, 0x00, 0x20,
    0x20, 0x50, 0x50, 0x50, 0x88, 0xa8, 0xa8, 0xa8, 0x00, 0x00, 0x00, 0x00,
    0x00, 0x00, 0x00, 0x20, 0x50, 0x50, 0x88, 0xa8, 0xa8, 0x00, 0x00, 0x00,
    0x00, 0x90, 0x90, 0x90, 0xb8, 0xf8, 0xb8, 0xb8, 0xb8, 0xb8, 0x00, 0x00,
    0x00, 0x00, 0x00, 0x00, 0x00, 0x90, 0x90, 0xf8, 0xb8, 0xb8, 0xb8, 0x00,
    0x00, 0x00, 0x00, 0xf8, 0x88, 0x50, 0x50, 0x70, 0xa8, 0xa8, 0xa8, 0xa8,
    0x00, 0x00, 0x00, 0x00, 0x00, 0x00, 0x00, 0xf8, 0x50, 0x50, 0x70, 0xa8,
    0xa8, 0x00, 0x00, 0x00, 0x00, 0xb8, 0xa8, 0xa8, 0xa8, 0xf0, 0xb8, 0xd4,
    0xd4, 0xd4, 0x00, 0x00, 0x00, 0x00, 0x00, 0x00, 0x00, 0xb8, 0xa8, 0x90,
    0xf8, 0xb8, 0xb8, 0x00, 0x00, 0x00, 0x48, 0x30, 0x00, 0x70, 0x88, 0x08,
    0x30, 0x08, 0x08, 0x70, 0x80, 0x70, 0x00, 0x00, 0x48, 0x30, 0x00, 0x70,
    0x88, 0x30, 0x08, 0x08, 0x70, 0x80, 0x70, 0x00, 0x00, 0xa8, 0xa8, 0xa8,
    0xa8, 0xa8, 0x70, 0x20, 0x20, 0x20, 0x00, 0x00, 0x00, 0x00, 0x00, 0x00,
    0x00, 0xa8, 0xa8, 0xa8, 0xa8, 0xa8, 0x70, 0x20, 0x20, 0x00, 0x00, 0x70,
    0x88, 0x88, 0x88, 0xf8, 0x88, 0x88, 0x88, 0x70, 0x00, 0x00, 0x00, 0x00,
    0x00, 0x00, 0x00, 0x30, 0x48, 0x78, 0x48, 0x48, 0x30, 0x00, 0x00, 0x00,
    0x00, 0x98, 0x90, 0x90, 0x90, 0x50, 0x50, 0x50, 0x20, 0x20, 0x00, 0x00,
    0x00, 0x00, 0x00, 0x00, 0x00, 0x98, 0x90, 0x90, 0x50, 0x50, 0x20, 0x00,
    0x00, 0x00, 0x90, 0x48, 0x00, 0x9c, 0x90, 0x90, 0x50, 0x50, 0x20, 0x20,
    0x00, 0x00, 0x00, 0x00, 0x90, 0x48, 0x00, 0x98, 0x90, 0x90, 0x50, 0x50,
    0x20, 0x00, 0x00, 0x00, 0x00, 0x40, 0xa0, 0xa0, 0xb8, 0xb8, 0xb8, 0xb8,
    0xb8, 0x58, 0x08, 0x10, 0x00, 0x00, 0x00, 0x00, 0x00, 0x58, 0xb8, 0xb8,
    0xb8, 0xb8, 0x58, 0x08, 0x10, 0x00, 0x20, 0x70, 0xa8, 0x88, 0x88, 0x88,
    0x88, 0x88, 0xa8, 0x70, 0x20, 0x00, 0x00, 0x00, 0x00, 0x00, 0x20, 0x70,
    0xa8, 0x88, 0x88, 0xa8, 0x70, 0x20, 0x00, 0x60, 0x98, 0x60, 0x00, 0x50,
    0x88, 0xa8, 0xa8, 0xa8, 0xa8, 0x50, 0x00, 0x00, 0x00, 0x60, 0x98, 0x60,
    0x00, 0x50, 0x88, 0xa8, 0xa8, 0xa8, 0x50, 0x00, 0x00, 0x00, 0xf8, 0xa8,
    0x00, 0x50, 0x88, 0xa8, 0xa8, 0xa8, 0xa8, 0x50, 0x00, 0x00, 0x00, 0x00,
    0xf8, 0xa8, 0x00, 0x50, 0x88, 0xa8, 0xa8, 0xa8, 0x50, 0x00, 0x00, 0x00,
    0x00, 0x70, 0x88, 0x88, 0x80, 0x80, 0x80, 0x80, 0x80, 0x70, 0x10, 0x10,
    0x00, 0x00, 0x00, 0x00, 0x00, 0x70, 0x88, 0x80, 0x80, 0x70, 0x10, 0x10,
    0x00, 0x00, 0x00, 0x00, 0x28, 0x10, 0xb0, 0x48, 0x40, 0xa0, 0x00, 0x00,
    0x00, 0x00, 0x04, 0xfc, 0x80, 0x00, 0x00, 0x00, 0x00, 0x00, 0x00, 0x00,
    0x00, 0x00, 0x00, 0x00, 0x70, 0x8c, 0x00, 0x00, 0x00, 0x00, 0x00, 0x00,
    0x00, 0x00, 0x00, 0x00, 0x00, 0x70, 0xc8, 0x00, 0x00, 0x00, 0x00, 0x00,
    0x00, 0x00, 0x00, 0x00, 0x00, 0x00, 0x70, 0x98, 0x00, 0x00, 0x00, 0x00,
    0x00, 0x00, 0x00, 0x00, 0x00, 0x00, 0x40, 0xa0, 0x08, 0x14, 0x00, 0x00,
    0x00, 0x00, 0x00, 0x40, 0xa0, 0x08, 0x14, 0x40, 0x84, 0xc8, 0x0c, 0x00,
    0x00, 0x00, 0x00, 0x00, 0x40, 0x84, 0xc8, 0x0c, 0x00, 0x88, 0x70, 0x00,
    0x88, 0x98, 0x98, 0xa8, 0xc8, 0xc8, 0x88, 0x10, 0x10, 0x00, 0x00, 0x88,
    0x70, 0x00, 0x88, 0x88, 0x98, 0xa8, 0xc8, 0x88, 0x10, 0x10, 0x00, 0x00,
    0x40, 0x40, 0xe0, 0x40, 0x70, 0x48, 0x48, 0x48, 0x70, 0x00, 0x00, 0x00,
    0x00, 0x00, 0x00, 0x40, 0xe0, 0x40, 0x70, 0x48, 0x48, 0x70, 0x00, 0x00,
    0x00, 0x00, 0xf0, 0x88, 0x88, 0x88, 0xa8, 0xf0, 0x88, 0x80, 0x80, 0x00,
    0x00, 0x00, 0x00, 0x00, 0x00, 0x00, 0xf0, 0x88, 0x88, 0xa8, 0xf0, 0x88,
    0x80, 0x80, 0x00, 0x08, 0xf8, 0x80, 0x80, 0x80, 0x80, 0x80, 0x80, 0x80,
    0x80, 0x00, 0x00, 0x00, 0x00, 0x00, 0x00, 0x08, 0xf8, 0x80, 0x80, 0x80,
    0x80, 0x80, 0x00, 0x00, 0x00, 0x00, 0x78, 0x48, 0x40, 0x40, 0xe0, 0x40,
    0x40, 0x40, 0x40, 0x00, 0x00, 0x00, 0x00, 0x00, 0x00, 0x00, 0x78, 0x48,
    0xe0, 0x40, 0x40, 0x40, 0x00, 0x00, 0x00, 0x00, 0xf8, 0x80, 0x80, 0x80,
    0xf0, 0x88, 0x88, 0x88, 0x88, 0x10, 0x00, 0x00, 0x00, 0x00, 0x00, 0x00,
    0xf8, 0x80, 0xf0, 0x88, 0x88, 0x88, 0x10, 0x00, 0x00, 0x00, 0xa8, 0xa8,
    0xa8, 0x70, 0x20, 0x70, 0xa8, 0xa8, 0xac, 0x04, 0x04, 0x00, 0x00, 0x00,
    0x00, 0x00, 0xa8, 0xa8, 0x70, 0x70, 0xa8, 0xac, 0x04, 0x04, 0x00, 0x00,
    0x70, 0x88, 0x08, 0x08, 0x30, 0x08, 0x08, 0x88, 0x70, 0x20, 0x40, 0x00,
    0x00, 0x00, 0x00, 0x00, 0x70, 0x88, 0x30, 0x08, 0x88, 0x70, 0x20, 0x40,
    0x00, 0x00, 0x90, 0x90, 0xa0, 0xa0, 0xc0, 0xa0, 0x90, 0x90, 0x98, 0x08,
    0x08, 0x00, 0x00, 0x00, 0x00, 0x00, 0x90, 0xa0, 0xc0, 0xa0, 0x90, 0x98,
    0x08, 0x08, 0x00, 0x00, 0x88, 0xa8, 0xb0, 0xa0, 0xe0, 0xa0, 0xb0, 0xa8,
    0x88, 0x00, 0x00, 0x00, 0x00, 0x00, 0x00, 0x00, 0xa8, 0xb0, 0xe0, 0xb0,
    0xa8, 0x88, 0x00, 0x00, 0x00, 0x00, 0x48, 0xe8, 0x50, 0x60, 0x60, 0x60,
    0x50, 0x48, 0x48, 0x00, 0x00, 0x00, 0x00, 0x40, 0x40, 0xe0, 0x48, 0x50,
    0x60, 0x50, 0x48, 0x48, 0x00, 0x00, 0x00, 0x00, 0xc8, 0x48, 0x50, 0x60,
    0x60, 0x60, 0x50, 0x48, 0x48, 0x00, 0x00, 0x00, 0x00, 0x00, 0x00, 0x00,
    0xc8, 0x50, 0x60, 0x50, 0x48, 0x48, 0x00, 0x00, 0x00, 0x00, 0x90, 0x90,
    0x90, 0x90, 0xf0, 0x90, 0x90, 0x90, 0x98, 0x08, 0x08, 0x00, 0x00, 0x00,
    0x00, 0x00, 0x90, 0x90, 0xf0, 0x90, 0x90, 0x98, 0x08, 0x08, 0x00, 0x00,
    0xb8, 0xa0, 0xa0, 0xa0, 0xe0, 0xa0, 0xa0, 0xa0, 0xa0, 0x00, 0x00, 0x00,
    0x00, 0x00, 0x00, 0x00, 0xb8, 0xa0, 0xe0, 0xa0, 0xa0, 0xa0, 0x00, 0x00,
    0x00, 0x00, 0xe0, 0xa0, 0xa0, 0xa0, 0xb0, 0xa8, 0xa8, 0xa8, 0xa8, 0x08,
    0x10, 0x00, 0x00, 0x00, 0x00, 0x00, 0xe0, 0xa0, 0xb0, 0xa8, 0xa8, 0xa8,
    0x08, 0x10, 0x00, 0x00, 0x70, 0x88, 0x80, 0x90, 0xa8, 0xa8, 0xa8, 0x70,
    0x20, 0x18, 0x00, 0x00, 0x00, 0x00, 0x00, 0x00, 0x70, 0x80, 0x90, 0xa8,
    0x70, 0x20, 0x18, 0x00, 0x00, 0x00, 0x70, 0x88, 0x80, 0x80, 0x80, 0x80,
    0x80, 0x88, 0x70, 0x20, 0x10, 0x00, 0x00, 0x00, 0x00, 0x00, 0x70, 0x88,
    0x80, 0x80, 0x88, 0x70, 0x20, 0x10, 0x00, 0x00, 0xf8, 0x20, 0x20, 0x20,
    0x20, 0x20, 0x20, 0x20, 0x30, 0x10, 0x10, 0x00, 0x00, 0x00, 0x00, 0x00,
    0xf8, 0xa8, 0x20, 0x20, 0x20, 0x30, 0x10, 0x10, 0x00, 0x00, 0x88, 0x88,
    0x50, 0x50, 0x20, 0x20, 0x20, 0x20, 0x20, 0x00, 0x00, 0x00, 0x00, 0x00,
    0x00, 0x00, 0x88, 0x88, 0x50, 0x50, 0x20, 0x20, 0x20, 0x20, 0x00, 0x00,
    0x88, 0x88, 0x50, 0x50, 0x20, 0xf8, 0x20, 0x20, 0x20, 0x00, 0x00, 0x00,
    0x00, 0x00, 0x00, 0x00, 0x88, 0x88, 0x50, 0x50, 0x20, 0xf8, 0x20, 0x20,
    0x00, 0x00, 0x88, 0x88, 0x50, 0x50, 0x20, 0x50, 0x50, 0x88, 0x8c, 0x04,
    0x04, 0x00, 0x00, 0x00, 0x00, 0x00, 0x88, 0x50, 0x20, 0x50, 0x88, 0x8c,
    0x04, 0x04, 0x00, 0x00, 0xe8, 0x48, 0x48, 0x48, 0x48, 0x48, 0x48, 0x48,
    0x78, 0x08, 0x08, 0x00, 0x00, 0x00, 0x00, 0x00, 0xe8, 0x48, 0x48, 0x48,
    0x48, 0x78, 0x08, 0x08, 0x00, 0x00, 0x90, 0x90, 0x90, 0x90, 0x90, 0x70,
    0x10, 0x10, 0x18, 0x08, 0x08, 0x00, 0x00, 0x00, 0x00, 0x00, 0x90, 0x90,
    0x90, 0x70, 0x10, 0x18, 0x08, 0x08, 0x00, 0x00, 0x88, 0x88, 0x88, 0xa8,
    0xa8, 0x78, 0x28, 0x28, 0x08, 0x00, 0x00, 0x00, 0x00, 0x00, 0x00, 0x00,
    0x88, 0x88, 0xa8, 0x78, 0x28, 0x08, 0x00, 0x00, 0x00, 0x00, 0x80, 0x80,
    0x80, 0xf0, 0x88, 0x88, 0x88, 0x88, 0x88, 0x00, 0x00, 0x00, 0x00, 0x80,
    0x80, 0x80, 0x80, 0xe0, 0x90, 0x90, 0x90, 0x90, 0x00, 0x00, 0x00, 0x00,
    0x30, 0x48, 0x48, 0x48, 0xf8, 0x40, 0x40, 0x48, 0x30, 0x00, 0x00, 0x00,
    0x00, 0x00, 0x00, 0x00, 0x30, 0x48, 0xf8, 0x40, 0x48, 0x30, 0x00, 0x00,
    0x00, 0x00, 0x30, 0x48, 0x48, 0x48, 0xf8, 0x40, 0x40, 0x48, 0x30, 0x20,
    0x10, 0x00, 0x00, 0x00, 0x00, 0x00, 0x30, 0x48, 0xf8, 0x40, 0x48, 0x30,
    0x20, 0x10, 0x00, 0x00, 0x70, 0x20, 0x20, 0x20, 0x20, 0x20, 0x20, 0x20,
    0x70, 0x00, 0x00, 0x88, 0x70, 0x00, 0xa8, 0xa8, 0xa8, 0x70, 0x70, 0xa8,
    0xa8, 0xa8, 0x00, 0x00, 0x00, 0x00, 0x88, 0x70, 0x00, 0xa8, 0xa8, 0x70,
    0x70, 0xa8, 0xa8, 0x00, 0x00, 0x00, 0x00, 0x88, 0x88, 0x90, 0xa0, 0xc0,
    0xa0, 0x90, 0x88, 0x88, 0x08, 0x30, 0x00, 0x00, 0x00, 0x00, 0x00, 0x88,
    0x90, 0xe0, 0x90, 0x88, 0x88, 0x08, 0x30, 0x00, 0x00, 0x38, 0x48, 0x48,
    0x48, 0x48, 0x48, 0x48, 0x88, 0x88, 0x10, 0x10, 0x00, 0x00, 0x00, 0x00,
    0x00, 0x38, 0x48, 0x48, 0x48, 0x48, 0x88, 0x10, 0x10, 0x00, 0x00, 0x88,
    0x88, 0x88, 0x88, 0xf8, 0x88, 0x88, 0x88, 0x88, 0x08, 0x30, 0x00, 0x00,
    0x00, 0x00, 0x00, 0x88, 0x88, 0xf8, 0x88, 0x88, 0x88, 0x08, 0x30, 0x00,
    0x00, 0x88, 0x88, 0x88, 0x88, 0xf8, 0x88, 0x88, 0x88, 0x88, 0x10, 0x10,
    0x00, 0x00, 0x00, 0x00, 0x00, 0x88, 0x88, 0xf8, 0x88, 0x88, 0x88, 0x10,
    0x10, 0x00, 0x00, 0x88, 0x88, 0x88, 0x88, 0x88, 0x78, 0x08, 0x08, 0x18,
    0x10, 0x10, 0x00, 0x00, 0x00, 0x00, 0x00, 0x88, 0x88, 0x88, 0x78, 0x08,
    0x18, 0x10, 0x10, 0x00, 0x00, 0x88, 0xd8, 0xd8, 0xa8, 0xa8, 0x88, 0x88,
    0x88, 0x88, 0x10, 0x10, 0x00, 0x00, 0x00, 0x00, 0x00, 0x88, 0xd8, 0xa8,
    0xa8, 0x88, 0x88, 0x10, 0x10, 0x00, 0x88, 0x70, 0x00, 0x20, 0x50, 0x88,
    0x88, 0xf8, 0x88, 0x88, 0x00, 0x00, 0x00, 0x00, 0x88, 0x70, 0x00, 0x70,
    0x08, 0x78, 0x88, 0x98, 0x68, 0x00, 0x00, 0x00, 0x50, 0x50, 0x00, 0x20,
    0x50, 0x88, 0x88, 0xf8, 0x88, 0x88, 0x00, 0x00, 0x00, 0x00, 0x50, 0x50,
    0x00, 0x70, 0x08, 0x78, 0x88, 0x98, 0x68, 0x00, 0x00, 0x00, 0x00, 0x58,
    0xa0, 0xa0, 0xa0, 0xb0, 0xe0, 0xa0, 0xa0, 0xb8, 0x00, 0x00, 0x00, 0x00,
    0x00, 0x00, 0x00, 0x70, 0x28, 0x70, 0xa0, 0xa8, 0x50, 0x00, 0x00, 0x00,
    0x88, 0x70, 0x00, 0xf8, 0x80, 0x80, 0xf0, 0x80, 0x80, 0xf8, 0x00, 0x00,
    0x00, 0x00, 0x88, 0x70, 0x00, 0x70, 0x88, 0xf8, 0x80, 0x88, 0x70, 0x00,
    0x00, 0x00, 0x00, 0x70, 0x88, 0x08, 0x08, 0xf8, 0x88, 0x88, 0x88, 0x70,
    0x00, 0x00, 0x00, 0x00, 0x00, 0x00, 0x00, 0x70, 0x88, 0x08, 0xf8, 0x88,
    0x70, 0x00, 0x00, 0x00, 0x50, 0x50, 0x00, 0x70, 0x88, 0x08, 0xf8, 0x88,
    0x88, 0x70, 0x00, 0x00, 0x00, 0x00, 0x50, 0x50, 0x00, 0x70, 0x88, 0x08,
    0xf8, 0x88, 0x70, 0x00, 0x00, 0x00, 0x50, 0x50, 0x00, 0xa8, 0xa8, 0x70,
    0x20, 0x70, 0xa8, 0xa8, 0x00, 0x00, 0x00, 0x00, 0x50, 0x50, 0x00, 0xa8,
    0xa8, 0x70, 0x70, 0xa8, 0xa8, 0x00, 0x00, 0x00, 0x50, 0x50, 0x00, 0x70,
    0x88, 0x08, 0x30, 0x08, 0x88, 0x70, 0x00, 0x00, 0x00, 0x00, 0x50, 0x50,
    0x00, 0x70, 0x88, 0x30, 0x08, 0x88, 0x70, 0x00, 0x00, 0x00, 0x00, 0xf8,
    0x08, 0x10, 0x20, 0x70, 0x08, 0x08, 0x88, 0x70, 0x00, 0x00, 0x00, 0x00,
    0x00, 0x00, 0x00, 0xf8, 0x10, 0x20, 0x70, 0x08, 0x08, 0x88, 0x70, 0x00,
    0x00, 0xf8, 0x00, 0x88, 0x98, 0x98, 0xa8, 0xc8, 0xc8, 0x88, 0x00, 0x00,
    0x00, 0x00, 0x00, 0xf8, 0x00, 0x88, 0x88, 0x98, 0xa8, 0xc8, 0x88, 0x00,
    0x00, 0x00, 0x50, 0x50, 0x00, 0x88, 0x98, 0x98, 0xa8, 0xc8, 0xc8, 0x88,
    0x00, 0x00, 0x00, 0x00, 0x50, 0x50, 0x00, 0x88, 0x88, 0x98, 0xa8, 0xc8,
    0x88, 0x00, 0x00, 0x00, 0x50, 0x50, 0x00, 0x70, 0x88, 0x88, 0x88, 0x88,
    0x88, 0x70, 0x00, 0x00, 0x00, 0x00, 0x50, 0x50, 0x00, 0x70, 0x88, 0x88,
    0x88, 0x88, 0x70, 0x00, 0x00, 0x00, 0x00, 0x70, 0x88, 0x88, 0xe8, 0xb8,
    0x88, 0x88, 0x88, 0x70, 0x00, 0x00, 0x00, 0x00, 0x00, 0x00, 0x00, 0x70,
    0x88, 0xe8, 0xb8, 0x88, 0x70, 0x00, 0x00, 0x00, 0x50, 0x50, 0x00, 0x70,
    0x88, 0xe8, 0xb8, 0x88, 0x88, 0x70, 0x00, 0x00, 0x00, 0x00, 0x50, 0x50,
    0x00, 0x70, 0x88, 0xe8, 0xb8, 0x88, 0x70, 0x00, 0x00, 0x00, 0x50, 0x50,
    0x00, 0xe0, 0x10, 0x08, 0x78, 0x08, 0x10, 0xe0, 0x00, 0x00, 0x00, 0x00,
    0x50, 0x50, 0x00, 0xf0, 0x08, 0x38, 0x08, 0x08, 0xf0, 0x00, 0x00, 0x00,
    0x00, 0xf8, 0x00, 0x88, 0x88, 0x98, 0x68, 0x08, 0x88, 0x70, 0x00, 0x00,
    0x00, 0x00, 0x00, 0xf8, 0x00, 0x88, 0x88, 0x88, 0x98, 0x68, 0x08, 0x88,
    0x70, 0x00, 0x50, 0x50, 0x00, 0x88, 0x88, 0x98, 0x68, 0x08, 0x88, 0x70,
    0x00, 0x00, 0x00, 0x00, 0x50, 0x50, 0x00, 0x88, 0x88, 0x88, 0x98, 0x68,
    0x08, 0x88, 0x70, 0x00, 0x48, 0x90, 0x00, 0x88, 0x88, 0x98, 0x68, 0x08,
    0x88, 0x70, 0x00, 0x00, 0x00, 0x00, 0x48, 0x90, 0x00, 0x88, 0x88, 0x88,
    0x98, 0x68, 0x08, 0x88, 0x70, 0x00, 0x50, 0x50, 0x00, 0x88, 0x88, 0x88,
    0x78, 0x08, 0x08, 0x08, 0x00, 0x00, 0x00, 0x00, 0x50, 0x50, 0x00, 0x88,
    0x88, 0x88, 0x78, 0x08, 0x08, 0x00, 0x00, 0x00, 0x50, 0x50, 0x00, 0x88,
    0x88, 0xe8, 0x98, 0x98, 0x98, 0xe8, 0x00, 0x00, 0x00, 0x00, 0x50, 0x50,
    0x00, 0x88, 0x88, 0xe8, 0x98, 0x98, 0xe8, 0x00, 0x00, 0x00, 0x00, 0x08,
    0x08, 0x08, 0x78, 0x88, 0x88, 0x88, 0x88, 0x78, 0x00, 0x00, 0x00, 0x00,
    0x08, 0x08, 0x08, 0x38, 0x48, 0x48, 0x48, 0x48, 0x38, 0x00, 0x00, 0x00,
    0x00, 0x20, 0x20, 0x20, 0x60, 0xa0, 0xa8, 0xa8, 0xa8, 0x70, 0x00, 0x00,
    0x00, 0x00, 0x20, 0x20, 0x20, 0x20, 0x60, 0xa0, 0xa8, 0xa8, 0x70, 0x00,
    0x00, 0x00, 0x00, 0x40, 0xa0, 0x20, 0x20, 0x20, 0x48, 0x28, 0x28, 0x10,
    0x00, 0x00, 0x00, 0x00, 0x00, 0x00, 0x00, 0xc0, 0x20, 0x20, 0x48, 0x28,
    0x10, 0x00, 0x00, 0x00, 0x00, 0x60, 0x90, 0x10, 0x10, 0x10, 0x60, 0x10,
    0x10, 0x10, 0x08, 0x08, 0x00, 0x00, 0x00, 0x00, 0x00, 0xe0, 0x10, 0x10,
    0x60, 0x10, 0x10, 0x08, 0x08, 0x00, 0x00, 0x60, 0xa0, 0xa0, 0xa0, 0xa0,
    0xa8, 0xa8, 0xa8, 0x90, 0x00, 0x00, 0x00, 0x00, 0x00, 0x00, 0x00, 0x60,
    0xa0, 0xa0, 0xa8, 0xa8, 0x90, 0x00, 0x00, 0x00, 0x00, 0xa0, 0xa0, 0xa0,
    0xa0, 0xe0, 0xa8, 0xa8, 0xa8, 0x90, 0x00, 0x00, 0x00, 0x00, 0x00, 0x00,
    0x00, 0xa0, 0xa0, 0xe0, 0xa8, 0xa8, 0x90, 0x00, 0x00, 0x00, 0x00, 0x70,
    0x88, 0x80, 0x80, 0x80, 0x98, 0x88, 0x88, 0x70, 0x00, 0x00, 0x00, 0x00,
    0x00, 0x00, 0x00, 0x70, 0x88, 0x80, 0x98, 0x88, 0x70, 0x00, 0x00, 0x00,
    0x00, 0xf8, 0x20, 0x20, 0x20, 0x20, 0x28, 0x28, 0x28, 0x10, 0x00, 0x00,
    0x00, 0x00, 0x00, 0x00, 0x00, 0xf8, 0x20, 0x20, 0x28, 0x28, 0x10, 0x00,
    0x00, 0x00, 0x00, 0xa0, 0xa0, 0xa0, 0xa0, 0xa0, 0xa0, 0xa0, 0xb0, 0x48,
    0x00, 0x00, 0x00, 0x00, 0x70, 0x88, 0x88, 0x80, 0xf0, 0x88, 0x80, 0x80,
    0x80, 0x00, 0x00, 0x00, 0x00, 0x40, 0xa0, 0xa0, 0xa0, 0x70, 0x28, 0x20,
    0x20, 0x20, 0x00, 0x00, 0x00, 0x00, 0x40, 0xa0, 0xa0, 0x20, 0x30, 0x28,
    0x20, 0x20, 0x20, 0x00, 0x00, 0x00, 0x00, 0x80, 0x80, 0xf0, 0x88, 0x80,
    0x80, 0x88, 0x88, 0x70, 0x00, 0x00, 0x00, 0x00, 0x60, 0x90, 0x90, 0x90,
    0x70, 0x10, 0xa0, 0xf0, 0x88, 0x00, 0x00, 0x00, 0x00, 0x80, 0x80, 0x80,
    0xf0, 0x88, 0x80, 0x80, 0x80, 0x70, 0x08, 0x10, 0x00, 0x00, 0x60, 0x90,
    0x90, 0x80, 0x80, 0x80, 0x80, 0x80, 0xf0, 0x08, 0x00, 0x00, 0x00, 0x60,
    0x90, 0x90, 0xb8, 0xd0, 0xd0, 0xa0, 0x80, 0x80, 0x00, 0x00, 0x00, 0x00,
    0x10, 0x10, 0x10, 0x10, 0x78, 0x90, 0x90, 0x90, 0x60, 0x00, 0x00, 0x00,
    0x00, 0x80, 0x80, 0x80, 0xf0, 0x88, 0x88, 0x80, 0x80, 0x80, 0x00, 0x00,
    0x00, 0x00, 0x80, 0x80, 0x80, 0x80, 0x80, 0x80, 0x80, 0x80, 0x70, 0x08,
    0x10, 0x00, 0x00, 0x80, 0x80, 0xe8, 0xa8, 0xa8, 0x90, 0x80, 0x80, 0x80,
    0x00, 0x00, 0x00, 0x00, 0xf8, 0x70, 0x88, 0x88, 0x88, 0x88, 0x88, 0x88,
    0x70, 0x00, 0x00, 0x00, 0x00, 0x80, 0x80, 0x88, 0x88, 0x88, 0x88, 0x78,
    0x08, 0x08, 0x00, 0x00, 0x00, 0x00, 0x10, 0x20, 0x10, 0x20, 0x40, 0x80,
    0xc0, 0x30, 0x08, 0x00, 0x00, 0x00, 0x00, 0x30, 0x48, 0x48, 0x48, 0x38,
    0x08, 0x70, 0x90, 0x68, 0x00, 0x00, 0x00, 0x00, 0x40, 0xa0, 0xa0, 0x20,
    0x20, 0x20, 0x20, 0x20, 0x30, 0x08, 0x00, 0x00, 0x00, 0x20, 0x10, 0x10,
    0xe0, 0x50, 0x50, 0x88, 0x88, 0xf8, 0x00, 0x00, 0x00, 0x00, 0xb8, 0xa8,
    0xa0, 0xa0, 0xa0, 0xa0, 0xa0, 0xa0, 0x40, 0x00, 0x00, 0x00, 0x00, 0x70,
    0x88, 0x88, 0x28, 0x30, 0x28, 0x88, 0x88, 0x70, 0x00, 0x00, 0x00, 0x00,
    0x40, 0x80, 0xc0, 0x40, 0x40, 0x40, 0x40, 0x48, 0x30, 0x00, 0x00, 0x00,
    0x00, 0x08, 0xf0, 0x40, 0x80, 0x88, 0x88, 0x88, 0x88, 0x70, 0x00, 0x00,
    0x00, 0x00, 0x70, 0x88, 0x88, 0x88, 0x88, 0x88, 0x88, 0x88, 0x88, 0x00,
    0x00, 0x00, 0x00, 0x70, 0x88, 0x88, 0x88, 0x78, 0x10, 0x10, 0x20, 0xf8,
    0x00, 0x00, 0x00, 0x00, 0x70, 0xa8, 0xa8, 0xa8, 0x28, 0x28, 0x08, 0x08,
    0x08, 0x00, 0x00, 0x00, 0x00, 0x60, 0x90, 0x90, 0x90, 0x50, 0x30, 0xa0,
    0xf0, 0x88, 0x00, 0x00, 0x00, 0x00, 0x40, 0xa0, 0xa0, 0xb0, 0xa8, 0xa8,
    0xa0, 0xa0, 0xa0, 0x00, 0x00, 0x00, 0x00, 0x88, 0x88, 0x88, 0x88, 0x88,
    0x88, 0x88, 0x88, 0x70, 0x00, 0x00, 0x00, 0x00, 0x20, 0x20, 0xa0, 0xa0,
    0xa0, 0xa0, 0x60, 0x20, 0x30, 0x08, 0x00, 0x00, 0x00, 0x70, 0x88, 0x80,
    0x80, 0x70, 0x08, 0x08, 0x88, 0x70, 0x00, 0x00, 0x00, 0x00, 0x70, 0x88,
    0x88, 0x80, 0x80, 0x80, 0x80, 0x80, 0x80, 0x00, 0x00, 0x00, 0x00, 0x70,
    0x88, 0x88, 0x70, 0x88, 0x08, 0x08, 0x88, 0x70, 0x00, 0x00, 0x00, 0x00,
    0x80, 0x80, 0x80, 0xe0, 0x90, 0x90, 0x88, 0x80, 0x80, 0x00, 0x00, 0x00,
    0x00, 0x20, 0x70, 0xa8, 0xa8, 0xa8, 0xa8, 0x70, 0x20, 0x00, 0x00, 0x00,
    0x00, 0x00, 0x10, 0x28, 0x28, 0x30, 0xa0, 0x70, 0x28, 0x20, 0x20, 0x00,
    0x00, 0x00, 0x00, 0x70, 0x88, 0x88, 0x88, 0x88, 0x88, 0x88, 0x88, 0x70,
    0x00, 0x00, 0x00, 0x00, 0x40, 0xa0, 0xa0, 0x70, 0x28, 0x28, 0xa8, 0xa8,
    0x70, 0x00, 0x00, 0x00, 0x20, 0x40, 0x40, 0x20, 0x00, 0x00, 0x00, 0x00,
    0x00, 0x00, 0x00, 0x00, 0x00, 0x00, 0x30, 0x10, 0x20, 0x00, 0x00, 0x00,
    0x00, 0x00, 0x00, 0x00, 0x00, 0x00, 0x00, 0x10, 0x20, 0x00, 0x00, 0x00,
    0x00, 0x00, 0x00, 0x00, 0x00, 0x00, 0x00, 0x08, 0x70, 0x80, 0x00, 0x00,
    0x00, 0x00, 0x00, 0x00, 0x00, 0x00, 0x00, 0x00, 0x00, 0x20, 0x10, 0x00,
    0x00, 0x00, 0x00, 0x00, 0x00, 0x00, 0x00, 0x00, 0x00, 0x00, 0x70, 0x88,
    0xa8, 0xa8, 0x90, 0x00, 0x00, 0x00, 0x00, 0x00, 0x00, 0x00, 0x00, 0xc0,
    0x88, 0x70, 0x00, 0x00, 0x00, 0x00, 0x00, 0x00, 0x00, 0x00, 0x00, 0x00,
    0x00, 0x00, 0x00, 0x88, 0xa8, 0xa8, 0xa8, 0xa8, 0x58, 0x00, 0x00, 0x00,
    0x00, 0x00, 0x00, 0x00, 0xf0, 0x88, 0x88, 0x88, 0x80, 0xf8, 0x80, 0x80,
    0x00, 0x00, 0x00, 0x00, 0x00, 0x70, 0x90, 0x90, 0x90, 0x90, 0x78, 0x10,
    0x10, 0x00, 0x00, 0x00, 0x00, 0x00, 0xa0, 0xd0, 0x90, 0x90, 0x90, 0x98,
    0x10, 0x10, 0x00, 0x00, 0x80, 0x80, 0x80, 0xf8, 0x80, 0x88, 0x88, 0xc8,
    0xb0, 0x00, 0x00, 0x00, 0x00, 0x00, 0x00, 0x00, 0x70, 0x90, 0x90, 0x90,
    0x90, 0x70, 0x10, 0x18, 0x00, 0x00, 0x80, 0x80, 0xf8, 0x80, 0x80, 0x80,
    0x80, 0x80, 0x70, 0x08, 0x00, 0x00, 0x00, 0x00, 0x00, 0x00, 0xb0, 0xc8,
    0x88, 0x88, 0x88, 0x88, 0x80, 0xf8, 0x00, 0x00, 0x00, 0x00, 0x00, 0xa0,
    0xd0, 0x90, 0xb8, 0xd0, 0xa0, 0x80, 0x80, 0x00, 0x00, 0x10, 0x10, 0x10,
    0x78, 0x90, 0x90, 0x90, 0x90, 0x60, 0x00, 0x00, 0x00, 0x00, 0x80, 0x80,
    0x80, 0xa0, 0xd0, 0x90, 0x90, 0x90, 0x90, 0x80, 0x80, 0x00, 0x00, 0x00,
    0x00, 0x00, 0xc0, 0x40, 0x40, 0x40, 0x40, 0x40, 0x40, 0x30, 0x00, 0x00,
    0x80, 0x80, 0x80, 0xe8, 0xa8, 0xa8, 0xa8, 0xa8, 0x90, 0x80, 0x80, 0x00,
    0x00, 0x00, 0x80, 0x40, 0x20, 0x78, 0x90, 0x90, 0x90, 0x60, 0x00, 0x00,
    0x00, 0x00, 0x80, 0x80, 0x80, 0x80, 0x88, 0x88, 0x88, 0x88, 0x78, 0x08,
    0x08, 0x00, 0x00, 0x80, 0x80, 0x80, 0xb0, 0xc8, 0x88, 0x88, 0x88, 0x88,
    0x00, 0x00, 0x00, 0x00, 0x20, 0x40, 0x20, 0x78, 0x88, 0x88, 0x88, 0x88,
    0x78, 0x00, 0x00, 0x00, 0x00, 0x00, 0x00, 0x00, 0xa0, 0xd0, 0x90, 0x90,
    0x90, 0x90, 0x10, 0x18, 0x00, 0x00, 0x30, 0x48, 0x40, 0xf8, 0x48, 0x48,
    0x48, 0x58, 0x28, 0x00, 0x00, 0x00, 0x00, 0x08, 0x10, 0x10, 0x90, 0x90,
    0x90, 0x90, 0xb0, 0x50, 0x00, 0x00, 0x00, 0x00, 0x00, 0x00, 0x00, 0x18,
    0x08, 0x08, 0x08, 0x08, 0x88, 0x88, 0x70, 0x00, 0x00, 0x70, 0x88, 0x80,
    0x98, 0x88, 0x88, 0x88, 0x98, 0x68, 0x00, 0x00, 0x00, 0x00, 0x00, 0x00,
    0x00, 0x30, 0x48, 0x08, 0x08, 0x10, 0x20, 0x40, 0x38, 0x00, 0x00, 0x00,
    0x00, 0x00, 0xb0, 0xc8, 0x88, 0x88, 0x88, 0x88, 0x00, 0x00, 0x00, 0x00,
    0x20, 0x40, 0x20, 0x20, 0x40, 0x40, 0x80, 0x80, 0xf8, 0x00, 0x00, 0x00,
    0x00, 0x00, 0x00, 0x00, 0x88, 0xa8, 0xa8, 0xa8, 0xa8, 0x58, 0x08, 0x08,
    0x00, 0x00, 0x00, 0x00, 0x00, 0x70, 0x88, 0x88, 0x88, 0x50, 0x20, 0x40,
    0x38, 0x00, 0x00, 0x00, 0x00, 0x00, 0xa0, 0xd0, 0x90, 0x90, 0x90, 0x98,
    0x00, 0x00, 0x00, 0x00, 0x00, 0x00, 0x00, 0x88, 0x88, 0x88, 0x88, 0x98,
    0x68, 0x00, 0x00, 0x00, 0x00, 0x10, 0x10, 0x10, 0x90, 0x90, 0x90, 0x90,
    0x90, 0x70, 0x10, 0x18, 0x00, 0x00, 0x00, 0x00, 0x00, 0xb0, 0xa8, 0xa8,
    0xa8, 0xa8, 0x68, 0x00, 0x00, 0x00, 0x00, 0x00, 0x00, 0xb0, 0xc8, 0x88,
    0x88, 0x88, 0x88, 0x88, 0x80, 0x80, 0x00, 0x00, 0x00, 0x00, 0x00, 0x70,
    0x88, 0x88, 0x88, 0x78, 0x08, 0x88, 0x70, 0x00, 0x00, 0x00, 0x00, 0x00,
    0x60, 0x20, 0x20, 0x20, 0x20, 0x18, 0x00, 0x00, 0x00, 0x00, 0x20, 0x20,
    0x20, 0xb0, 0xa8, 0xa8, 0xa8, 0xa8, 0x68, 0x20, 0x20, 0x00, 0x00, 0x18,
    0x20, 0x20, 0xf8, 0x20, 0x20, 0x20, 0x20, 0x20, 0x00, 0x00, 0x00, 0x00,
    0x00, 0x00, 0x00, 0x70, 0x88, 0x88, 0x88, 0x88, 0x70, 0x00, 0x00, 0x00,
    0x00, 0x60, 0xa0, 0xa0, 0x70, 0x28, 0xa8, 0xa8, 0xa8, 0x70, 0x20, 0x20,
    0x00, 0x00, 0x80, 0x80, 0x80, 0x90, 0x90, 0x90, 0x90, 0x90, 0x68, 0x00,
    0x00, 0x00, 0x00, 0x00, 0x00, 0x30, 0x30, 0x00, 0x30, 0x30, 0x00, 0x00,
    0x00, 0x00, 0x00, 0x00, 0x00, 0x00, 0x00, 0x40, 0x38, 0x00, 0x00, 0x00,
    0x00, 0x00, 0x00, 0x00, 0x00, 0x00, 0x00, 0x00, 0x00, 0x00, 0x00, 0x00,
    0x00, 0x00, 0x20, 0x50, 0x00, 0x00, 0x20, 0x88, 0x00, 0x00, 0x00, 0x00,
    0x00, 0x00, 0x00, 0x00, 0x00, 0x10, 0x20, 0x10, 0x20, 0x00, 0x00, 0x00,
    0x00, 0x00, 0x00, 0x00, 0x00, 0x00, 0x00, 0x20, 0x00, 0x20, 0x00, 0x00,
    0x00, 0x00, 0x00, 0x00, 0x00, 0x00, 0x00, 0x00, 0x50, 0x40, 0x50, 0x00,
    0x00, 0x00, 0x00, 0x00, 0x00, 0x00, 0x00, 0x00, 0x00, 0x00, 0x00, 0x00,
    0x00, 0x00, 0x00, 0x00, 0x00, 0x00, 0x00, 0x20, 0x10, 0x00, 0x20, 0x70,
    0x20, 0x00, 0x00, 0x00, 0x00, 0x00, 0x00, 0x00, 0x00, 0x00, 0x00, 0x48,
    0xa8, 0x90, 0x00, 0x00, 0x00, 0x00, 0x00, 0x00, 0x00, 0x00, 0x00, 0x00,
    0x80, 0x40, 0x40, 0x00, 0x00, 0x00, 0x00, 0x00, 0x00, 0x00, 0x00, 0x00,
    0x00, 0x00, 0x00, 0x00, 0x00, 0x00, 0x00, 0x00, 0x00, 0x00, 0x04, 0x08,
    0x04, 0x00, 0x18, 0x20, 0x20, 0x00, 0x00, 0x00, 0x00, 0x00, 0x00, 0x00,
    0x00, 0x00, 0x00, 0x04, 0x08, 0x08, 0x00, 0x00, 0x00, 0x00, 0x00, 0x00,
    0x00, 0x00, 0x00, 0x10, 0x24, 0x28, 0x28, 0x08, 0x00, 0x00, 0x00, 0x00,
    0x00, 0x00, 0x00, 0x00, 0x00, 0x50, 0xa8, 0x50, 0x50, 0x00, 0x00, 0x00,
    0x00, 0x00, 0x00, 0x00, 0x00, 0x00, 0x10, 0x28, 0x10, 0x10, 0x00, 0x00,
    0x00, 0x00, 0x00, 0x00, 0x00, 0x00, 0x00, 0x50, 0xd0, 0x20, 0x00, 0x00,
    0x00, 0x00, 0x00, 0x00, 0x00, 0x00, 0x00, 0x00, 0x00, 0x00, 0x00, 0x00,
    0x00, 0x00, 0x00, 0x00, 0x00, 0x00, 0x10, 0x70, 0x00, 0x00, 0x00, 0x00,
    0x00, 0x00, 0x00, 0x00, 0x00, 0x00, 0x20, 0x40, 0x20, 0x00, 0x00, 0x00,
    0x00, 0x00, 0x00, 0x00, 0x00, 0x00, 0x00, 0x00, 0x10, 0x20, 0x00, 0x00,
    0x00, 0x00, 0x00, 0x00, 0x00, 0x00, 0x00, 0x00, 0x00, 0x48, 0x90, 0x00,
    0x40, 0x20, 0x20, 0x00, 0x00, 0x00, 0x00, 0x00, 0x00, 0x00, 0x00, 0x00,
    0x00, 0x40, 0xa0, 0x40, 0x40, 0x00, 0x00, 0x00, 0x00, 0x00, 0x00, 0x00,
    0x00, 0x00, 0x00, 0x00, 0x00, 0x00, 0x00, 0x00, 0x00, 0x00, 0x00, 0x00,
    0x50, 0x20, 0x00, 0x20, 0x40, 0x20, 0x00, 0x00, 0x00, 0x00, 0x00, 0x00,
    0x00, 0x00, 0x00, 0x00, 0x10, 0x10, 0x70, 0x00, 0x00, 0x00, 0x00, 0x00,
    0x00, 0x00, 0x00, 0x00, 0x00, 0x00, 0x00, 0x00, 0x00, 0x00, 0x00, 0x00,
    0x00, 0x00, 0x00, 0x08, 0x04, 0x00, 0x20, 0x50, 0x20, 0x00, 0x00, 0x00,
    0x00, 0x00, 0x00, 0x00, 0x00, 0x00, 0x00, 0x00, 0x00, 0x00, 0x00, 0x00,
    0x00, 0x00, 0x00, 0x00, 0x20, 0x00, 0x20, 0x00, 0x00, 0x00, 0x00, 0x00,
    0x00, 0x00, 0x00, 0x00, 0x00, 0xa8, 0x00, 0x48, 0x00, 0x00, 0x00, 0x00,
    0x00, 0x00, 0x00, 0x00, 0x00, 0x00, 0x08, 0xe0, 0x08, 0x00, 0x00, 0x00,
    0x00, 0x00, 0x00, 0x00, 0x00, 0x00, 0x00, 0x08, 0xe0, 0x48, 0x00, 0x00,
    0x00, 0x00, 0x00, 0x00, 0x00, 0x00, 0x00, 0x00, 0x00, 0x00, 0x20, 0x00,
    0x00, 0x00, 0x00, 0x00, 0x00, 0x00, 0x00, 0x00, 0x00, 0x00, 0x00, 0x50,
    0x00, 0x00, 0x00, 0x00, 0x00, 0x00, 0x00, 0x00, 0x00, 0x00, 0x00, 0x88,
    0x20, 0x00, 0x00, 0x00, 0x00, 0x00, 0x00, 0x00, 0x00, 0x00, 0x00, 0x00,
    0x00, 0x70, 0x00, 0x00, 0x00, 0x00, 0x00, 0x00, 0x00, 0x00, 0x00, 0x00,
    0x00, 0x70, 0x20, 0x00, 0x00, 0x00, 0x40, 0x00, 0x00, 0x00, 0x00, 0x00,
    0x00, 0x00, 0x00, 0x00, 0x00, 0x00, 0x00, 0x00, 0x00, 0x00, 0x00, 0x00,
    0x00, 0x00, 0x80, 0x20, 0x08, 0x00, 0x00, 0x00, 0x00, 0x00, 0x00, 0x00,
    0x20, 0x00, 0x00, 0x00, 0x00, 0x00, 0x00, 0x00, 0x00, 0x00, 0x00, 0x00,
    0x00, 0x00, 0x00, 0x00, 0x00, 0x20, 0x20, 0x00, 0x00, 0x00, 0x00, 0x00,
    0x78, 0x00, 0x00, 0x00, 0x00, 0x00, 0x00, 0x00, 0x00, 0x00, 0x00, 0x70,
    0x00, 0x00, 0x00, 0x00, 0x00, 0x00, 0x00, 0x00, 0x00, 0x00, 0x00, 0x00,
    0x00, 0x00, 0x20, 0x20, 0x20, 0x20, 0x20, 0x20, 0x00, 0x00, 0x00, 0x00,
    0x00, 0x08, 0x00, 0x00, 0x00, 0x00, 0x00, 0x00, 0x00, 0x00, 0x00, 0x00,
    0x00, 0x00, 0x80, 0x00, 0x00, 0x00, 0x00, 0x00, 0x00, 0x00, 0x00, 0x00,
    0x00, 0x00, 0x00, 0x00, 0x00, 0x20, 0x20, 0x00, 0x00, 0x20, 0x20, 0x00,
    0x00, 0x00, 0x00, 0x00, 0x20, 0x00, 0x00, 0x00, 0x00, 0x00, 0x00, 0x00,
    0x00, 0x00, 0x00, 0x00, 0x00, 0x00, 0x00, 0x90, 0x48, 0x68, 0x90, 0x88,
    0xc8, 0x00, 0x00, 0x00, 0x00, 0x00, 0x00, 0x00, 0xf0, 0x10, 0x10, 0x10,
    0x10, 0xf8, 0x00, 0x00, 0x00, 0x00, 0x00, 0x00, 0x00, 0x40, 0x20, 0x10,
    0x10, 0x28, 0x48, 0x00, 0x00, 0x00, 0x00, 0x00, 0x00, 0x00, 0xf8, 0x10,
    0x10, 0x10, 0x10, 0x10, 0x00, 0x00, 0x00, 0x00, 0x00, 0x00, 0x00, 0xf8,
    0x08, 0x08, 0x88, 0x88, 0x88, 0x00, 0x00, 0x00, 0x00, 0x00, 0x00, 0x00,
    0x30, 0x10, 0x10, 0x10, 0x10, 0x10, 0x00, 0x00, 0x00, 0x00, 0x00, 0x00,
    0x00, 0xf8, 0x20, 0x20, 0x10, 0x10, 0x10, 0x00, 0x00, 0x00, 0x00, 0x00,
    0x00, 0x00, 0xf8, 0x48, 0x48, 0x48, 0x48, 0x48, 0x00, 0x00, 0x00, 0x00,
    0x00, 0x00, 0x00, 0x98, 0xa8, 0xa8, 0x88, 0x88, 0xf8, 0x00, 0x00, 0x00,
    0x00, 0x00, 0x00, 0x00, 0x30, 0x10, 0x10, 0x00, 0x00, 0x00, 0x00, 0x00,
    0x00, 0x00, 0x00, 0x00, 0x00, 0xf8, 0x08, 0x08, 0x08, 0x08, 0x08, 0x08,
    0x08, 0x00, 0x00, 0x00, 0x00, 0x00, 0xf8, 0x08, 0x08, 0x08, 0x08, 0xf0,
    0x00, 0x00, 0x00, 0x00, 0x80, 0x80, 0x80, 0xf8, 0x08, 0x08, 0x08, 0x10,
    0x60, 0x00, 0x00, 0x00, 0x00, 0x00, 0x00, 0x00, 0xf8, 0x48, 0x48, 0x48,
    0x48, 0x78, 0x00, 0x00, 0x00, 0x00, 0x00, 0x00, 0x00, 0x90, 0xa8, 0x48,
    0x88, 0x88, 0xb8, 0x00, 0x00, 0x00, 0x00, 0x00, 0x00, 0x00, 0x30, 0x10,
    0x10, 0x10, 0x10, 0x10, 0x10, 0x10, 0x00, 0x00, 0x00, 0x00, 0x00, 0x18,
    0x08, 0x08, 0x08, 0x08, 0x78, 0x00, 0x00, 0x00, 0x00, 0x00, 0x00, 0x00,
    0xf8, 0x48, 0x48, 0x48, 0x50, 0x60, 0x00, 0x00, 0x00, 0x00, 0x00, 0x00,
    0x00, 0xd8, 0x48, 0x48, 0x48, 0x48, 0xf0, 0x00, 0x00, 0x00, 0x00, 0x00,
    0x00, 0x00, 0xf8, 0x48, 0x48, 0x48, 0x08, 0x08, 0x08, 0x08, 0x00, 0x00,
    0x00, 0x00, 0x00, 0xf8, 0x48, 0x48, 0x08, 0x08, 0xf0, 0x00, 0x00, 0x00,
    0x00, 0x00, 0x00, 0x00, 0x90, 0x48, 0x48, 0x50, 0x60, 0x40, 0x40, 0x40,
    0x00, 0x00, 0x00, 0x00, 0x00, 0x90, 0x48, 0x28, 0x10, 0x08, 0xf8, 0x00,
    0x00, 0x00, 0x00, 0x00, 0x00, 0x00, 0xf8, 0x08, 0x88, 0x88, 0x88, 0xb0,
    0x80, 0x80, 0x00, 0x00, 0x00, 0x00, 0x00, 0xf0, 0x08, 0x08, 0x08, 0x08,
    0x08, 0x00, 0x00, 0x00, 0x00, 0x00, 0x00, 0x00, 0xa8, 0xa8, 0xa8, 0xe8,
    0x88, 0xf0, 0x00, 0x00, 0x00, 0x00, 0x00, 0x00, 0x00, 0xf8, 0x48, 0x48,
    0x48, 0x48, 0xc8, 0x00, 0x00, 0x00, 0x00, 0x00, 0x00, 0x00, 0xd8, 0x48,
    0x48, 0x48, 0x48, 0x48, 0x00, 0x00, 0x00, 0x00, 0x00, 0x00, 0x00, 0xd8,
    0x48, 0x48, 0x08, 0x08, 0x08, 0x00, 0x00, 0x00, 0x00, 0x00, 0x00, 0x00,
    0xd8, 0x48, 0x48, 0x00, 0x00, 0x00, 0x00, 0x00, 0x00, 0x00, 0x00, 0x00,
    0x00, 0x10, 0x20, 0x00, 0x00, 0x00, 0x00, 0x00, 0x00, 0x00, 0x00, 0x00,
    0x00, 0x00, 0x48, 0x90, 0x00, 0x00, 0x00, 0x00, 0x00, 0x00, 0x00, 0x00,
    0x00, 0x00, 0x00, 0x70, 0x88, 0xc8, 0x48, 0x48, 0x48, 0x00, 0x00, 0x00,
    0x00, 0x00, 0x00, 0x00, 0x68, 0x68, 0x28, 0x48, 0x48, 0x30, 0x00, 0x00,
    0x00, 0x00, 0x00, 0x00, 0x00, 0xa8, 0xe8, 0x28, 0x48, 0x48, 0x30, 0x00,
    0x00, 0x00, 0x00, 0x00, 0x00, 0x00, 0x70, 0x88, 0xe8, 0xe8, 0xc8, 0x48,
    0x00, 0x00, 0x00, 0x00, 0x00, 0x00, 0x00, 0x50, 0xa8, 0xe8, 0xe8, 0xc8,
    0x48, 0x00, 0x00, 0x00, 0x00, 0x00, 0x00, 0x00, 0xa8, 0xe8, 0x28, 0x48,
    0xe8, 0xd0, 0x00, 0x00, 0x00, 0x00, 0x00, 0x00, 0x00, 0x30, 0x30, 0x10,
    0x90, 0x50, 0x30, 0x00, 0x00, 0x00, 0x00, 0x00, 0x00, 0x00, 0x70, 0x88,
    0x68, 0x68, 0x28, 0x30, 0x00, 0x00, 0x00, 0x00, 0x00, 0x00, 0x00, 0xe0,
    0x10, 0xd0, 0xd0, 0x78, 0x58, 0x00, 0x00, 0x00, 0x00, 0x00, 0x00, 0x10,
    0xd0, 0xe0, 0x50, 0x90, 0x90, 0x60, 0x00, 0x00, 0x00, 0x00, 0x00, 0x00,
    0x08, 0xa8, 0xf0, 0x28, 0x48, 0x48, 0x30, 0x00, 0x00, 0x00, 0x00, 0x00,
    0x00, 0x00, 0x68, 0xa8, 0x68, 0xa8, 0xf8, 0xe8, 0x00, 0x00, 0x00, 0x00,
    0x00, 0x00, 0x00, 0x68, 0xa8, 0x68, 0xb8, 0xe0, 0xf8, 0x00, 0x00, 0x00,
    0x00, 0x00, 0x00, 0x00, 0x70, 0x88, 0x48, 0x48, 0xc8, 0xd8, 0x38, 0x48,
    0x00, 0x00, 0x00, 0x00, 0x00, 0x70, 0x88, 0x48, 0x48, 0xc8, 0xd8, 0xa8,
    0x50, 0x00, 0x00, 0x00, 0x00, 0x00, 0x78, 0x80, 0x70, 0x68, 0x68, 0x18,
    0xa8, 0x58, 0x00, 0x00, 0x00, 0x00, 0x00, 0xa8, 0xf8, 0x28, 0x48, 0x48,
    0x48, 0x00, 0x00, 0x00, 0x00, 0x00, 0x00, 0x00, 0xa8, 0xe8, 0xa8, 0xa8,
    0xf8, 0xe8, 0x00, 0x00, 0x00, 0x00, 0x00, 0x00, 0x00, 0x68, 0xa8, 0x68,
    0xb0, 0xb8, 0xf8, 0x00, 0x00, 0x00, 0x00, 0x00, 0x00, 0x00, 0x70, 0x88,
    0xe8, 0xe8, 0xa8, 0x48, 0x00, 0x00, 0x00, 0x00, 0x00, 0x00, 0x00, 0x50,
    0xa8, 0xe8, 0xe8, 0xa8, 0x48, 0x00, 0x00, 0x00, 0x00, 0x00, 0x00, 0x00,
    0x70, 0x88, 0xc8, 0x48, 0x68, 0x68, 0x00, 0x00, 0x00, 0x00, 0x00, 0x00,
    0x00, 0xd0, 0xe8, 0x48, 0x48, 0x48, 0x48, 0x00, 0x00, 0x00, 0x00, 0x00,
    0x00, 0x00, 0x78, 0x80, 0xf0, 0x48, 0x48, 0x30, 0x00, 0x00, 0x00, 0x00,
    0x00, 0x00, 0x00, 0xd0, 0xd0, 0x50, 0x90, 0xb8, 0x58, 0x00, 0x00, 0x00,
    0x00, 0x00, 0x00, 0x00, 0xc8, 0xc8, 0x48, 0x48, 0x48, 0x30, 0x00, 0x00,
    0x00, 0x00, 0x00, 0x08, 0x08, 0xc8, 0xc8, 0x48, 0x48, 0x48, 0x30, 0x00,
    0x00, 0x00, 0x00, 0x00, 0x00, 0x00, 0xc8, 0xc8, 0x88, 0xa8, 0xa8, 0x50,
    0x00, 0x00, 0x00, 0x00, 0x00, 0x08, 0x08, 0xc8, 0xc8, 0x88, 0xa8, 0xa8,
    0x50, 0x00, 0x00, 0x00, 0x00, 0x00, 0x00, 0x00, 0xc8, 0xc8, 0x48, 0xa8,
    0xa8, 0x50, 0x00, 0x00, 0x00, 0x00, 0x00, 0x08, 0x08, 0xc8, 0xc8, 0x48,
    0xa8, 0xa8, 0x50, 0x00, 0x00, 0x00, 0x00, 0x00, 0x00, 0x00, 0x70, 0x88,
    0xc8, 0x48, 0xc8, 0xc8, 0x00, 0x00, 0x00, 0x00, 0x00, 0x00, 0x00, 0xc8,
    0xc8, 0x48, 0x48, 0xe8, 0xd0, 0x00, 0x00, 0x00, 0x00, 0x00, 0x00, 0x00,
    0xc8, 0xc8, 0x88, 0x68, 0x88, 0x70, 0x00, 0x00, 0x00, 0x00, 0x00, 0x00,
    0x00, 0x70, 0x88, 0xe0, 0x10, 0x30, 0x30, 0x00, 0x00, 0x00, 0x00, 0x00,
    0x00, 0x00, 0x70, 0x88, 0xc8, 0x48, 0x68, 0x68, 0x08, 0x08, 0x00, 0x00,
    0x00, 0x00, 0x00, 0x70, 0x88, 0x68, 0x98, 0xc8, 0xc8, 0x00, 0x00, 0x00,
    0x00, 0x00, 0x00, 0x00, 0x70, 0x88, 0xc8, 0x48, 0xc8, 0xc8, 0x08, 0x08,
    0x00, 0x00, 0x00, 0x00, 0x00, 0x70, 0x88, 0x08, 0x08, 0x18, 0x18, 0x00,
    0x00, 0x00, 0x00, 0x00, 0x08, 0x08, 0x70, 0x88, 0xe8, 0xe8, 0xc8, 0x48,
    0x00, 0x00, 0x00, 0x00, 0x00, 0x00, 0x00, 0xd0, 0xd0, 0x70, 0xb8, 0x90,
    0x70, 0x00, 0x00, 0x00, 0x00, 0x00, 0x08, 0x08, 0x70, 0x88, 0x68, 0x98,
    0xc8, 0xc8, 0x00, 0x00, 0x00, 0x00, 0x00, 0x00, 0x00, 0xd8, 0xd8, 0x50,
    0x68, 0x48, 0x48, 0x00, 0x00, 0x00, 0x00, 0x00, 0x08, 0x08, 0xd0, 0xc8,
    0x48, 0xa8, 0xa8, 0x50, 0x00, 0x00, 0x00, 0x00, 0x00, 0x00, 0x00, 0xf0,
    0x08, 0xc8, 0xc8, 0x88, 0x70, 0x00, 0x00, 0x00, 0x00, 0x00, 0x08, 0x08,
    0xf0, 0x08, 0xc8, 0xc8, 0x88, 0x70, 0x00, 0x00, 0x00, 0x00, 0x00, 0x00,
    0x00, 0xd8, 0xe8, 0x08, 0x08, 0x08, 0x10, 0x00, 0x00, 0x00, 0x00, 0x00,
    0x00, 0x00, 0x00, 0x68, 0x70, 0x00, 0x68, 0x70, 0x00, 0x00, 0x00, 0x00,
    0x40, 0x78, 0x00, 0x00, 0x00, 0x00, 0x00, 0x00, 0x00, 0x00, 0x00, 0x00,
    0x00, 0x00, 0x00, 0x00, 0x70, 0x88, 0x08, 0x08, 0x08, 0x08, 0x00, 0x00,
    0x00, 0x00, 0x00, 0xc0, 0xc0, 0x30, 0x48, 0x08, 0x08, 0x08, 0x08, 0x00,
    0x00, 0x00, 0x00, 0x00, 0x78, 0x00, 0x00, 0x00, 0x00, 0x00, 0x00, 0x00,
    0x00, 0x00, 0x00, 0x00, 0x08, 0x78, 0x00, 0x00, 0x00, 0x00, 0x00, 0x00,
    0x00, 0x00, 0x00, 0x00, 0x00, 0x18, 0x78, 0x00, 0x00, 0x00, 0x00, 0x00,
    0x00, 0x00, 0x00, 0x00, 0x00, 0x00, 0x28, 0x78, 0x00, 0x00, 0x00, 0x00,
    0x00, 0x00, 0x00, 0x00, 0x00, 0x00, 0x00, 0x00, 0x00, 0x00, 0x00, 0x00,
    0x00, 0x00, 0x00, 0x00, 0x18, 0x08, 0x00, 0x00, 0x00, 0x00, 0x00, 0x00,
    0x00, 0x00, 0x00, 0x00, 0x00, 0x38, 0x18, 0x00, 0x00, 0x00, 0x00, 0x00,
    0x00, 0x00, 0x00, 0x00, 0x00, 0x00, 0x18, 0x18, 0x00, 0x00, 0x00, 0x20,
    0xf0, 0xa8, 0xa8, 0xf0, 0xa8, 0xa8, 0xf0, 0x20, 0x00, 0x00, 0x00, 0x00,
    0x00, 0x00, 0x40, 0x40, 0x40, 0x40, 0x60, 0x60, 0x00, 0x00, 0x00, 0x00,
    0x00, 0x00, 0x00, 0x90, 0x90, 0x90, 0x90, 0xd8, 0xd8, 0x00, 0x00, 0x00,
    0x00, 0x00, 0x78, 0x80, 0xf0, 0x10, 0x10, 0x10, 0x18, 0x18, 0x00, 0x00,
    0x00, 0x00, 0x00, 0x70, 0x90, 0xb0, 0x70, 0x10, 0x10, 0x18, 0x18, 0x00,
    0x00, 0x00, 0x00, 0x00, 0xb0, 0x50, 0x10, 0x10, 0x10, 0x10, 0x18, 0x18,
    0x00, 0x00, 0x00, 0x00, 0x00, 0x00, 0x00, 0x70, 0x88, 0x08, 0x08, 0x08,
    0x08, 0x08, 0x08, 0x00, 0x00, 0x00, 0x00, 0x00, 0xe8, 0xd8, 0x08, 0x08,
    0x08, 0x08, 0x10, 0x20, 0x00, 0x78, 0x60, 0x58, 0x00, 0x00, 0x00, 0x00,
    0x00, 0x00, 0x00, 0x00, 0x00, 0x08, 0x08, 0x00, 0x00, 0x00, 0x00, 0x00,
    0x00, 0x00, 0x00, 0x00, 0x00, 0x00, 0x68, 0x30, 0x00, 0x00, 0x00, 0x00,
    0x00, 0x00, 0x00, 0x00, 0x00, 0x00, 0x00, 0x54, 0x78, 0x00, 0x00, 0x00,
    0x00, 0x00, 0x00, 0x00, 0x00, 0x00, 0x00, 0x00, 0x10, 0x38, 0x10, 0x00,
    0x00, 0x00, 0x00, 0x00, 0x00, 0x00, 0x00, 0x00, 0x00, 0x18, 0x10, 0x00,
    0x00, 0x00, 0x00, 0x00, 0x00, 0x00, 0x00, 0x00, 0x00, 0x00, 0x18, 0x18,
    0x00, 0x00, 0x00, 0x00, 0x00, 0x00, 0x00, 0x00, 0x00, 0x00, 0x00, 0x00,
    0x18, 0x38, 0x30, 0x00, 0x00, 0x00, 0x00, 0x00, 0x00, 0x00, 0x00, 0x00,
    0x00, 0x00, 0x00, 0x00, 0x00, 0x00, 0x70, 0x88, 0xa8, 0x88, 0x70, 0x00,
    0x00, 0x00, 0x00, 0x00, 0x00, 0x00, 0x00, 0x70, 0x88, 0x88, 0x88, 0x70,
    0x00, 0x00, 0x00, 0x00, 0x00, 0x00, 0x00, 0x00, 0x70, 0xa8, 0xe8, 0x08,
    0x70, 0x00, 0x00, 0x00, 0x00, 0x00, 0x00, 0x80, 0x80, 0xa8, 0xb8, 0xb8,
    0x88, 0x70, 0x00, 0x00, 0x00, 0x00, 0x00, 0x00, 0x00, 0x00, 0x50, 0xa8,
    0x88, 0xc8, 0xc8, 0x00, 0x00, 0x00, 0x00, 0x00, 0x00, 0x08, 0x08, 0x70,
    0x80, 0xb0, 0xb0, 0x78, 0x00, 0x00, 0x00, 0x00, 0x00, 0x00, 0x08, 0x68,
    0x70, 0x80, 0xb0, 0xb0, 0x78, 0x00, 0x00, 0x00, 0x00, 0x00, 0x00, 0x00,
    0x80, 0x50, 0x28, 0x08, 0x68, 0x70, 0x00, 0x00, 0x00, 0x00, 0x00, 0x00,
    0x08, 0x08, 0xa8, 0xe8, 0xa8, 0xa8, 0xd0, 0x00, 0x00, 0x00, 0x00, 0x00,
    0x00, 0x00, 0x08, 0x70, 0x80, 0x98, 0xa8, 0xd8, 0x00, 0x00, 0x00, 0x00,
    0x00, 0x00, 0x08, 0x08, 0x30, 0x60, 0xa0, 0xd0, 0xc8, 0x00, 0x00, 0x00,
    0x00, 0x00, 0x00, 0x00, 0x54, 0x74, 0x14, 0x14, 0x14, 0x28, 0x00, 0x00,
    0x00, 0x00, 0x00, 0x00, 0x00, 0xc0, 0xc0, 0xa8, 0xb0, 0xa0, 0x40, 0x00,
    0x00, 0x00, 0x00, 0x00, 0x00, 0x00, 0x00, 0x40, 0x30, 0x08, 0x88, 0x70,
    0x00, 0x00, 0x00, 0x00, 0x40, 0x60, 0x20, 0x20, 0x70, 0x88, 0x88, 0x88,
    0x70, 0x00, 0x00, 0x00, 0x00, 0x00, 0x00, 0x40, 0xa0, 0xa0, 0x20, 0x70,
    0x88, 0x88, 0x88, 0x70, 0x00, 0x00, 0x00, 0x00, 0x00, 0x00, 0x70, 0xa8,
    0xa8, 0x90, 0x80, 0x60, 0x10, 0x00, 0x00, 0x00, 0x00, 0x70, 0x88, 0x88,
    0x08, 0x08, 0x08, 0x88, 0x88, 0x70, 0x00, 0x00, 0x00, 0x00, 0x70, 0x88,
    0x88, 0x30, 0x08, 0x08, 0x88, 0x88, 0x70, 0x00, 0x00, 0x40, 0xa0, 0xa8,
    0x70, 0x30, 0x28, 0x28, 0x28, 0x10, 0x00, 0x00, 0x00, 0x00, 0x00, 0x00,
    0x00, 0x00, 0x50, 0xa8, 0xa8, 0xa8, 0x48, 0x00, 0x00, 0x00, 0x00, 0x00,
    0x00, 0x00, 0x00, 0x70, 0x88, 0x88, 0x88, 0x50, 0x00, 0x00, 0x00, 0x00,
    0x00, 0x00, 0x10, 0x08, 0x08, 0x30, 0x08, 0x08, 0x88, 0x88, 0x70, 0x00,
    0x00, 0x00, 0x00, 0x00, 0x00, 0x58, 0xb8, 0xb8, 0xa8, 0x80, 0x70, 0x08,
    0x00, 0x00, 0x70, 0x88, 0x88, 0x08, 0x78, 0x88, 0x88, 0x88, 0x70, 0x00,
    0x00, 0x00, 0x00, 0x78, 0x80, 0x80, 0x80, 0xf0, 0x88, 0x88, 0x88, 0x70,
    0x00, 0x00, 0x00, 0x00, 0x00, 0x00, 0x00, 0x00, 0x50, 0xa8, 0xa8, 0xa8,
    0x88, 0x00, 0x00, 0x00, 0x00, 0x20, 0x10, 0x08, 0x08, 0x30, 0x08, 0x88,
    0x88, 0x70, 0x00, 0x00, 0x00, 0x00, 0x00, 0x00, 0x00, 0x08, 0x18, 0xa8,
    0xa8, 0x48, 0x08, 0x48, 0x30, 0x00, 0x00, 0x00, 0x08, 0x70, 0x80, 0xd0,
    0xa8, 0xa8, 0xa8, 0x88, 0x00, 0x00, 0x00, 0x00, 0x80, 0x80, 0x80, 0x90,
    0xa0, 0x90, 0x88, 0x88, 0x70, 0x00, 0x00, 0x00, 0x00, 0x20, 0x50, 0x50,
    0x70, 0xd8, 0xd8, 0xa8, 0x88, 0x88, 0x88, 0x70, 0x00, 0x00, 0x00, 0x00,
    0xb0, 0x48, 0x48, 0x08, 0x08, 0x08, 0x48, 0x48, 0x30, 0x00, 0x00, 0x00,
    0x00, 0x00, 0x00, 0x50, 0xa8, 0xa8, 0x50, 0x08, 0x48, 0x30, 0x00, 0x00,
    0x08, 0x18, 0x08, 0x08, 0x38, 0x48, 0x08, 0x08, 0x08, 0x88, 0x70, 0x00,
    0x00, 0x00, 0x00, 0x00, 0x00, 0x50, 0xa8, 0xa8, 0x88, 0x80, 0x70, 0x08,
    0x00, 0x00, 0x00, 0x00, 0x00, 0x00, 0x88, 0x88, 0x88, 0x78, 0x08, 0x88,
    0x70, 0x00, 0x00, 0x50, 0xa8, 0xa8, 0xa8, 0x88, 0x38, 0x48, 0x48, 0x30,
    0x00, 0x00, 0x00, 0x00, 0x60, 0x90, 0x90, 0xe0, 0x80, 0xf0, 0x88, 0x88,
    0x88, 0x00, 0x00, 0x00, 0x00, 0x00, 0x00, 0x90, 0x88, 0x88, 0xb0, 0x88,
    0x88, 0x88, 0x88, 0x70, 0x00, 0x00, 0x10, 0x08, 0x08, 0x08, 0x78, 0x88,
    0x88, 0x88, 0x70, 0x00, 0x00, 0x00, 0x00, 0x50, 0xa8, 0xa8, 0x80, 0x80,
    0xf8, 0x88, 0x50, 0x50, 0x20, 0x20, 0x00, 0x00, 0x20, 0x60, 0xa0, 0x20,
    0x68, 0xb0, 0x68, 0x20, 0x20, 0xa0, 0xc0, 0x00, 0x00, 0x80, 0x80, 0x90,
    0xa0, 0xf0, 0x88, 0x88, 0x88, 0x70, 0x00, 0x00, 0x00, 0x00, 0x00, 0x00,
    0x00, 0x00, 0x88, 0x50, 0x20, 0x50, 0x88, 0x40, 0x80, 0x00, 0x40, 0x30,
    0x08, 0x30, 0x08, 0x08, 0x30, 0x88, 0x88, 0x70, 0x00, 0x00, 0x00, 0xa0,
    0x90, 0x88, 0xb0, 0x88, 0x88, 0xb0, 0x88, 0x88, 0x70, 0x00, 0x00, 0x00,
    0x00, 0x00, 0x00, 0x00, 0x70, 0x88, 0x88, 0x88, 0x50, 0xf8, 0x00, 0x00,
    0x00, 0x00, 0x00, 0x00, 0x00, 0x78, 0x08, 0x10, 0x30, 0x08, 0x08, 0x88,
    0x70, 0x00, 0x00, 0x20, 0x40, 0x30, 0x08, 0x08, 0x30, 0x08, 0x08, 0x88,
    0x88, 0x70, 0x00, 0x00, 0x60, 0x90, 0x90, 0x78, 0x10, 0x78, 0x90, 0x90,
    0x60, 0x00, 0x00, 0x00, 0x00, 0x00, 0x40, 0x20, 0x20, 0x70, 0xa8, 0xa8,
    0x70, 0x20, 0x20, 0x10, 0x00, 0x00, 0x30, 0x48, 0x08, 0x10, 0x20, 0x40,
    0x48, 0x48, 0x30, 0x00, 0x00, 0x00, 0x00, 0x88, 0x88, 0x88, 0xf0, 0x80,
    0x88, 0x88, 0x88, 0x70, 0x00, 0x00, 0x00, 0x00, 0x00, 0x00, 0xc0, 0xc0,
    0x18, 0x18, 0xc0, 0xc0, 0x00, 0x00, 0x00, 0x00, 0x00, 0x00, 0xf8, 0x08,
    0x08, 0x08, 0x08, 0x08, 0x10, 0x00, 0x00, 0x00, 0x00, 0x00, 0x00, 0xf8,
    0x28, 0x28, 0x28, 0x28, 0x28, 0x50, 0x00, 0x00, 0x00, 0x00, 0x00, 0x00,
    0xc8, 0x48, 0x50, 0x50, 0x58, 0x68, 0xa8, 0x00, 0x00, 0x00, 0x00, 0x00,
    0x00, 0x80, 0x80, 0x80, 0x80, 0x80, 0x80, 0xf8, 0x00, 0x00, 0x00, 0x00,
    0x00, 0x00, 0xb8, 0x90, 0x90, 0x90, 0xa8, 0xa8, 0xe8, 0x00, 0x00, 0x00,
    0x00, 0x00, 0x00, 0xb8, 0x80, 0xb8, 0x80, 0xb8, 0xa8, 0xd8, 0x00, 0x00,
    0x00, 0x00, 0x00, 0x00, 0xf8, 0x80, 0x80, 0x80, 0x80, 0x80, 0xf8, 0x00,
    0x00, 0x00, 0x00, 0x00, 0x00, 0xf8, 0x08, 0x08, 0xf8, 0x80, 0x80, 0xf8,
    0x00, 0x00, 0x00, 0x00, 0x00, 0x00, 0xf8, 0x28, 0x28, 0xe8, 0x88, 0xa8,
    0xc8, 0x00, 0x00, 0x00, 0x00, 0x00, 0x00, 0xdc, 0x54, 0x54, 0xd4, 0x94,
    0xb4, 0xdc, 0x00, 0x00, 0x00, 0x00, 0x00, 0x00, 0xd4, 0x54, 0x54, 0xdc,
    0x94, 0xb4, 0xdc, 0x00, 0x00, 0x00, 0x00, 0x00, 0x00, 0xe4, 0x24, 0x28,
    0xe8, 0x94, 0xb4, 0xd4, 0x00, 0x00, 0x00, 0x00, 0x00, 0x00, 0xd8, 0x50,
    0x50, 0xd8, 0x90, 0xb0, 0xd8, 0x00, 0x00, 0x00, 0x00, 0x00, 0x00, 0xdc,
    0x40, 0x54, 0xd4, 0x94, 0xa8, 0xdc, 0x00, 0x00, 0x00, 0x00, 0x00, 0x00,
    0xec, 0x20, 0x3c, 0xe8, 0x9c, 0xb4, 0xd8, 0x00, 0x00, 0x00, 0x00, 0x00,
    0x00, 0xf8, 0x88, 0x88, 0x88, 0x88, 0x88, 0xf8, 0x00, 0x00, 0x00, 0x00,
    0x00, 0x00, 0x88, 0x88, 0x88, 0xf8, 0x88, 0x88, 0xf8, 0x00, 0x00, 0x00,
    0x00, 0x00, 0x00, 0xa8, 0xa8, 0xa8, 0xe8, 0xb4, 0xb4, 0xd4, 0x00, 0x00,
    0x00, 0x00, 0x00, 0x00, 0x10, 0x10, 0x20, 0x20, 0x50, 0x50, 0x88, 0x00,
    0x00, 0x00, 0x00, 0x00, 0x00, 0x28, 0x28, 0x50, 0x50, 0x58, 0xa8, 0xa4,
    0x00, 0x00, 0x00, 0x00, 0x00, 0x00, 0x30, 0x48, 0x84, 0x84, 0x84, 0x48,
    0x30, 0x00, 0x00, 0x00, 0x00, 0x00, 0x00, 0xf8, 0x08, 0x10, 0x30, 0x48,
    0x48, 0x84, 0x00, 0x00, 0x00, 0x00, 0x00, 0x00, 0x70, 0x00, 0xf8, 0x20,
    0x20, 0x50, 0x88, 0x00, 0x00, 0x00, 0x00, 0x00, 0x00, 0xf8, 0x08, 0x08,
    0xf8, 0x08, 0x08, 0x10, 0x00, 0x00, 0x00, 0x00, 0x00, 0x00, 0xf8, 0x80,
    0x80, 0xf8, 0x80, 0x80, 0xf8, 0x00, 0x00, 0x00, 0x00, 0x00, 0x00, 0xf8,
    0x50, 0x50, 0x50, 0x50, 0x50, 0xf8, 0x00, 0x00, 0x00, 0x00, 0x00, 0x70,
    0x00, 0xf8, 0x00, 0x70, 0x88, 0x88, 0x70, 0x00, 0x00, 0x00, 0x00, 0x00,
    0x00, 0x20, 0x20, 0x50, 0x50, 0x50, 0x88, 0xf8, 0x00, 0x00, 0x00, 0x00,
    0x00, 0x00, 0x00, 0xf8, 0x00, 0x70, 0x88, 0x88, 0x70, 0x00, 0x00, 0x00,
    0x00, 0x00, 0x00, 0x00, 0x00, 0x00, 0xfc, 0x00, 0x00, 0x00, 0x00, 0x00,
    0x00, 0x00, 0x00, 0x00, 0x00, 0x00, 0x00, 0xfc, 0x08, 0x08, 0x08, 0x08,
    0x00, 0x00, 0x00, 0x00, 0x00, 0x00, 0x00, 0x00, 0xfc, 0x28, 0x28, 0x28,
    0x28, 0x00, 0x00, 0x00, 0x00, 0x00, 0x00, 0x00, 0x00, 0xfc, 0x38, 0x38,
    0x38, 0x38, 0x00, 0x00, 0x00, 0x00, 0x00, 0x00, 0x00, 0x00, 0xfc, 0x78,
    0x78, 0x78, 0x78, 0x00, 0x00, 0x00, 0x00, 0x00, 0x00, 0x00, 0x00, 0xfc,
    0xf8, 0xf8, 0xf8, 0xf8, 0x00, 0x00, 0x00, 0x00, 0x08, 0x08, 0x08, 0x08,
    0xfc, 0x00, 0x00, 0x00, 0x00, 0x00, 0x00, 0x00, 0x00, 0x28, 0x28, 0x28,
    0x28, 0xfc, 0x00, 0x00, 0x00, 0x00, 0x00, 0x00, 0x00, 0x00, 0x38, 0x38,
    0x38, 0x38, 0xfc, 0x00, 0x00, 0x00, 0x00, 0x00, 0x00, 0x00, 0x00, 0x78,
    0x78, 0x78, 0x78, 0xfc, 0x00, 0x00, 0x00, 0x00, 0x00, 0x00, 0x00, 0x00,
    0xf8, 0xf8, 0xf8, 0xf8, 0xfc, 0x00, 0x00, 0x00, 0x00, 0x00, 0x00, 0x00,
    0x00, 0x10, 0x10, 0x10, 0x10, 0xfc, 0x20, 0x20, 0x20, 0x20, 0x00, 0x00,
    0x00, 0x00, 0x28, 0x28, 0x28, 0x28, 0xfc, 0x50, 0x50, 0x50, 0x50, 0x00,
    0x00, 0x00, 0x00, 0x38, 0x38, 0x38, 0x38, 0xfc, 0x70, 0x70, 0x70, 0x70,
    0x00, 0x00, 0x00, 0x00, 0x3c, 0x3c, 0x3c, 0x3c, 0xfc, 0x78, 0x78, 0x78,
    0x78, 0x00, 0x00, 0x00, 0x00, 0x7c, 0x7c, 0x7c, 0x7c, 0xfc, 0xf8, 0xf8,
    0xf8, 0xf8, 0x00, 0x00, 0x00, 0x00, 0x00, 0x00, 0x00, 0x10, 0xfc, 0x10,
    0x00, 0x00, 0x00, 0x00, 0x00, 0x00, 0x00, 0x00, 0x00, 0x00, 0x28, 0xfc,
    0x28, 0x00, 0x00, 0x00, 0x00, 0x00, 0x00, 0x00, 0x00, 0x00, 0x00, 0x38,
    0xfc, 0x38, 0x00, 0x00, 0x00, 0x00, 0x00, 0x00, 0x00, 0x00, 0x00, 0x00,
    0x78, 0xfc, 0x78, 0x00, 0x00, 0x00, 0x00, 0x00, 0x00, 0x00, 0x00, 0x00,
    0x00, 0xf8, 0xfc, 0xf8, 0x00, 0x00, 0x00, 0x00, 0x00, 0x00, 0x00, 0x28,
    0x28, 0x10, 0x10, 0xfc, 0x10, 0x10, 0x28, 0x28, 0x00, 0x00, 0x00, 0x00,
    0x30, 0x48, 0x48, 0x84, 0xfc, 0x84, 0x48, 0x48, 0x30, 0x00, 0x00, 0x00,
    0x00, 0x00, 0x00, 0x00, 0x00, 0xfc, 0x40, 0x58, 0x48, 0x78, 0x00, 0x00,
    0x00, 0x00, 0x00, 0x00, 0x00, 0x00, 0xfc, 0xd8, 0x70, 0x70, 0xd8, 0x00,
    0x00, 0x00, 0x50, 0xf8, 0x50, 0xf8, 0x50, 0xfc, 0x00, 0x00, 0x00, 0x00,
    0x00, 0x00, 0x00, 0x00, 0x00, 0x00, 0x00, 0x00, 0xfc, 0x00, 0x78, 0x00,
    0x00, 0x00, 0x00, 0x00, 0x00, 0x00, 0x80, 0x40, 0x20, 0x1c, 0x20, 0x40,
    0x80, 0x00, 0x00, 0x00, 0x00, 0x00, 0x00, 0x04, 0x08, 0x10, 0xe0, 0x10,
    0x08, 0x04, 0x00, 0x00, 0x00, 0x00, 0x00, 0x48, 0x50, 0x60, 0x48, 0x50,
    0x60, 0x40, 0x40, 0x40, 0x00, 0x00, 0x10, 0x00, 0x48, 0x50, 0x60, 0x48,
    0x50, 0x60, 0x40, 0x40, 0x40, 0x00, 0x00, 0x00, 0x00, 0x80, 0xc0, 0xa0,
    0x90, 0x88, 0x88, 0x88, 0x88, 0x88, 0x00, 0x00, 0x00, 0x00, 0x80, 0xc0,
    0xa0, 0x90, 0xa8, 0xa8, 0xa8, 0xa8, 0xa8, 0x00, 0x00, 0x00, 0x00, 0x80,
    0xc0, 0xa0, 0x90, 0x88, 0xa8, 0x88, 0x88, 0x88, 0x00, 0x00, 0x00, 0x00,
    0x80, 0xc0, 0xa0, 0x90, 0xc8, 0xa8, 0xa8, 0xa8, 0xa8, 0x00, 0x00, 0x00,
    0x00, 0x40, 0x40, 0x70, 0x48, 0x48, 0x48, 0x70, 0x40, 0x40, 0x00, 0x00,
    0x00, 0x00, 0x80, 0x80, 0xf0, 0x88, 0xa8, 0x88, 0xf0, 0x80, 0x80, 0x00,
    0x00, 0x00, 0x00, 0xc0, 0xa0, 0x90, 0xc0, 0xa0, 0x90, 0x80, 0x80, 0x80,
    0x00, 0x00, 0x00, 0x00, 0xc8, 0xb0, 0x80, 0xc8, 0xb0, 0x80, 0x80, 0x80,
    0x80, 0x00, 0x00, 0x00, 0x00, 0x88, 0xd0, 0xa0, 0x80, 0xc0, 0xb0, 0x80,
    0x80, 0x80, 0x00, 0x00, 0x00, 0x00, 0x60, 0x50, 0x48, 0x60, 0x50, 0x48,
    0x40, 0x40, 0x40, 0x00, 0x00, 0x00, 0x00, 0x20, 0xa0, 0x60, 0x30, 0xa8,
    0x60, 0x30, 0x28, 0x20, 0x00, 0x00, 0x00, 0x00, 0x20, 0x20, 0x20, 0x30,
    0x28, 0x20, 0x30, 0x28, 0x20, 0x00, 0x00, 0x00, 0x00, 0x20, 0x20, 0x20,
    0x60, 0xa0, 0x20, 0x60, 0xa0, 0x20, 0x00, 0x00, 0x00, 0x00, 0x20, 0x28,
    0x30, 0x60, 0xa8, 0x30, 0x60, 0xa0, 0x20, 0x00, 0x00, 0x00, 0x00, 0x20,
    0x28, 0x30, 0x60, 0xa0, 0x20, 0x60, 0xa0, 0x20, 0x00, 0x00, 0x00, 0x00,
    0xc0, 0xb0, 0x88, 0xb0, 0xc0, 0xa0, 0x90, 0x88, 0x80, 0x00, 0x00, 0x00,
    0x00, 0x00, 0x08, 0x10, 0x20, 0x40, 0x20, 0x10, 0x08, 0x00, 0x00, 0x00,
    0x00, 0x00, 0x80, 0x80, 0x80, 0x80, 0x80, 0xc0, 0xa0, 0x90, 0x88, 0x00,
    0x00, 0x00, 0x00, 0x88, 0x90, 0xa0, 0xc0, 0x80, 0x80, 0x80, 0x80, 0x80,
    0x00, 0x00, 0x00, 0x20, 0x88, 0x90, 0xa0, 0xc0, 0x80, 0x80, 0x80, 0x80,
    0x80, 0x00, 0x00, 0x00, 0x00, 0x88, 0x90, 0xe0, 0xc0, 0xc0, 0x80, 0x80,
    0x80, 0x80, 0x00, 0x00, 0x00, 0x00, 0x88, 0x88, 0x50, 0x50, 0x20, 0x50,
    0x50, 0x88, 0x88, 0x00, 0x00, 0x00, 0x00, 0x88, 0x88, 0x50, 0x50, 0xa8,
    0x50, 0x50, 0x88, 0x88, 0x00, 0x00, 0x00, 0x00, 0xc0, 0xb0, 0x88, 0xb0,
    0xc0, 0x80, 0x80, 0x80, 0x80, 0x00, 0x00, 0x00, 0x00, 0x88, 0x88, 0x88,
    0xc8, 0xa8, 0x98, 0x88, 0x88, 0x88, 0x00, 0x00, 0x00, 0x00, 0x88, 0x88,
    0xc8, 0xa8, 0xd8, 0xa8, 0x98, 0x88, 0x88, 0x00, 0x00, 0x00, 0x00, 0x20,
    0x20, 0xa8, 0x70, 0x20, 0x70, 0xa8, 0x20, 0x20, 0x00, 0x00, 0x00, 0x00,
    0x20, 0x20, 0x20, 0x70, 0x70, 0x70, 0x20, 0x20, 0x20, 0x00, 0x00, 0x00,
    0x00, 0x20, 0x20, 0xa0, 0x60, 0x20, 0x30, 0x28, 0x20, 0x20, 0x00, 0x00,
    0x00, 0x00, 0x20, 0x20, 0x20, 0x20, 0x30, 0x28, 0x20, 0x20, 0x20, 0x00,
    0x00, 0x00, 0x00, 0x20, 0x20, 0xa0, 0x70, 0x70, 0x70, 0x28, 0x20, 0x20,
    0x00, 0x00, 0x00, 0x00, 0x20, 0x20, 0x20, 0x20, 0x20, 0x20, 0x20, 0x20,
    0x20, 0x00, 0x00, 0x00, 0x00, 0x20, 0x20, 0x20, 0x70, 0x70, 0x70, 0x20,
    0x20, 0x20, 0x00, 0x00, 0x00, 0x00, 0x00, 0x00, 0x20, 0x40, 0x90, 0x48,
    0x10, 0x20, 0x00, 0x00, 0x00, 0x00, 0x00, 0x20, 0x20, 0x20, 0x70, 0xa8,
    0x70, 0x20, 0x20, 0x20, 0x00, 0x00, 0x00, 0x00, 0x20, 0x20, 0x28, 0x30,
    0x20, 0x60, 0xa0, 0x20, 0x20, 0x00, 0x00, 0x00, 0x00, 0x20, 0x20, 0x20,
    0x20, 0x60, 0xa0, 0x20, 0x20, 0x20, 0x00, 0x00, 0x00, 0x00, 0x20, 0x30,
    0x28, 0x20, 0x20, 0x20, 0xa0, 0x60, 0x20, 0x00, 0x00, 0x00, 0x00, 0xc8,
    0xb0, 0x80, 0x80, 0x80, 0x80, 0x80, 0xb0, 0xc8, 0x00, 0x00, 0x00, 0x00,
    0xa8, 0x70, 0x20, 0x20, 0x20, 0x20, 0x20, 0x20, 0x20, 0x00, 0x00, 0x00,
    0x00, 0x10, 0x20, 0x40, 0x20, 0x10, 0x20, 0x40, 0x20, 0x10, 0x00, 0x00,
    0x00, 0x00, 0x80, 0x80, 0x88, 0x98, 0xa8, 0xc8, 0x88, 0x08, 0x08, 0x00,
    0x00, 0x00, 0x00, 0x20, 0x20, 0x20, 0x20, 0x20, 0x00, 0x00, 0x00, 0x00,
    0x00, 0x00, 0x00, 0x00, 0x20, 0x20, 0x20, 0x20, 0x70, 0x70, 0x00, 0x00,
    0x00, 0x00, 0x00, 0x00, 0x00, 0x20, 0x20, 0x20, 0xa8, 0x70, 0x20, 0x00,
    0x00, 0x00, 0x00, 0x00, 0x00, 0x00, 0x20, 0x70, 0xa8, 0x20, 0x20, 0x20,
    0x20, 0x20, 0x20, 0x00, 0x00, 0x00, 0x00, 0x20, 0x60, 0xa0, 0x20, 0x20,
    0x20, 0x20, 0x20, 0x20, 0x00, 0x00, 0x00, 0x00, 0x20, 0x60, 0xa0, 0x20,
    0x70, 0x70, 0x20, 0x20, 0x20, 0x00, 0x00, 0x00, 0x00, 0xc0, 0xb0, 0x88,
    0xb0, 0xc0, 0xb0, 0x88, 0xb0, 0xc0, 0x00, 0x00, 0x00, 0x00, 0x20, 0x20,
    0x28, 0x30, 0x20, 0x28, 0x30, 0x20, 0x20, 0x00, 0x00, 0x00, 0x00, 0xf0,
    0x88, 0xa8, 0x88, 0xf0, 0x88, 0xa8, 0x88, 0xf0, 0x00, 0x00, 0x00, 0x00,
    0x88, 0x90, 0xa0, 0xc0, 0x80, 0xc0, 0xa0, 0x90, 0x88, 0x00, 0x00, 0x00,
    0x00, 0x88, 0xd8, 0xa8, 0x88, 0x88, 0x88, 0x88, 0x88, 0x88, 0x00, 0x00,
    0x00, 0x00, 0x88, 0xd8, 0xa8, 0xd8, 0x88, 0x88, 0x88, 0x88, 0x88, 0x00,
    0x00, 0x00, 0x00, 0xa8, 0xa8, 0x70, 0x20, 0x20, 0x20, 0x20, 0x20, 0x20,
    0x00, 0x00, 0x00, 0x00, 0x70, 0x70, 0x70, 0x20, 0x20, 0x20, 0x20, 0x20,
    0x20, 0x00, 0x00, 0x00, 0x00, 0x20, 0x30, 0x28, 0x20, 0x20, 0x20, 0x20,
    0x20, 0x20, 0x00, 0x00, 0x00, 0x00, 0x20, 0x30, 0x28, 0x20, 0x70, 0x70,
    0x20, 0x20, 0x20, 0x00, 0x00, 0x00, 0x00, 0x00, 0x00, 0x20, 0x50, 0x88,
    0x50, 0x20, 0x00, 0x00, 0x00, 0x00, 0x00, 0x00, 0x88, 0x50, 0x20, 0x50,
    0x88, 0x50, 0x20, 0x50, 0x88, 0x00, 0x00, 0x00, 0x00, 0x88, 0xd8, 0xd8,
    0xa8, 0xa8, 0xa8, 0xd8, 0xd8, 0x88, 0x00, 0x00, 0x00, 0x00, 0x20, 0x50,
    0x88, 0x88, 0x50, 0x20, 0x50, 0x88, 0x88, 0x00, 0x00, 0x00, 0x00, 0xf8,
    0x70, 0x20, 0x20, 0x20, 0x20, 0x20, 0x20, 0x20, 0x00, 0x00, 0x00, 0x00,
    0x20, 0x20, 0xa8, 0x70, 0x20, 0x70, 0xa8, 0x20, 0x20, 0x00, 0x00, 0x00,
    0x00, 0x28, 0x30, 0x20, 0x20, 0x20, 0x20, 0x20, 0x60, 0xa0, 0x00, 0x00,
    0x00, 0x00, 0x20, 0x20, 0x20, 0x20, 0x20, 0x20, 0x20, 0x70, 0xa8, 0x00,
    0x00, 0x00, 0x00, 0xa8, 0xa8, 0x70, 0xa8, 0xa8, 0xa8, 0x70, 0xa8, 0xa8,
    0x00, 0x00, 0x00, 0x00, 0x88, 0xd8, 0xa8, 0xd8, 0x88, 0xd8, 0xa8, 0xd8,
    0x88, 0x00, 0x00, 0x00, 0x00, 0x20, 0x20, 0x20, 0x20, 0x20, 0x20, 0x70,
    0xa8, 0xa8, 0x00, 0x00, 0x00, 0x00, 0x00, 0x00, 0x00, 0x00, 0x20, 0x20,
    0x20, 0x20, 0x20, 0x00, 0x00, 0x00, 0x00, 0x20, 0x70, 0xa8, 0x20, 0x20,
    0x20, 0xa8, 0x70, 0x20, 0x00, 0x00, 0x00, 0x00, 0x18, 0x68, 0x88, 0x68,
    0x18, 0x08, 0x08, 0x08, 0x08, 0x00, 0x00, 0x00, 0x00, 0x40, 0xe0, 0x40,
    0x50, 0x70, 0x50, 0x10, 0x38, 0x10, 0x00, 0x00, 0x00, 0x00, 0x00, 0x00,
    0x00, 0x00, 0x20, 0x00, 0x00, 0x00, 0x00, 0x00, 0x00, 0x00, 0x00, 0x00,
    0x00, 0x20, 0x00, 0x00, 0x00, 0x20, 0x00, 0x00, 0x00, 0x00, 0x00, 0x00,
    0x00, 0x00, 0x20, 0x20, 0xf8, 0x20, 0x20, 0x00, 0x00, 0x00, 0x00, 0x00,
    0x00, 0x20, 0x30, 0x28, 0x20, 0x60, 0xa0, 0x20, 0x20, 0x20, 0x00, 0x00,
    0x00, 0x00, 0xa8, 0xa8, 0x70, 0x20, 0x20, 0x20, 0x70, 0xa8, 0xa8, 0x00,
    0x00, 0x00, 0x00, 0x20, 0x20, 0x70, 0xa8, 0xa8, 0xa8, 0x70, 0x20, 0x20,
    0x00, 0x00, 0x00, 0x00, 0x20, 0x50, 0x88, 0x88, 0xf8, 0x88, 0x88, 0x88,
    0x20, 0x50, 0x20, 0x00, 0x00, 0x00, 0x00, 0x70, 0x08, 0x78, 0x88, 0x98,
    0x68, 0x20, 0x50, 0x20, 0x00, 0x20, 0x20, 0x00, 0xf0, 0x48, 0x48, 0x70,
    0x48, 0x48, 0xf0, 0x00, 0x00, 0x00, 0x20, 0xa0, 0x80, 0x80, 0xf0, 0x88,
    0x88, 0x88, 0x88, 0xf0, 0x00, 0x00, 0x00, 0x00, 0xf0, 0x48, 0x48, 0x48,
    0x70, 0x48, 0x48, 0x48, 0xf0, 0x00, 0x20, 0x00, 0x00, 0x80, 0x80, 0x80,
    0xf0, 0x88, 0x88, 0x88, 0x88, 0xf0, 0x00, 0x20, 0x00, 0x00, 0xf0, 0x48,
    0x48, 0x48, 0x70, 0x48, 0x48, 0x48, 0xf0, 0x00, 0xf8, 0x00, 0x00, 0x80,
    0x80, 0x80, 0xf0, 0x88, 0x88, 0x88, 0x88, 0xf0, 0x00, 0xf8, 0x00, 0x10,
    0x20, 0x00, 0x70, 0x88, 0x80, 0x80, 0x80, 0x88, 0x70, 0x20, 0x40, 0x00,
    0x00, 0x10, 0x20, 0x00, 0x70, 0x88, 0x80, 0x80, 0x88, 0x70, 0x20, 0x40,
    0x00, 0x20, 0x20, 0x00, 0xf0, 0x48, 0x48, 0x48, 0x48, 0x48, 0xf0, 0x00,
    0x00, 0x00, 0x20, 0x28, 0x08, 0x08, 0x78, 0x88, 0x88, 0x88, 0x88, 0x78,
    0x00, 0x00, 0x00, 0x00, 0xf0, 0x48, 0x48, 0x48, 0x48, 0x48, 0x48, 0x48,
    0xf0, 0x00, 0x20, 0x00, 0x00, 0x08, 0x08, 0x08, 0x78, 0x88, 0x88, 0x88,
    0x88, 0x78, 0x00, 0x20, 0x00, 0x00, 0xf0, 0x48, 0x48, 0x48, 0x48, 0x48,
    0x48, 0x48, 0xf0, 0x00, 0xf8, 0x00, 0x00, 0x08, 0x08, 0x08, 0x78, 0x88,
    0x88, 0x88, 0x88, 0x78, 0x00, 0xf8, 0x00, 0x00, 0xf0, 0x48, 0x48, 0x48,
    0x48, 0x48, 0x48, 0x48, 0xf0, 0x20, 0x40, 0x00, 0x00, 0x08, 0x08, 0x08,
    0x78, 0x88, 0x88, 0x88, 0x88, 0x78, 0x20, 0x40, 0x00, 0x00, 0xf0, 0x48,
    0x48, 0x48, 0x48, 0x48, 0x48, 0xf0, 0x00, 0x20, 0x50, 0x00, 0x00, 0x08,
    0x08, 0x08, 0x78, 0x88, 0x88, 0x88, 0x78, 0x00, 0x20, 0x50, 0x40, 0x20,
    0xf8, 0x00, 0xf8, 0x80, 0x80, 0xf0, 0x80, 0x80, 0xf8, 0x00, 0x00, 0x00,
    0x40, 0x20, 0xf8, 0x00, 0x70, 0x88, 0xf8, 0x80, 0x88, 0x70, 0x00, 0x00,
    0x10, 0x20, 0xf8, 0x00, 0xf8, 0x80, 0x80, 0xf0, 0x80, 0x80, 0xf8, 0x00,
    0x00, 0x00, 0x10, 0x20, 0xf8, 0x00, 0x70, 0x88, 0xf8, 0x80, 0x88, 0x70,
    0x00, 0x00, 0x00, 0x00, 0xf8, 0x80, 0x80, 0xf0, 0x80, 0x80, 0x80, 0xf8,
    0x00, 0x20, 0x50, 0x00, 0x00, 0x00, 0x00, 0x70, 0x88, 0xf8, 0x80, 0x88,
    0x70, 0x00, 0x20, 0x50, 0x00, 0x00, 0xf8, 0x80, 0x80, 0xf0, 0x80, 0x80,
    0x80, 0xf8, 0x00, 0x28, 0x50, 0x00, 0x00, 0x00, 0x00, 0x70, 0x88, 0xf8,
    0x80, 0x88, 0x70, 0x00, 0x28, 0x50, 0x00, 0x88, 0x70, 0x00, 0xf8, 0x80,
    0x80, 0xf0, 0x80, 0x80, 0xf8, 0x20, 0x40, 0x00, 0x00, 0x88, 0x70, 0x00,
    0x70, 0x88, 0xf8, 0x80, 0x88, 0x70, 0x20, 0x40, 0x00, 0x20, 0x20, 0x00,
    0xf8, 0x80, 0x80, 0xf0, 0x80, 0x80, 0x80, 0x00, 0x00, 0x00, 0x20, 0x20,
    0x00, 0x30, 0x48, 0x40, 0xf0, 0x40, 0x40, 0x40, 0x00, 0x00, 0x00, 0xf8,
    0x00, 0x70, 0x88, 0x80, 0x80, 0x98, 0x88, 0x88, 0x70, 0x00, 0x00, 0x00,
    0x00, 0x00, 0xf8, 0x00, 0x70, 0x88, 0x88, 0x88, 0x78, 0x08, 0x88, 0x70,
    0x00, 0x20, 0x20, 0x00, 0x88, 0x88, 0x88, 0xf8, 0x88, 0x88, 0x88, 0x00,
    0x00, 0x00, 0x20, 0xa0, 0x80, 0x80, 0xb0, 0xc8, 0x88, 0x88, 0x88, 0x88,
    0x00, 0x00, 0x00, 0x00, 0x88, 0x88, 0x88, 0x88, 0xf8, 0x88, 0x88, 0x88,
    0x88, 0x00, 0x20, 0x00, 0x00, 0x80, 0x80, 0x80, 0xb0, 0xc8, 0x88, 0x88,
    0x88, 0x88, 0x00, 0x20, 0x00, 0x50, 0x50, 0x00, 0x88, 0x88, 0x88, 0xf8,
    0x88, 0x88, 0x88, 0x00, 0x00, 0x00, 0x50, 0x50, 0x00, 0x80, 0x80, 0xb0,
    0xc8, 0x88, 0x88, 0x88, 0x00, 0x00, 0x00, 0x00, 0x88, 0x88, 0x88, 0x88,
    0xf8, 0x88, 0x88, 0x88, 0x88, 0x10, 0x20, 0x00, 0x00, 0x80, 0x80, 0x80,
    0xb0, 0xc8, 0x88, 0x88, 0x88, 0x88, 0x10, 0x20, 0x00, 0x00, 0x88, 0x88,
    0x88, 0xf8, 0x88, 0x88, 0x88, 0x88, 0x00, 0x88, 0x70, 0x00, 0x00, 0x80,
    0x80, 0x80, 0xb0, 0xc8, 0x88, 0x88, 0x88, 0x00, 0x88, 0x70, 0x00, 0x00,
    0x70, 0x20, 0x20, 0x20, 0x20, 0x20, 0x20, 0x70, 0x00, 0x28, 0x50, 0x00,
    0x00, 0x00, 0x20, 0x00, 0x60, 0x20, 0x20, 0x20, 0x70, 0x00, 0x28, 0x50,
    0x10, 0x20, 0x00, 0x50, 0x00, 0x70, 0x20, 0x20, 0x20, 0x20, 0x70, 0x00,
    0x00, 0x10, 0x20, 0x00, 0x50, 0x00, 0x60, 0x20, 0x20, 0x20, 0x20, 0x70,
    0x00, 0x00, 0x00, 0x10, 0x20, 0x00, 0x88, 0x90, 0xa0, 0xc0, 0xa0, 0x90,
    0x88, 0x00, 0x00, 0x00, 0x10, 0xa0, 0x80, 0x80, 0x90, 0xa0, 0xc0, 0xa0,
    0x90, 0x88, 0x00, 0x00, 0x00, 0x00, 0x88, 0x88, 0x90, 0xa0, 0xc0, 0xa0,
    0x90, 0x88, 0x88, 0x00, 0x20, 0x00, 0x00, 0x80, 0x80, 0x80, 0x90, 0xa0,
    0xc0, 0xa0, 0x90, 0x88, 0x00, 0x20, 0x00, 0x00, 0x88, 0x88, 0x90, 0xa0,
    0xc0, 0xa0, 0x90, 0x88, 0x88, 0x00, 0xf8, 0x00, 0x00, 0x80, 0x80, 0x80,
    0x90, 0xa0, 0xc0, 0xa0, 0x90, 0x88, 0x00, 0xf8, 0x00, 0x00, 0x80, 0x80,
    0x80, 0x80, 0x80, 0x80, 0x80, 0x80, 0xf8, 0x00, 0x20, 0x00, 0x00, 0x60,
    0x20, 0x20, 0x20, 0x20, 0x20, 0x20, 0x20, 0x70, 0x00, 0x20, 0x00, 0xf8,
    0x00, 0x80, 0x80, 0x80, 0x80, 0x80, 0x80, 0x80, 0xf8, 0x00, 0x20, 0x00,
    0xf8, 0x00, 0x60, 0x20, 0x20, 0x20, 0x20, 0x20, 0x20, 0x70, 0x00, 0x20,
    0x00, 0x00, 0x80, 0x80, 0x80, 0x80, 0x80, 0x80, 0x80, 0x80, 0xf8, 0x00,
    0xf8, 0x00, 0x00, 0x60, 0x20, 0x20, 0x20, 0x20, 0x20, 0x20, 0x20, 0x70,
    0x00, 0x70, 0x00, 0x00, 0x80, 0x80, 0x80, 0x80, 0x80, 0x80, 0x80, 0xf8,
    0x00, 0x20, 0x50, 0x00, 0x00, 0x60, 0x20, 0x20, 0x20, 0x20, 0x20, 0x20,
    0x70, 0x00, 0x20, 0x50, 0x00, 0x10, 0x20, 0x88, 0x88, 0xd8, 0xa8, 0xa8,
    0x88, 0x88, 0x88, 0x00, 0x00, 0x00, 0x00, 0x10, 0x20, 0x00, 0xd0, 0xa8,
    0xa8, 0xa8, 0xa8, 0x88, 0x00, 0x00, 0x00, 0x20, 0x20, 0x88, 0x88, 0xd8,
    0xa8, 0xa8, 0x88, 0x88, 0x88, 0x00, 0x00, 0x00, 0x00, 0x20, 0x20, 0x00,
    0xd0, 0xa8, 0xa8, 0xa8, 0xa8, 0x88, 0x00, 0x00, 0x00, 0x00, 0x88, 0x88,
    0xd8, 0xa8, 0xa8, 0x88, 0x88, 0x88, 0x88, 0x00, 0x20, 0x00, 0x00, 0x00,
    0x00, 0x00, 0xd0, 0xa8, 0xa8, 0xa8, 0xa8, 0x88, 0x00, 0x20, 0x00, 0x20,
    0x20, 0x88, 0xc8, 0xc8, 0xa8, 0xa8, 0x98, 0x98, 0x88, 0x00, 0x00, 0x00,
    0x00, 0x20, 0x20, 0x00, 0xb0, 0xc8, 0x88, 0x88, 0x88, 0x88, 0x00, 0x00,
    0x00, 0x00, 0x88, 0xc8, 0xc8, 0xa8, 0xa8, 0x98, 0x98, 0x88, 0x88, 0x00,
    0x20, 0x00, 0x00, 0x00, 0x00, 0x00, 0xb0, 0xc8, 0x88, 0x88, 0x88, 0x88,
    0x00, 0x20, 0x00, 0x00, 0x88, 0xc8, 0xc8, 0xa8, 0xa8, 0x98, 0x98, 0x88,
    0x88, 0x00, 0xf8, 0x00, 0x00, 0x00, 0x00, 0x00, 0xb0, 0xc8, 0x88, 0x88,
    0x88, 0x88, 0x00, 0xf8, 0x00, 0x00, 0x88, 0xc8, 0xc8, 0xa8, 0xa8, 0x98,
    0x98, 0x88, 0x88, 0x20, 0x50, 0x00, 0x00, 0x00, 0x00, 0x00, 0xb0, 0xc8,
    0x88, 0x88, 0x88, 0x88, 0x20, 0x50, 0x10, 0x20, 0x00, 0x28, 0x50, 0x00,
    0x70, 0x88, 0x88, 0x88, 0x70, 0x00, 0x00, 0x00, 0x10, 0x20, 0x00, 0x28,
    0x50, 0x00, 0x70, 0x88, 0x88, 0x70, 0x00, 0x00, 0x50, 0x50, 0x00, 0x28,
    0x50, 0x00, 0x70, 0x88, 0x88, 0x88, 0x70, 0x00, 0x00, 0x00, 0x50, 0x50,
    0x00, 0x28, 0x50, 0x00, 0x70, 0x88, 0x88, 0x70, 0x00, 0x00, 0x40, 0x20,
    0x00, 0xf8, 0x00, 0x70, 0x88, 0x88, 0x88, 0x88, 0x70, 0x00, 0x00, 0x00,
    0x40, 0x20, 0x00, 0xf8, 0x00, 0x70, 0x88, 0x88, 0x88, 0x70, 0x00, 0x00,
    0x10, 0x20, 0x00, 0xf8, 0x00, 0x70, 0x88, 0x88, 0x88, 0x88, 0x70, 0x00,
    0x00, 0x00, 0x10, 0x20, 0x00, 0xf8, 0x00, 0x70, 0x88, 0x88, 0x88, 0x70,
    0x00, 0x00, 0x00, 0x10, 0x20, 0x00, 0xf0, 0x88, 0x88, 0xf0, 0x80, 0x80,
    0x80, 0x00, 0x00, 0x00, 0x00, 0x10, 0x20, 0x00, 0xf0, 0x88, 0x88, 0x88,
    0xf0, 0x80, 0x80, 0x80, 0x00, 0x20, 0x20, 0x00, 0xf0, 0x88, 0x88, 0xf0,
    0x80, 0x80, 0x80, 0x00, 0x00, 0x00, 0x00, 0x20, 0x20, 0x00, 0xf0, 0x88,
    0x88, 0x88, 0xf0, 0x80, 0x80, 0x80, 0x00, 0x20, 0x20, 0x00, 0xf0, 0x88,
    0x88, 0xf0, 0xa0, 0x90, 0x88, 0x00, 0x00, 0x00, 0x00, 0x20, 0x20, 0x00,
    0xb0, 0xc8, 0x80, 0x80, 0x80, 0x80, 0x00, 0x00, 0x00, 0x00, 0xf0, 0x88,
    0x88, 0x88, 0xf0, 0xa0, 0x90, 0x88, 0x88, 0x00, 0x20, 0x00, 0x00, 0x00,
    0x00, 0x00, 0xb0, 0xc8, 0x80, 0x80, 0x80, 0x80, 0x00, 0x20, 0x00, 0xf8,
    0x00, 0xf0, 0x88, 0x88, 0x88, 0xf0, 0xa0, 0x90, 0x88, 0x00, 0x20, 0x00,
    0x00, 0x00, 0xf8, 0x00, 0xb0, 0xc8, 0x80, 0x80, 0x80, 0x80, 0x00, 0x20,
    0x00, 0x00, 0xf0, 0x88, 0x88, 0x88, 0xf0, 0xa0, 0x90, 0x88, 0x88, 0x00,
    0xf8, 0x00, 0x00, 0x00, 0x00, 0x00, 0xb0, 0xc8, 0x80, 0x80, 0x80, 0x80,
    0x00, 0xf8, 0x00, 0x20, 0x20, 0x00, 0x70, 0x88, 0x80, 0x70, 0x08, 0x88,
    0x70, 0x00, 0x00, 0x00, 0x00, 0x20, 0x20, 0x00, 0x70, 0x88, 0x60, 0x10,
    0x88, 0x70, 0x00, 0x00, 0x00, 0x00, 0x70, 0x88, 0x80, 0x80, 0x70, 0x08,
    0x08, 0x88, 0x70, 0x00, 0x20, 0x00, 0x00, 0x00, 0x00, 0x00, 0x70, 0x88,
    0x60, 0x10, 0x88, 0x70, 0x00, 0x20, 0x40, 0x10, 0x20, 0x00, 0x70, 0x88,
    0x80, 0x70, 0x08, 0x88, 0x70, 0x00, 0x00, 0x40, 0x10, 0x20, 0x00, 0x00,
    0x70, 0x88, 0x60, 0x10, 0x88, 0x70, 0x00, 0x00, 0x20, 0x00, 0x50, 0x20,
    0x70, 0x88, 0x80, 0x70, 0x08, 0x88, 0x70, 0x00, 0x00, 0x20, 0x00, 0x50,
    0x20, 0x00, 0x70, 0x88, 0x60, 0x10, 0x88, 0x70, 0x00, 0x00, 0x00, 0x20,
    0x20, 0x00, 0x70, 0x88, 0x80, 0x70, 0x08, 0x88, 0x70, 0x00, 0x20, 0x00,
    0x00, 0x20, 0x20, 0x00, 0x70, 0x88, 0x60, 0x10, 0x88, 0x70, 0x00, 0x20,
    0x00, 0x20, 0x20, 0x00, 0xf8, 0x20, 0x20, 0x20, 0x20, 0x20, 0x20, 0x00,
    0x00, 0x00, 0x20, 0x20, 0x00, 0x40, 0x40, 0xf0, 0x40, 0x40, 0x48, 0x30,
    0x00, 0x00, 0x00, 0x00, 0xf8, 0x20, 0x20, 0x20, 0x20, 0x20, 0x20, 0x20,
    0x20, 0x00, 0x20, 0x00, 0x00, 0x00, 0x40, 0x40, 0xf0, 0x40, 0x40, 0x40,
    0x48, 0x30, 0x00, 0x20, 0x00, 0x00, 0xf8, 0x20, 0x20, 0x20, 0x20, 0x20,
    0x20, 0x20, 0x20, 0x00, 0xf8, 0x00, 0x00, 0x00, 0x40, 0x40, 0xf0, 0x40,
    0x40, 0x40, 0x48, 0x30, 0x00, 0xf8, 0x00, 0x00, 0xf8, 0x20, 0x20, 0x20,
    0x20, 0x20, 0x20, 0x20, 0x00, 0x20, 0x50, 0x00, 0x00, 0x00, 0x40, 0x40,
    0xf0, 0x40, 0x40, 0x48, 0x30, 0x00, 0x20, 0x50, 0x00, 0x00, 0x88, 0x88,
    0x88, 0x88, 0x88, 0x88, 0x88, 0x88, 0x70, 0x00, 0x50, 0x00, 0x00, 0x00,
    0x00, 0x00, 0x88, 0x88, 0x88, 0x88, 0x98, 0x68, 0x00, 0x50, 0x00, 0x00,
    0x88, 0x88, 0x88, 0x88, 0x88, 0x88, 0x88, 0x70, 0x00, 0x28, 0x50, 0x00,
    0x00, 0x00, 0x00, 0x00, 0x88, 0x88, 0x88, 0x98, 0x68, 0x00, 0x28, 0x50,
    0x00, 0x00, 0x88, 0x88, 0x88, 0x88, 0x88, 0x88, 0x88, 0x70, 0x00, 0x20,
    0x50, 0x00, 0x00, 0x00, 0x00, 0x00, 0x88, 0x88, 0x88, 0x98, 0x68, 0x00,
    0x20, 0x50, 0x10, 0x20, 0x00, 0x28, 0x50, 0x00, 0x88, 0x88, 0x88, 0x88,
    0x70, 0x00, 0x00, 0x10, 0x20, 0x00, 0x28, 0x50, 0x00, 0x88, 0x88, 0x88,
    0x98, 0x68, 0x00, 0x00, 0x50, 0x50, 0x00, 0xf8, 0x00, 0x88, 0x88, 0x88,
    0x88, 0x88, 0x70, 0x00, 0x00, 0x50, 0x50, 0x00, 0xf8, 0x00, 0x88, 0x88,
    0x88, 0x88, 0x98, 0x68, 0x00, 0x00, 0x00, 0x28, 0x50, 0x00, 0x88, 0x88,
    0x88, 0x50, 0x50, 0x20, 0x20, 0x00, 0x00, 0x00, 0x00, 0x28, 0x50, 0x00,
    0x88, 0x88, 0x88, 0x50, 0x50, 0x20, 0x00, 0x00, 0x00, 0x00, 0x88, 0x88,
    0x88, 0x88, 0x50, 0x50, 0x50, 0x20, 0x20, 0x00, 0x20, 0x00, 0x00, 0x00,
    0x00, 0x00, 0x88, 0x88, 0x88, 0x50, 0x50, 0x20, 0x00, 0x20, 0x00, 0x40,
    0x20, 0x00, 0x88, 0x88, 0xa8, 0xa8, 0xa8, 0xd8, 0x88, 0x00, 0x00, 0x00,
    0x00, 0x40, 0x20, 0x00, 0x88, 0x88, 0xa8, 0xa8, 0xa8, 0x50, 0x00, 0x00,
    0x00, 0x10, 0x20, 0x00, 0x88, 0x88, 0xa8, 0xa8, 0xa8, 0xd8, 0x88, 0x00,
    0x00, 0x00, 0x00, 0x10, 0x20, 0x00, 0x88, 0x88, 0xa8, 0xa8, 0xa8, 0x50,
    0x00, 0x00, 0x00, 0x50, 0x50, 0x00, 0x88, 0x88, 0xa8, 0xa8, 0xa8, 0xd8,
    0x88, 0x00, 0x00, 0x00, 0x00, 0x50, 0x50, 0x00, 0x88, 0x88, 0xa8, 0xa8,
    0xa8, 0x50, 0x00, 0x00, 0x00, 0x20, 0x20, 0x00, 0x88, 0x88, 0xa8, 0xa8,
    0xa8, 0xd8, 0x88, 0x00, 0x00, 0x00, 0x00, 0x20, 0x20, 0x00, 0x88, 0x88,
    0xa8, 0xa8, 0xa8, 0x50, 0x00, 0x00, 0x00, 0x00, 0x88, 0x88, 0x88, 0x88,
    0xa8, 0xa8, 0xa8, 0xd8, 0x88, 0x00, 0x20, 0x00, 0x00, 0x00, 0x00, 0x00,
    0x88, 0x88, 0xa8, 0xa8, 0xa8, 0x50, 0x00, 0x20, 0x00, 0x20, 0x20, 0x00,
    0x88, 0x88, 0x50, 0x20, 0x50, 0x88, 0x88, 0x00, 0x00, 0x00, 0x00, 0x20,
    0x20, 0x00, 0x88, 0x50, 0x20, 0x20, 0x50, 0x88, 0x00, 0x00, 0x00, 0x50,
    0x50, 0x00, 0x88, 0x88, 0x50, 0x20, 0x50, 0x88, 0x88, 0x00, 0x00, 0x00,
    0x00, 0x50, 0x50, 0x00, 0x88, 0x50, 0x20, 0x20, 0x50, 0x88, 0x00, 0x00,
    0x00, 0x20, 0x20, 0x00, 0x88, 0x88, 0x50, 0x50, 0x20, 0x20, 0x20, 0x00,
    0x00, 0x00, 0x00, 0x20, 0x20, 0x00, 0x88, 0x88, 0x88, 0x98, 0x68, 0x08,
    0x88, 0x70, 0x00, 0x30, 0x48, 0x00, 0xf8, 0x08, 0x10, 0x20, 0x40, 0x80,
    0xf8, 0x00, 0x00, 0x00, 0x00, 0x30, 0x48, 0x00, 0xf8, 0x10, 0x20, 0x40,
    0x80, 0xf8, 0x00, 0x00, 0x00, 0x00, 0xf8, 0x08, 0x10, 0x10, 0x20, 0x40,
    0x40, 0x80, 0xf8, 0x00, 0x20, 0x00, 0x00, 0x00, 0x00, 0x00, 0xf8, 0x10,
    0x20, 0x40, 0x80, 0xf8, 0x00, 0x20, 0x00, 0x00, 0xf8, 0x08, 0x10, 0x10,
    0x20, 0x40, 0x40, 0x80, 0xf8, 0x00, 0xf8, 0x00, 0x00, 0x00, 0x00, 0x00,
    0xf8, 0x10, 0x20, 0x40, 0x80, 0xf8, 0x00, 0xf8, 0x00, 0x00, 0x80, 0x80,
    0x80, 0xb0, 0xc8, 0x88, 0x88, 0x88, 0x88, 0x00, 0xf8, 0x00, 0x50, 0x50,
    0x00, 0x40, 0x40, 0xf0, 0x40, 0x40, 0x48, 0x30, 0x00, 0x00, 0x00, 0x20,
    0x50, 0x20, 0x00, 0x88, 0x88, 0xa8, 0xa8, 0xa8, 0x50, 0x00, 0x00, 0x00,
    0x20, 0x50, 0x20, 0x00, 0x88, 0x88, 0x88, 0x98, 0x68, 0x08, 0x88, 0x70,
    0x08, 0x04, 0x04, 0x08, 0x00, 0x70, 0x08, 0x78, 0x88, 0x88, 0x78, 0x00,
    0x00, 0x00, 0x20, 0x20, 0x00, 0x30, 0x48, 0x40, 0xc0, 0x40, 0x40, 0x40,
    0x00, 0x00, 0x00, 0x00, 0x30, 0x48, 0x40, 0xc0, 0x40, 0x60, 0xc0, 0x40,
    0x40, 0x00, 0x00, 0x00, 0x00, 0x30, 0x48, 0xe0, 0x40, 0xc0, 0x40, 0x40,
    0x40, 0x40, 0x00, 0x00, 0x00, 0x00, 0x30, 0x48, 0x88, 0x90, 0xb0, 0x88,
    0x88, 0x90, 0xa0, 0x00, 0x00, 0x00, 0x00, 0x70, 0x88, 0x40, 0x70, 0x88,
    0x88, 0x88, 0x88, 0x70, 0x00, 0x00, 0x00, 0x00, 0x20, 0x50, 0x88, 0x88,
    0x88, 0xf8, 0x88, 0x88, 0x88, 0x00, 0x20, 0x00, 0x00, 0x00, 0x00, 0x00,
    0x70, 0x08, 0x78, 0x88, 0x98, 0x68, 0x00, 0x20, 0x20, 0x50, 0x10, 0x20,
    0x20, 0x50, 0x88, 0x88, 0xf8, 0x88, 0x88, 0x00, 0x00, 0x20, 0x50, 0x10,
    0x20, 0x20, 0x70, 0x08, 0x78, 0x88, 0x98, 0x68, 0x00, 0x00, 0x00, 0x44,
    0xa8, 0x00, 0x20, 0x50, 0x88, 0x88, 0xf8, 0x88, 0x88, 0x00, 0x00, 0x00,
    0x00, 0x44, 0xa8, 0x00, 0x70, 0x08, 0x78, 0x88, 0x98, 0x68, 0x00, 0x00,
    0x00, 0x88, 0x54, 0x00, 0x20, 0x50, 0x88, 0x88, 0xf8, 0x88, 0x88, 0x00,
    0x00, 0x00, 0x00, 0x88, 0x54, 0x00, 0x70, 0x08, 0x78, 0x88, 0x98, 0x68,
    0x00, 0x00, 0x08, 0x54, 0xa4, 0x08, 0x28, 0x50, 0x88, 0x88, 0xf8, 0x88,
    0x88, 0x00, 0x00, 0x00, 0x08, 0x54, 0xa4, 0x08, 0x70, 0x08, 0x78, 0x88,
    0x98, 0x68, 0x00, 0x00, 0x28, 0x50, 0x00, 0x30, 0x48, 0x20, 0x50, 0x88,
    0xf8, 0x88, 0x88, 0x00, 0x00, 0x28, 0x50, 0x30, 0x48, 0x00, 0x70, 0x08,
    0x78, 0x88, 0x98, 0x68, 0x00, 0x00, 0x00, 0x30, 0x48, 0x00, 0x20, 0x50,
    0x88, 0x88, 0xf8, 0x88, 0x88, 0x00, 0x20, 0x00, 0x00, 0x30, 0x48, 0x00,
    0x70, 0x08, 0x78, 0x88, 0x98, 0x68, 0x00, 0x20, 0x10, 0x20, 0x88, 0x70,
    0x00, 0x20, 0x50, 0x88, 0xf8, 0x88, 0x88, 0x00, 0x00, 0x10, 0x20, 0x88,
    0x70, 0x00, 0x70, 0x08, 0x78, 0x88, 0x98, 0x68, 0x00, 0x00, 0x40, 0x20,
    0x88, 0x70, 0x00, 0x20, 0x50, 0x88, 0xf8, 0x88, 0x88, 0x00, 0x00, 0x40,
    0x20, 0x88, 0x70, 0x00, 0x70, 0x08, 0x78, 0x88, 0x98, 0x68, 0x00, 0x00,
    0x20, 0x50, 0x10, 0xa8, 0x70, 0x20, 0x50, 0x88, 0x88, 0xf8, 0x88, 0x00,
    0x00, 0x20, 0x50, 0x10, 0xa8, 0x70, 0x00, 0x70, 0x08, 0x78, 0x88, 0x78,
    0x00, 0x00, 0x50, 0xa0, 0x88, 0x70, 0x00, 0x20, 0x50, 0x88, 0xf8, 0x88,
    0x88, 0x00, 0x00, 0x50, 0xa0, 0x88, 0x70, 0x00, 0x70, 0x08, 0x78, 0x88,
    0x98, 0x68, 0x00, 0x00, 0x00, 0x88, 0x70, 0x00, 0x20, 0x50, 0x88, 0x88,
    0xf8, 0x88, 0x88, 0x00, 0x20, 0x00, 0x00, 0x88, 0x70, 0x00, 0x70, 0x08,
    0x78, 0x88, 0x98, 0x68, 0x00, 0x20, 0x00, 0x00, 0xf8, 0x80, 0x80, 0x80,
    0xf0, 0x80, 0x80, 0x80, 0xf8, 0x00, 0x20, 0x00, 0x00, 0x00, 0x00, 0x00,
    0x70, 0x88, 0xf8, 0x80, 0x88, 0x70, 0x00, 0x20, 0x20, 0x50, 0x10, 0x20,
    0xf8, 0x80, 0x80, 0xf0, 0x80, 0x80, 0xf8, 0x00, 0x00, 0x20, 0x50, 0x10,
    0x20, 0x20, 0x70, 0x88, 0xf8, 0x80, 0x88, 0x70, 0x00, 0x00, 0x00, 0x28,
    0x50, 0x00, 0xf8, 0x80, 0x80, 0xf0, 0x80, 0x80, 0xf8, 0x00, 0x00, 0x00,
    0x00, 0x28, 0x50, 0x00, 0x70, 0x88, 0xf8, 0x80, 0x88, 0x70, 0x00, 0x00,
    0x00, 0x44, 0xa8, 0x00, 0xf8, 0x80, 0x80, 0xf0, 0x80, 0x80, 0xf8, 0x00,
    0x00, 0x00, 0x00, 0x44, 0xa8, 0x00, 0x70, 0x88, 0xf8, 0x80, 0x88, 0x70,
    0x00, 0x00, 0x00, 0x88, 0x54, 0x00, 0xf8, 0x80, 0x80, 0xf0, 0x80, 0x80,
    0xf8, 0x00, 0x00, 0x00, 0x00, 0x88, 0x54, 0x00, 0x70, 0x88, 0xf8, 0x80,
    0x88, 0x70, 0x00, 0x00, 0x08, 0x54, 0xa8, 0x08, 0x00, 0xf8, 0x80, 0xe0,
    0x80, 0x80, 0xf8, 0x00, 0x00, 0x00, 0x08, 0x54, 0xa8, 0x08, 0x70, 0x88,
    0xf8, 0x80, 0x88, 0x70, 0x00, 0x00, 0x28, 0x50, 0x30, 0x48, 0x00, 0xf8,
    0x80, 0xf0, 0x80, 0x80, 0xf8, 0x00, 0x00, 0x28, 0x50, 0x30, 0x48, 0x00,
    0x70, 0x88, 0xf8, 0x80, 0x88, 0x70, 0x00, 0x00, 0x00, 0x30, 0x48, 0x00,
    0xf8, 0x80, 0x80, 0xf0, 0x80, 0x80, 0xf8, 0x00, 0x20, 0x00, 0x00, 0x30,
    0x48, 0x00, 0x70, 0x88, 0xf8, 0x80, 0x88, 0x70, 0x00, 0x20, 0x20, 0x50,
    0x10, 0x20, 0xf8, 0x20, 0x20, 0x20, 0x20, 0x20, 0xf8, 0x00, 0x00, 0x20,
    0x50, 0x20, 0x20, 0x00, 0x60, 0x20, 0x20, 0x20, 0x20, 0x70, 0x00, 0x00,
    0x00, 0x00, 0x70, 0x20, 0x20, 0x20, 0x20, 0x20, 0x20, 0x20, 0x70, 0x00,
    0x20, 0x00, 0x00, 0x00, 0x20, 0x00, 0x60, 0x20, 0x20, 0x20, 0x20, 0xf8,
    0x00, 0x20, 0x00, 0x00, 0x70, 0x88, 0x88, 0x88, 0x88, 0x88, 0x88, 0x88,
    0x70, 0x00, 0x20, 0x00, 0x00, 0x00, 0x00, 0x00, 0x70, 0x88, 0x88, 0x88,
    0x88, 0x70, 0x00, 0x20, 0x20, 0x50, 0x10, 0x20, 0x70, 0x88, 0x88, 0x88,
    0x88, 0x88, 0x70, 0x00, 0x00, 0x20, 0x50, 0x10, 0x20, 0x20, 0x70, 0x88,
    0x88, 0x88, 0x88, 0x70, 0x00, 0x00, 0x00, 0x44, 0xa8, 0x00, 0x70, 0x88,
    0x88, 0x88, 0x88, 0x88, 0x70, 0x00, 0x00, 0x00, 0x00, 0x44, 0xa8, 0x00,
    0x70, 0x88, 0x88, 0x88, 0x88, 0x70, 0x00, 0x00, 0x00, 0x88, 0x54, 0x00,
    0x70, 0x88, 0x88, 0x88, 0x88, 0x88, 0x70, 0x00, 0x00, 0x00, 0x00, 0x88,
    0x54, 0x00, 0x70, 0x88, 0x88, 0x88, 0x88, 0x70, 0x00, 0x00, 0x08, 0x54,
    0xa4, 0x08, 0x78, 0x88, 0x88, 0x88, 0x88, 0x88, 0x70, 0x00, 0x00, 0x00,
    0x08, 0x54, 0xa4, 0x08, 0x70, 0x88, 0x88, 0x88, 0x88, 0x70, 0x00, 0x00,
    0x28, 0x50, 0x38, 0x48, 0x70, 0x88, 0x88, 0x88, 0x88, 0x88, 0x70, 0x00,
    0x00, 0x28, 0x50, 0x30, 0x48, 0x00, 0x70, 0x88, 0x88, 0x88, 0x88, 0x70,
    0x00, 0x00, 0x00, 0x30, 0x48, 0x00, 0x70, 0x88, 0x88, 0x88, 0x88, 0x88,
    0x70, 0x00, 0x20, 0x00, 0x00, 0x30, 0x48, 0x00, 0x70, 0x88, 0x88, 0x88,
    0x88, 0x70, 0x00, 0x20, 0x00, 0x20, 0x40, 0x00, 0x64, 0x94, 0x98, 0x90,
    0x90, 0x90, 0x60, 0x00, 0x00, 0x00, 0x00, 0x20, 0x40, 0x00, 0x64, 0x94,
    0x98, 0x90, 0x90, 0x60, 0x00, 0x00, 0x00, 0x40, 0x20, 0x00, 0x64, 0x94,
    0x98, 0x90, 0x90, 0x90, 0x60, 0x00, 0x00, 0x00, 0x00, 0x40, 0x20, 0x00,
    0x64, 0x94, 0x98, 0x90, 0x90, 0x60, 0x00, 0x00, 0x20, 0x50, 0x10, 0x20,
    0x64, 0x94, 0x98, 0x90, 0x90, 0x90, 0x60, 0x00, 0x00, 0x00, 0x20, 0x50,
    0x10, 0x20, 0x64, 0x94, 0x98, 0x90, 0x90, 0x60, 0x00, 0x00, 0x00, 0x50,
    0xa0, 0x00, 0x64, 0x94, 0x98, 0x90, 0x90, 0x90, 0x60, 0x00, 0x00, 0x00,
    0x00, 0x50, 0xa0, 0x00, 0x64, 0x94, 0x98, 0x90, 0x90, 0x60, 0x00, 0x00,
    0x00, 0x00, 0x64, 0x94, 0x98, 0x90, 0x90, 0x90, 0x90, 0x90, 0x60, 0x00,
    0x20, 0x00, 0x00, 0x00, 0x00, 0x00, 0x64, 0x94, 0x98, 0x90, 0x90, 0x60,
    0x00, 0x20, 0x00, 0x00, 0x88, 0x88, 0x88, 0x88, 0x88, 0x88, 0x88, 0x88,
    0x70, 0x00, 0x20, 0x00, 0x00, 0x00, 0x00, 0x00, 0x88, 0x88, 0x88, 0x88,
    0x98, 0x68, 0x00, 0x20, 0x20, 0x50, 0x10, 0x20, 0xa8, 0x88, 0x88, 0x88,
    0x88, 0x88, 0x70, 0x00, 0x00, 0x20, 0x50, 0x10, 0x20, 0x20, 0x88, 0x88,
    0x88, 0x88, 0x98, 0x68, 0x00, 0x00, 0x00, 0x20, 0x40, 0x00, 0x94, 0x94,
    0x98, 0x90, 0x90, 0x90, 0x60, 0x00, 0x00, 0x00, 0x00, 0x20, 0x40, 0x00,
    0x94, 0x94, 0x98, 0x90, 0xb0, 0x50, 0x00, 0x00, 0x00, 0x40, 0x20, 0x00,
    0x94, 0x94, 0x98, 0x90, 0x90, 0x90, 0x60, 0x00, 0x00, 0x00, 0x00, 0x40,
    0x20, 0x00, 0x94, 0x94, 0x98, 0x90, 0xb0, 0x50, 0x00, 0x00, 0x20, 0x50,
    0x10, 0x20, 0xb4, 0x94, 0x98, 0x90, 0x90, 0x90, 0x60, 0x00, 0x00, 0x20,
    0x50, 0x10, 0x20, 0x20, 0x94, 0x94, 0x98, 0x90, 0xb0, 0x50, 0x00, 0x00,
    0x00, 0x50, 0xa0, 0x00, 0x94, 0x94, 0x98, 0x90, 0x90, 0x90, 0x60, 0x00,
    0x00, 0x00, 0x00, 0x50, 0xa0, 0x00, 0x94, 0x94, 0x98, 0x90, 0xb0, 0x50,
    0x00, 0x00, 0x00, 0x00, 0x00, 0x00, 0x94, 0x94, 0x98, 0x90, 0x90, 0x90,
    0x60, 0x00, 0x20, 0x00, 0x00, 0x00, 0x00, 0x00, 0x94, 0x94, 0x98, 0x90,
    0xb0, 0x50, 0x00, 0x20, 0x00, 0x40, 0x20, 0x00, 0x88, 0x88, 0x50, 0x50,
    0x20, 0x20, 0x20, 0x00, 0x00, 0x00, 0x00, 0x40, 0x20, 0x00, 0x88, 0x88,
    0x88, 0x98, 0x68, 0x08, 0x88, 0x70, 0x00, 0x00, 0x88, 0x88, 0x50, 0x50,
    0x20, 0x20, 0x20, 0x20, 0x20, 0x00, 0x20, 0x00, 0x00, 0x00, 0x88, 0x88,
    0x88, 0x98, 0x68, 0x08, 0x88, 0x70, 0x00, 0x20, 0x20, 0x50, 0x10, 0x20,
    0x88, 0x50, 0x50, 0x20, 0x20, 0x20, 0x20, 0x00, 0x00, 0x20, 0x50, 0x10,
    0x20, 0x20, 0x88, 0x88, 0x88, 0x98, 0x68, 0x08, 0x88, 0x70, 0x00, 0x28,
    0x50, 0x00, 0x88, 0x50, 0x50, 0x20, 0x20, 0x20, 0x20, 0x00, 0x00, 0x00,
    0x00, 0x28, 0x50, 0x00, 0x88, 0x88, 0x88, 0x98, 0x68, 0x08, 0x88, 0x70,
    0x00, 0x00, 0xa0, 0xa0, 0xa0, 0xa0, 0xa0, 0xa0, 0xa0, 0xa0, 0xb8, 0x00,
    0x00, 0x00, 0x00, 0xf0, 0x50, 0x50, 0x50, 0x50, 0x50, 0x50, 0x50, 0xf8,
    0x00, 0x00, 0x00, 0x00, 0x20, 0x40, 0x40, 0x88, 0x88, 0x88, 0x88, 0x88,
    0x70, 0x00, 0x00, 0x00, 0x00, 0x10, 0x20, 0x40, 0x50, 0x88, 0x88, 0x88,
    0x88, 0x70, 0x00, 0x00, 0x00, 0x00, 0x88, 0x88, 0x50, 0x50, 0x20, 0x20,
    0x50, 0x90, 0x60, 0x00, 0x00, 0x00, 0x00, 0x00, 0x00, 0x00, 0x88, 0x88,
    0x88, 0x78, 0x08, 0x78, 0x88, 0x70, 0x00, 0x30, 0x10, 0x20, 0x00, 0x70,
    0x88, 0x88, 0x88, 0x98, 0x68, 0x00, 0x00, 0x00, 0x30, 0x20, 0x10, 0x00,
    0x70, 0x88, 0x88, 0x88, 0x98, 0x68, 0x00, 0x00, 0x00, 0xd0, 0x48, 0x80,
    0x00, 0x70, 0x88, 0x88, 0x88, 0x98, 0x68, 0x00, 0x00, 0x00, 0xd0, 0x88,
    0x40, 0x00, 0x70, 0x88, 0x88, 0x88, 0x98, 0x68, 0x00, 0x00, 0x00, 0xc8,
    0x50, 0x80, 0x00, 0x70, 0x88, 0x88, 0x88, 0x98, 0x68, 0x00, 0x00, 0x00,
    0xc8, 0x90, 0x40, 0x00, 0x70, 0x88, 0x88, 0x88, 0x98, 0x68, 0x00, 0x00,
    0x68, 0xb0, 0x10, 0x20, 0x00, 0x70, 0x88, 0x88, 0x88, 0x98, 0x68, 0x00,
    0x00, 0x68, 0xb0, 0x20, 0x10, 0x00, 0x70, 0x88, 0x88, 0x88, 0x98, 0x68,
    0x00, 0x00, 0x00, 0x00, 0xd0, 0x68, 0xa8, 0x28, 0x28, 0x38, 0x28, 0x28,
    0x28, 0x00, 0x00, 0x00, 0x00, 0xd0, 0xa8, 0x68, 0x28, 0x28, 0x38, 0x28,
    0x28, 0x28, 0x00, 0x00, 0x00, 0x00, 0xd0, 0x68, 0xa8, 0xa8, 0x68, 0x38,
    0x28, 0x28, 0x28, 0x00, 0x00, 0x00, 0x00, 0xd0, 0xa8, 0x68, 0xa8, 0x68,
    0x38, 0x28, 0x28, 0x28, 0x00, 0x00, 0x00, 0x00, 0xd0, 0x68, 0xa8, 0x68,
    0xa8, 0x38, 0x28, 0x28, 0x28, 0x00, 0x00, 0x00, 0x00, 0xd0, 0xa8, 0x68,
    0x68, 0xa8, 0x38, 0x28, 0x28, 0x28, 0x00, 0x00, 0x00, 0x00, 0xd0, 0x28,
    0xe8, 0x68, 0xa8, 0x38, 0x28, 0x28, 0x28, 0x00, 0x00, 0x00, 0x00, 0xd0,
    0x28, 0xe8, 0xa8, 0x68, 0x38, 0x28, 0x28, 0x28, 0x00, 0x00, 0x00, 0x30,
    0x10, 0x20, 0x00, 0x70, 0x88, 0x60, 0x80, 0x88, 0x70, 0x00, 0x00, 0x00,
    0x30, 0x20, 0x10, 0x00, 0x70, 0x88, 0x60, 0x80, 0x88, 0x70, 0x00, 0x00,
    0x00, 0xd0, 0x48, 0x80, 0x00, 0x70, 0x88, 0x60, 0x80, 0x88, 0x70, 0x00,
    0x00, 0x00, 0xd0, 0x88, 0x40, 0x00, 0x70, 0x88, 0x60, 0x80, 0x88, 0x70,
    0x00, 0x00, 0x00, 0xc8, 0x50, 0x80, 0x00, 0x70, 0x88, 0x60, 0x80, 0x88,
    0x70, 0x00, 0x00, 0x00, 0xc8, 0x90, 0x40, 0x00, 0x70, 0x88, 0x60, 0x80,
    0x88, 0x70, 0x00, 0x00, 0x00, 0x00, 0xf8, 0x60, 0xa0, 0x20, 0x30, 0x20,
    0x20, 0x20, 0x38, 0x00, 0x00, 0x00, 0x00, 0xf8, 0xa0, 0x60, 0x20, 0x30,
    0x20, 0x20, 0x20, 0x38, 0x00, 0x00, 0x00, 0x00, 0xf8, 0x60, 0xa0, 0xa0,
    0x70, 0x20, 0x20, 0x20, 0x38, 0x00, 0x00, 0x00, 0x00, 0xf8, 0xa0, 0x60,
    0xa0, 0x70, 0x20, 0x20, 0x20, 0x38, 0x00, 0x00, 0x00, 0x00, 0xf8, 0x60,
    0xa0, 0x60, 0xb0, 0x20, 0x20, 0x20, 0x38, 0x00, 0x00, 0x00, 0x00, 0xf8,
    0xa0, 0x60, 0x60, 0xb0, 0x20, 0x20, 0x20, 0x38, 0x00, 0x00, 0x00, 0x30,
    0x10, 0x20, 0x00, 0xb0, 0xc8, 0x88, 0x88, 0x88, 0x88, 0x08, 0x08, 0x00,
    0x30, 0x20, 0x10, 0x00, 0xb0, 0xc8, 0x88, 0x88, 0x88, 0x88, 0x08, 0x08,
    0x00, 0xd0, 0x48, 0x80, 0x00, 0xb0, 0xc8, 0x88, 0x88, 0x88, 0x88, 0x08,
    0x08, 0x00, 0xd0, 0x88, 0x40, 0x00, 0xb0, 0xc8, 0x88, 0x88, 0x88, 0x88,
    0x08, 0x08, 0x00, 0xc8, 0x50, 0x80, 0x00, 0xb0, 0xc8, 0x88, 0x88, 0x88,
    0x88, 0x08, 0x08, 0x00, 0xc8, 0x90, 0x40, 0x00, 0xb0, 0xc8, 0x88, 0x88,
    0x88, 0x88, 0x08, 0x08, 0x68, 0xb0, 0x10, 0x20, 0x00, 0xb0, 0xc8, 0x88,
    0x88, 0x88, 0x88, 0x08, 0x08, 0x68, 0xb0, 0x20, 0x10, 0x00, 0xb0, 0xc8,
    0x88, 0x88, 0x88, 0x88, 0x08, 0x08, 0x00, 0x00, 0xe8, 0x68, 0xa8, 0x28,
    0x38, 0x28, 0x28, 0x28, 0x28, 0x00, 0x00, 0x00, 0x00, 0xe8, 0xa8, 0x68,
    0x28, 0x38, 0x28, 0x28, 0x28, 0x28, 0x00, 0x00, 0x00, 0x00, 0xe8, 0x68,
    0xa8, 0xa8, 0x78, 0x28, 0x28, 0x28, 0x28, 0x00, 0x00, 0x00, 0x00, 0xe8,
    0xa8, 0x68, 0xa8, 0x78, 0x28, 0x28, 0x28, 0x28, 0x00, 0x00, 0x00, 0x00,
    0xe8, 0x68, 0xa8, 0x68, 0xb8, 0x28, 0x28, 0x28, 0x28, 0x00, 0x00, 0x00,
    0x00, 0xe8, 0xa8, 0x68, 0x68, 0xb8, 0x28, 0x28, 0x28, 0x28, 0x00, 0x00,
    0x00, 0x00, 0xe8, 0x28, 0xe8, 0x68, 0xb8, 0x28, 0x28, 0x28, 0x28, 0x00,
    0x00, 0x00, 0x00, 0xe8, 0x28, 0xe8, 0xa8, 0x78, 0x28, 0x28, 0x28, 0x28,
    0x00, 0x00, 0x00, 0x60, 0x20, 0x40, 0x00, 0x40, 0x40, 0x40, 0x40, 0x50,
    0x20, 0x00, 0x00, 0x00, 0x60, 0x40, 0x20, 0x00, 0x40, 0x40, 0x40, 0x40,
    0x50, 0x20, 0x00, 0x00, 0x00, 0xd0, 0x48, 0x80, 0x00, 0x20, 0x20, 0x20,
    0x20, 0x28, 0x10, 0x00, 0x00, 0x00, 0xd0, 0x88, 0x40, 0x00, 0x20, 0x20,
    0x20, 0x20, 0x28, 0x10, 0x00, 0x00, 0x00, 0xc8, 0x50, 0x80, 0x00, 0x20,
    0x20, 0x20, 0x20, 0x28, 0x10, 0x00, 0x00, 0x00, 0xc8, 0x90, 0x40, 0x00,
    0x20, 0x20, 0x20, 0x20, 0x28, 0x10, 0x00, 0x00, 0x68, 0xb0, 0x10, 0x20,
    0x00, 0x20, 0x20, 0x20, 0x20, 0x28, 0x10, 0x00, 0x00, 0x68, 0xb0, 0x20,
    0x10, 0x00, 0x20, 0x20, 0x20, 0x20, 0x28, 0x10, 0x00, 0x00, 0x00, 0x00,
    0xf8, 0x50, 0x90, 0x10, 0x10, 0x10, 0x10, 0x10, 0x38, 0x00, 0x00, 0x00,
    0x00, 0xf8, 0x90, 0x50, 0x10, 0x10, 0x10, 0x10, 0x10, 0x38, 0x00, 0x00,
    0x00, 0x00, 0xf8, 0x50, 0x90, 0x90, 0x50, 0x10, 0x10, 0x10, 0x38, 0x00,
    0x00, 0x00, 0x00, 0xf8, 0x90, 0x50, 0x90, 0x50, 0x10, 0x10, 0x10, 0x38,
    0x00, 0x00, 0x00, 0x00, 0xf8, 0x50, 0x90, 0x50, 0x90, 0x10, 0x10, 0x10,
    0x38, 0x00, 0x00, 0x00, 0x00, 0xf8, 0x90, 0x50, 0x30, 0x50, 0x10, 0x10,
    0x10, 0x38, 0x00, 0x00, 0x00, 0x00, 0xf8, 0x10, 0xd0, 0x50, 0x90, 0x10,
    0x10, 0x10, 0x38, 0x00, 0x00, 0x00, 0x00, 0xf8, 0x10, 0xd0, 0x90, 0x50,
    0x10, 0x10, 0x10, 0x38, 0x00, 0x00, 0x00, 0x30, 0x10, 0x20, 0x00, 0x70,
    0x88, 0x88, 0x88, 0x88, 0x70, 0x00, 0x00, 0x00, 0x30, 0x20, 0x10, 0x00,
    0x70, 0x88, 0x88, 0x88, 0x88, 0x70, 0x00, 0x00, 0x00, 0xd0, 0x48, 0x80,
    0x00, 0x70, 0x88, 0x88, 0x88, 0x88, 0x70, 0x00, 0x00, 0x00, 0xd0, 0x88,
    0x40, 0x00, 0x70, 0x88, 0x88, 0x88, 0x88, 0x70, 0x00, 0x00, 0x00, 0xc8,
    0x50, 0x80, 0x00, 0x70, 0x88, 0x88, 0x88, 0x88, 0x70, 0x00, 0x00, 0x00,
    0xc8, 0x90, 0x40, 0x00, 0x70, 0x88, 0x88, 0x88, 0x88, 0x70, 0x00, 0x00,
    0x00, 0x00, 0xd0, 0x68, 0xa8, 0x28, 0x28, 0x28, 0x28, 0x28, 0x10, 0x00,
    0x00, 0x00, 0x00, 0xd0, 0xa8, 0x68, 0x28, 0x28, 0x28, 0x28, 0x28, 0x10,
    0x00, 0x00, 0x00, 0x00, 0xd0, 0x68, 0xa8, 0xa8, 0x68, 0x28, 0x28, 0x28,
    0x10, 0x00, 0x00, 0x00, 0x00, 0xd0, 0xa8, 0x68, 0xa8, 0x68, 0x28, 0x28,
    0x28, 0x10, 0x00, 0x00, 0x00, 0x00, 0xd0, 0x68, 0xa8, 0x68, 0xa8, 0x28,
    0x28, 0x28, 0x10, 0x00, 0x00, 0x00, 0x00, 0xd0, 0xa8, 0x68, 0x68, 0xa8,
    0x28, 0x28, 0x28, 0x10, 0x00, 0x00, 0x00, 0x30, 0x10, 0x20, 0x00, 0x88,
    0x88, 0x88, 0x88, 0x88, 0x70, 0x00, 0x00, 0x00, 0x30, 0x20, 0x10, 0x00,
    0x88, 0x88, 0x88, 0x88, 0x88, 0x70, 0x00, 0x00, 0x00, 0xd0, 0x48, 0x80,
    0x00, 0x88, 0x88, 0x88, 0x88, 0x88, 0x70, 0x00, 0x00, 0x00, 0xd0, 0x88,
    0x40, 0x00, 0x88, 0x88, 0x88, 0x88, 0x88, 0x70, 0x00, 0x00, 0x00, 0xc8,
    0x50, 0x80, 0x00, 0x88, 0x88, 0x88, 0x88, 0x88, 0x70, 0x00, 0x00, 0x00,
    0xc8, 0x90, 0x40, 0x00, 0x88, 0x88, 0x88, 0x88, 0x88, 0x70, 0x00, 0x00,
    0x68, 0xb0, 0x10, 0x20, 0x00, 0x88, 0x88, 0x88, 0x88, 0x88, 0x70, 0x00,
    0x00, 0x68, 0xb0, 0x20, 0x10, 0x00, 0x88, 0x88, 0x88, 0x88, 0x88, 0x70,
    0x00, 0x00, 0x00, 0x00, 0xe8, 0xa8, 0x68, 0x28, 0x10, 0x10, 0x10, 0x10,
    0x10, 0x00, 0x00, 0x00, 0x00, 0xe8, 0xa8, 0x68, 0xa8, 0x50, 0x10, 0x10,
    0x10, 0x10, 0x00, 0x00, 0x00, 0x00, 0xe8, 0xa8, 0x68, 0x68, 0x90, 0x10,
    0x10, 0x10, 0x10, 0x00, 0x00, 0x00, 0x00, 0xe8, 0x28, 0xe8, 0xa8, 0x50,
    0x10, 0x10, 0x10, 0x10, 0x00, 0x00, 0x00, 0x30, 0x10, 0x20, 0x00, 0x88,
    0xa8, 0xa8, 0xa8, 0xa8, 0x50, 0x00, 0x00, 0x00, 0x30, 0x20, 0x10, 0x00,
    0x88, 0xa8, 0xa8, 0xa8, 0xa8, 0x50, 0x00, 0x00, 0x00, 0xd0, 0x48, 0x80,
    0x00, 0x88, 0xa8, 0xa8, 0xa8, 0xa8, 0x50, 0x00, 0x00, 0x00, 0xd0, 0x88,
    0x40, 0x00, 0x88, 0xa8, 0xa8, 0xa8, 0xa8, 0x50, 0x00, 0x00, 0x00, 0xc8,
    0x50, 0x80, 0x00, 0x88, 0xa8, 0xa8, 0xa8, 0xa8, 0x50, 0x00, 0x00, 0x00,
    0xc8, 0x90, 0x40, 0x00, 0x88, 0xa8, 0xa8, 0xa8, 0xa8, 0x50, 0x00, 0x00,
    0x68, 0xb0, 0x10, 0x20, 0x00, 0x88, 0xa8, 0xa8, 0xa8, 0xa8, 0x50, 0x00,
    0x00, 0x68, 0xb0, 0x20, 0x10, 0x00, 0x88, 0xa8, 0xa8, 0xa8, 0xa8, 0x50,
    0x00, 0x00, 0x00, 0x00, 0xd0, 0x68, 0xa8, 0x28, 0x28, 0x28, 0x10, 0x10,
    0x28, 0x00, 0x00, 0x00, 0x00, 0xd0, 0xa8, 0x68, 0x28, 0x28, 0x28, 0x10,
    0x10, 0x28, 0x00, 0x00, 0x00, 0x00, 0xd0, 0x68, 0xa8, 0xa8, 0x68, 0x28,
    0x10, 0x10, 0x28, 0x00, 0x00, 0x00, 0x00, 0xd0, 0xa8, 0x68, 0xa8, 0x68,
    0x28, 0x10, 0x10, 0x28, 0x00, 0x00, 0x00, 0x00, 0xd0, 0x68, 0xa8, 0x68,
    0xa8, 0x28, 0x10, 0x10, 0x28, 0x00, 0x00, 0x00, 0x00, 0xd0, 0xa8, 0x68,
    0x68, 0xa8, 0x28, 0x10, 0x10, 0x28, 0x00, 0x00, 0x00, 0x00, 0xd0, 0x28,
    0xe8, 0x68, 0xa8, 0x28, 0x10, 0x10, 0x28, 0x00, 0x00, 0x00, 0x00, 0xd0,
    0x28, 0xe8, 0xa8, 0x68, 0x28, 0x10, 0x10, 0x28, 0x00, 0x00, 0x00, 0x00,
    0x40, 0x20, 0x00, 0x70, 0x88, 0x88, 0x88, 0x98, 0x68, 0x00, 0x00, 0x00,
    0x00, 0x10, 0x20, 0x00, 0x70, 0x88, 0x88, 0x88, 0x98, 0x68, 0x00, 0x00,
    0x00, 0x00, 0x40, 0x20, 0x00, 0x70, 0x88, 0x60, 0x80, 0x88, 0x70, 0x00,
    0x00, 0x00, 0x00, 0x10, 0x20, 0x00, 0x70, 0x88, 0x60, 0x80, 0x88, 0x70,
    0x00, 0x00, 0x00, 0x00, 0x40, 0x20, 0x00, 0xb0, 0xc8, 0x88, 0x88, 0x88,
    0x88, 0x08, 0x08, 0x00, 0x00, 0x10, 0x20, 0x00, 0xb0, 0xc8, 0x88, 0x88,
    0x88, 0x88, 0x08, 0x08, 0x00, 0x00, 0x80, 0x40, 0x00, 0x40, 0x40, 0x40,
    0x40, 0x50, 0x20, 0x00, 0x00, 0x00, 0x00, 0x20, 0x40, 0x00, 0x40, 0x40,
    0x40, 0x40, 0x50, 0x20, 0x00, 0x00, 0x00, 0x00, 0x40, 0x20, 0x00, 0x70,
    0x88, 0x88, 0x88, 0x88, 0x70, 0x00, 0x00, 0x00, 0x00, 0x10, 0x20, 0x00,
    0x70, 0x88, 0x88, 0x88, 0x88, 0x70, 0x00, 0x00, 0x00, 0x00, 0x40, 0x20,
    0x00, 0x88, 0x88, 0x88, 0x88, 0x88, 0x70, 0x00, 0x00, 0x00, 0x00, 0x10,
    0x20, 0x00, 0x88, 0x88, 0x88, 0x88, 0x88, 0x70, 0x00, 0x00, 0x00, 0x00,
    0x40, 0x20, 0x00, 0x88, 0xa8, 0xa8, 0xa8, 0xa8, 0x50, 0x00, 0x00, 0x00,
    0x00, 0x10, 0x20, 0x00, 0x88, 0xa8, 0xa8, 0xa8, 0xa8, 0x50, 0x00, 0x00,
    0x00, 0x30, 0x10, 0x20, 0x00, 0x70, 0x88, 0x88, 0x88, 0x98, 0x68, 0x00,
    0x20, 0x00, 0x30, 0x20, 0x10, 0x00, 0x70, 0x88, 0x88, 0x88, 0x98, 0x68,
    0x00, 0x20, 0x00, 0xd0, 0x48, 0x80, 0x00, 0x70, 0x88, 0x88, 0x88, 0x98,
    0x68, 0x00, 0x20, 0x00, 0xd0, 0x88, 0x40, 0x00, 0x70, 0x88, 0x88, 0x88,
    0x98, 0x68, 0x00, 0x20, 0x00, 0xc8, 0x50, 0x80, 0x00, 0x70, 0x88, 0x88,
    0x88, 0x98, 0x68, 0x00, 0x20, 0x00, 0xc8, 0x90, 0x40, 0x00, 0x70, 0x88,
    0x88, 0x88, 0x98, 0x68, 0x00, 0x20, 0x68, 0xb0, 0x10, 0x20, 0x00, 0x70,
    0x88, 0x88, 0x88, 0x98, 0x68, 0x00, 0x20, 0x68, 0xb0, 0x20, 0x10, 0x00,
    0x70, 0x88, 0x88, 0x88, 0x98, 0x68, 0x00, 0x20, 0x00, 0x00, 0xd0, 0x68,
    0xa8, 0x28, 0x28, 0x38, 0x28, 0x28, 0x28, 0x00, 0x10, 0x00, 0x00, 0xd0,
    0xa8, 0x68, 0x28, 0x28, 0x38, 0x28, 0x28, 0x28, 0x00, 0x10, 0x00, 0x00,
    0xd0, 0x68, 0xa8, 0xa8, 0x68, 0x38, 0x28, 0x28, 0x28, 0x00, 0x10, 0x00,
    0x00, 0xd0, 0xa8, 0x68, 0xa8, 0x68, 0x38, 0x28, 0x28, 0x28, 0x00, 0x10,
    0x00, 0x00, 0xd0, 0x68, 0xa8, 0x68, 0xa8, 0x38, 0x28, 0x28, 0x28, 0x00,
    0x10, 0x00, 0x00, 0xd0, 0xa8, 0x68, 0x68, 0xa8, 0x38, 0x28, 0x28, 0x28,
    0x00, 0x10, 0x00, 0x00, 0xd0, 0x28, 0xe8, 0x68, 0xa8, 0x38, 0x28, 0x28,
    0x28, 0x00, 0x10, 0x00, 0x00, 0xd0, 0x28, 0xe8, 0xa8, 0x68, 0x38, 0x28,
    0x28, 0x28, 0x00, 0x10, 0x00, 0x30, 0x10, 0x20, 0x00, 0xb0, 0xc8, 0x88,
    0x88, 0x88, 0x88, 0x08, 0x88, 0x00, 0x30, 0x20, 0x10, 0x00, 0xb0, 0xc8,
    0x88, 0x88, 0x88, 0x88, 0x08, 0x88, 0x00, 0xd0, 0x48, 0x80, 0x00, 0xb0,
    0xc8, 0x88, 0x88, 0x88, 0x88, 0x08, 0x88, 0x00, 0xd0, 0x88, 0x40, 0x00,
    0xb0, 0xc8, 0x88, 0x88, 0x88, 0x88, 0x08, 0x88, 0x00, 0xc8, 0x50, 0x80,
    0x00, 0xb0, 0xc8, 0x88, 0x88, 0x88, 0x88, 0x08, 0x88, 0x00, 0xc8, 0x90,
    0x40, 0x00, 0xb0, 0xc8, 0x88, 0x88, 0x88, 0x88, 0x08, 0x88, 0x68, 0xb0,
    0x10, 0x20, 0x00, 0xb0, 0xc8, 0x88, 0x88, 0x88, 0x88, 0x08, 0x88, 0x68,
    0xb0, 0x20, 0x10, 0x00, 0xb0, 0xc8, 0x88, 0x88, 0x88, 0x88, 0x08, 0x88,
    0x00, 0x00, 0xe8, 0x68, 0xa8, 0x28, 0x38, 0x28, 0x28, 0x28, 0x28, 0x00,
    0x10, 0x00, 0x00, 0xe8, 0xa8, 0x68, 0x28, 0x38, 0x28, 0x28, 0x28, 0x28,
    0x00, 0x10, 0x00, 0x00, 0xe8, 0x68, 0xa8, 0xa8, 0x78, 0x28, 0x28, 0x28,
    0x28, 0x00, 0x10, 0x00, 0x00, 0xe8, 0xa8, 0x68, 0xa8, 0x78, 0x28, 0x28,
    0x28, 0x28, 0x00, 0x10, 0x00, 0x00, 0xe8, 0x68, 0xa8, 0x68, 0xb8, 0x28,
    0x28, 0x28, 0x28, 0x00, 0x10, 0x00, 0x00, 0xe8, 0xa8, 0x68, 0x68, 0xb8,
    0x28, 0x28, 0x28, 0x28, 0x00, 0x10, 0x00, 0x00, 0xe8, 0x28, 0xe8, 0x68,
    0xb8, 0x28, 0x28, 0x28, 0x28, 0x00, 0x10, 0x00, 0x00, 0xe8, 0x28, 0xe8,
    0xa8, 0x78, 0x28, 0x28, 0x28, 0x28, 0x00, 0x10, 0x00, 0x30, 0x10, 0x20,
    0x00, 0x88, 0xa8, 0xa8, 0xa8, 0xa8, 0x50, 0x00, 0x20, 0x00, 0x30, 0x20,
    0x10, 0x00, 0x88, 0xa8, 0xa8, 0xa8, 0xa8, 0x50, 0x00, 0x20, 0x00, 0xd0,
    0x48, 0x80, 0x00, 0x88, 0xa8, 0xa8, 0xa8, 0xa8, 0x50, 0x00, 0x20, 0x00,
    0xd0, 0x88, 0x40, 0x00, 0x88, 0xa8, 0xa8, 0xa8, 0xa8, 0x50, 0x00, 0x20,
    0x00, 0xc8, 0x50, 0x80, 0x00, 0x88, 0xa8, 0xa8, 0xa8, 0xa8, 0x50, 0x00,
    0x20, 0x00, 0xc8, 0x90, 0x40, 0x00, 0x88, 0xa8, 0xa8, 0xa8, 0xa8, 0x50,
    0x00, 0x20, 0x68, 0xb0, 0x10, 0x20, 0x00, 0x88, 0xa8, 0xa8, 0xa8, 0xa8,
    0x50, 0x00, 0x20, 0x68, 0xb0, 0x20, 0x10, 0x00, 0x88, 0xa8, 0xa8, 0xa8,
    0xa8, 0x50, 0x00, 0x20, 0x00, 0x00, 0xd0, 0x68, 0xa8, 0x28, 0x28, 0x28,
    0x10, 0x10, 0x28, 0x00, 0x10, 0x00, 0x00, 0xd0, 0xa8, 0x68, 0x28, 0x28,
    0x28, 0x10, 0x10, 0x28, 0x00, 0x10, 0x00, 0x00, 0xd0, 0x68, 0xa8, 0xa8,
    0x68, 0x28, 0x10, 0x10, 0x28, 0x00, 0x10, 0x00, 0x00, 0xd0, 0xa8, 0x68,
    0xa8, 0x68, 0x28, 0x10, 0x10, 0x28, 0x00, 0x10, 0x00, 0x00, 0xd0, 0x68,
    0xa8, 0x68, 0xa8, 0x28, 0x10, 0x10, 0x28, 0x00, 0x10, 0x00, 0x00, 0xd0,
    0xa8, 0x68, 0x68, 0xa8, 0x28, 0x10, 0x10, 0x28, 0x00, 0x10, 0x00, 0x00,
    0xd0, 0x28, 0xe8, 0x68, 0xa8, 0x28, 0x10, 0x10, 0x28, 0x00, 0x10, 0x00,
    0x00, 0xd0, 0x28, 0xe8, 0xa8, 0x68, 0x28, 0x10, 0x10, 0x28, 0x00, 0x10,
    0x00, 0x00, 0x88, 0x70, 0x00, 0x70, 0x88, 0x88, 0x88, 0x98, 0x68, 0x00,
    0x00, 0x00, 0x00, 0x00, 0xf8, 0x00, 0x70, 0x88, 0x88, 0x88, 0x98, 0x68,
    0x00, 0x00, 0x00, 0x00, 0x40, 0x20, 0x00, 0x70, 0x88, 0x88, 0x88, 0x98,
    0x68, 0x00, 0x20, 0x00, 0x00, 0x00, 0x00, 0x00, 0x70, 0x88, 0x88, 0x88,
    0x98, 0x68, 0x00, 0x20, 0x00, 0x00, 0x10, 0x20, 0x00, 0x70, 0x88, 0x88,
    0x88, 0x98, 0x68, 0x00, 0x20, 0x00, 0x00, 0x68, 0xb0, 0x00, 0x70, 0x88,
    0x88, 0x88, 0x98, 0x68, 0x00, 0x00, 0x00, 0x00, 0x68, 0xb0, 0x00, 0x70,
    0x88, 0x88, 0x88, 0x98, 0x68, 0x00, 0x20, 0x00, 0x88, 0x70, 0x00, 0x20,
    0x50, 0x88, 0x88, 0xf8, 0x88, 0x88, 0x00, 0x00, 0x00, 0xf8, 0x00, 0x20,
    0x50, 0x88, 0x88, 0xf8, 0x88, 0x88, 0x88, 0x00, 0x00, 0x00, 0x00, 0x90,
    0x68, 0x28, 0x28, 0x28, 0x38, 0x28, 0x28, 0x28, 0x00, 0x00, 0x00, 0x00,
    0x50, 0xa8, 0x28, 0x28, 0x28, 0x38, 0x28, 0x28, 0x28, 0x00, 0x00, 0x00,
    0x00, 0x20, 0x50, 0x88, 0x88, 0x88, 0xf8, 0x88, 0x88, 0x88, 0x00, 0x20,
    0x00, 0x00, 0x30, 0x10, 0x20, 0x00, 0x00, 0x00, 0x00, 0x00, 0x00, 0x00,
    0x00, 0x00, 0x00, 0x00, 0x00, 0x00, 0x00, 0x00, 0x20, 0x20, 0x20, 0x10,
    0x00, 0x00, 0x00, 0x00, 0x30, 0x10, 0x20, 0x00, 0x00, 0x00, 0x00, 0x00,
    0x00, 0x00, 0x00, 0x00, 0x00, 0x68, 0xb0, 0x00, 0x00, 0x00, 0x00, 0x00,
    0x00, 0x00, 0x00, 0x00, 0x00, 0x68, 0xb0, 0x00, 0xd8, 0x00, 0x00, 0x00,
    0x00, 0x00, 0x00, 0x00, 0x00, 0x00, 0x00, 0x40, 0x20, 0x00, 0xb0, 0xc8,
    0x88, 0x88, 0x88, 0x88, 0x08, 0x88, 0x00, 0x00, 0x00, 0x00, 0x00, 0xb0,
    0xc8, 0x88, 0x88, 0x88, 0x88, 0x08, 0x88, 0x00, 0x00, 0x10, 0x20, 0x00,
    0xb0, 0xc8, 0x88, 0x88, 0x88, 0x88, 0x08, 0x88, 0x00, 0x00, 0x68, 0xb0,
    0x00, 0xb0, 0xc8, 0x88, 0x88, 0x88, 0x88, 0x08, 0x08, 0x00, 0x00, 0x68,
    0xb0, 0x00, 0xb0, 0xc8, 0x88, 0x88, 0x88, 0x88, 0x08, 0x88, 0x00, 0x00,
    0xb8, 0x60, 0x20, 0x20, 0x30, 0x20, 0x20, 0x20, 0x38, 0x00, 0x00, 0x00,
    0x00, 0x78, 0xa0, 0x20, 0x20, 0x30, 0x20, 0x20, 0x20, 0x38, 0x00, 0x00,
    0x00, 0x00, 0xa8, 0x68, 0x28, 0x28, 0x38, 0x28, 0x28, 0x28, 0x28, 0x00,
    0x00, 0x00, 0x00, 0x68, 0xa8, 0x28, 0x28, 0x38, 0x28, 0x28, 0x28, 0x28,
    0x00, 0x00, 0x00, 0x00, 0x88, 0x88, 0x88, 0x88, 0xf8, 0x88, 0x88, 0x88,
    0x88, 0x00, 0x20, 0x00, 0x00, 0xd0, 0x48, 0x80, 0x00, 0x00, 0x00, 0x00,
    0x00, 0x00, 0x00, 0x00, 0x00, 0x00, 0xc8, 0x50, 0x80, 0x00, 0x00, 0x00,
    0x00, 0x00, 0x00, 0x00, 0x00, 0x00, 0x00, 0x68, 0xb0, 0x10, 0x20, 0x00,
    0x00, 0x00, 0x00, 0x00, 0x00, 0x00, 0x00, 0x00, 0x88, 0x70, 0x00, 0x20,
    0x20, 0x20, 0x20, 0x28, 0x10, 0x00, 0x00, 0x00, 0x00, 0x00, 0xf8, 0x00,
    0x20, 0x20, 0x20, 0x20, 0x28, 0x10, 0x00, 0x00, 0x00, 0x40, 0x20, 0xd8,
    0x00, 0x20, 0x20, 0x20, 0x20, 0x28, 0x10, 0x00, 0x00, 0x00, 0x10, 0x20,
    0xd8, 0x00, 0x20, 0x20, 0x20, 0x20, 0x28, 0x10, 0x00, 0x00, 0x00, 0x00,
    0x68, 0xb0, 0x00, 0x20, 0x20, 0x20, 0x20, 0x28, 0x10, 0x00, 0x00, 0x68,
    0xb0, 0x00, 0xd8, 0x00, 0x20, 0x20, 0x20, 0x20, 0x28, 0x10, 0x00, 0x00,
    0x00, 0x88, 0x70, 0x00, 0x70, 0x20, 0x20, 0x20, 0x20, 0x20, 0x70, 0x00,
    0x00, 0x00, 0x00, 0xf8, 0x00, 0x70, 0x20, 0x20, 0x20, 0x20, 0x20, 0x70,
    0x00, 0x00, 0x00, 0x00, 0xb8, 0x50, 0x10, 0x10, 0x10, 0x10, 0x10, 0x10,
    0x38, 0x00, 0x00, 0x00, 0x00, 0x78, 0x90, 0x10, 0x10, 0x10, 0x10, 0x10,
    0x10, 0x38, 0x00, 0x00, 0x00, 0x00, 0xd0, 0x88, 0x40, 0x00, 0x00, 0x00,
    0x00, 0x00, 0x00, 0x00, 0x00, 0x00, 0x00, 0xc8, 0x90, 0x40, 0x00, 0x00,
    0x00, 0x00, 0x00, 0x00, 0x00, 0x00, 0x00, 0x00, 0x68, 0xb0, 0x20, 0x10,
    0x00, 0x00, 0x00, 0x00, 0x00, 0x00, 0x00, 0x00, 0x00, 0x88, 0x70, 0x00,
    0x88, 0x88, 0x88, 0x88, 0x88, 0x70, 0x00, 0x00, 0x00, 0x00, 0x00, 0xf8,
    0x00, 0x88, 0x88, 0x88, 0x88, 0x88, 0x70, 0x00, 0x00, 0x00, 0x40, 0x20,
    0xd8, 0x00, 0x88, 0x88, 0x88, 0x88, 0x88, 0x70, 0x00, 0x00, 0x00, 0x10,
    0x20, 0xd8, 0x00, 0x88, 0x88, 0x88, 0x88, 0x88, 0x70, 0x00, 0x00, 0x00,
    0x30, 0x10, 0x20, 0x00, 0x70, 0x88, 0x88, 0x88, 0x88, 0xf0, 0x80, 0x80,
    0x00, 0x30, 0x20, 0x10, 0x00, 0x70, 0x88, 0x88, 0x88, 0x88, 0xf0, 0x80,
    0x80, 0x00, 0x00, 0x68, 0xb0, 0x00, 0x88, 0x88, 0x88, 0x88, 0x88, 0x70,
    0x00, 0x00, 0x68, 0xb0, 0x00, 0xd8, 0x00, 0x88, 0x88, 0x88, 0x88, 0x88,
    0x70, 0x00, 0x00, 0x00, 0x88, 0x70, 0x00, 0x88, 0x50, 0x50, 0x20, 0x20,
    0x20, 0x20, 0x00, 0x00, 0x00, 0xf8, 0x00, 0x88, 0x88, 0x50, 0x50, 0x20,
    0x20, 0x20, 0x20, 0x00, 0x00, 0x00, 0x00, 0xa8, 0x68, 0x28, 0x28, 0x10,
    0x10, 0x10, 0x10, 0x10, 0x00, 0x00, 0x00, 0x00, 0x68, 0xa8, 0x28, 0x28,
    0x10, 0x10, 0x10, 0x10, 0x10, 0x00, 0x00, 0x00, 0x00, 0xf0, 0xa8, 0x68,
    0x28, 0x30, 0x20, 0x20, 0x20, 0x20, 0x00, 0x00, 0x00, 0x40, 0x20, 0xd8,
    0x00, 0x00, 0x00, 0x00, 0x00, 0x00, 0x00, 0x00, 0x00, 0x00, 0x10, 0x20,
    0xd8, 0x00, 0x00, 0x00, 0x00, 0x00, 0x00, 0x00, 0x00, 0x00, 0x00, 0x00,
    0x40, 0x20, 0x00, 0x00, 0x00, 0x00, 0x00, 0x00, 0x00, 0x00, 0x00, 0x00,
    0x00, 0x40, 0x20, 0x00, 0x88, 0xa8, 0xa8, 0xa8, 0xa8, 0x50, 0x00, 0x20,
    0x00, 0x00, 0x00, 0x00, 0x00, 0x88, 0xa8, 0xa8, 0xa8, 0xa8, 0x50, 0x00,
    0x20, 0x00, 0x00, 0x10, 0x20, 0x00, 0x88, 0xa8, 0xa8, 0xa8, 0xa8, 0x50,
    0x00, 0x20, 0x00, 0x00, 0x68, 0xb0, 0x00, 0x88, 0xa8, 0xa8, 0xa8, 0xa8,
    0x50, 0x00, 0x00, 0x00, 0x00, 0x68, 0xb0, 0x00, 0x88, 0xa8, 0xa8, 0xa8,
    0xa8, 0x50, 0x00, 0x20, 0x00, 0x00, 0x90, 0x68, 0x28, 0x28, 0x28, 0x28,
    0x28, 0x28, 0x10, 0x00, 0x00, 0x00, 0x00, 0x50, 0xa8, 0x28, 0x28, 0x28,
    0x28, 0x28, 0x28, 0x10, 0x00, 0x00, 0x00, 0x00, 0x90, 0x68, 0x28, 0x28,
    0x28, 0x28, 0x10, 0x10, 0x28, 0x00, 0x00, 0x00, 0x00, 0x50, 0xa8, 0x28,
    0x28, 0x28, 0x28, 0x10, 0x10, 0x28, 0x00, 0x00, 0x00, 0x00, 0x70, 0x88,
    0x88, 0x88, 0x88, 0x88, 0x50, 0x50, 0xd8, 0x00, 0x20, 0x00, 0x00, 0x10,
    0x20, 0x00, 0x00, 0x00, 0x00, 0x00, 0x00, 0x00, 0x00, 0x00, 0x00, 0x00,
    0x30, 0x20, 0x10, 0x00, 0x00, 0x00, 0x00, 0x00, 0x00, 0x00, 0x00, 0x00,
    0x00, 0x00, 0x00, 0x00, 0x00, 0x00, 0x00, 0x00, 0x00, 0x00, 0x00, 0x00,
    0x00, 0x00, 0x00, 0x00, 0x00, 0x00, 0x00, 0x00, 0x00, 0x00, 0x00, 0x00,
    0x00, 0x00, 0x00, 0x00, 0x00, 0x00, 0x00, 0x00, 0x00, 0x00, 0x00, 0x00,
    0x00, 0x00, 0x00, 0x00, 0x00, 0x00, 0x00, 0x00, 0x00, 0x00, 0x00, 0x00,
    0x00, 0x00, 0x00, 0x00, 0x00, 0x00, 0x00, 0x00, 0x00, 0x00, 0x00, 0x00,
    0x00, 0x00, 0x00, 0x00, 0x00, 0x00, 0x00, 0x00, 0x00, 0x00, 0x00, 0x00,
    0x00, 0x00, 0x00, 0x00, 0x00, 0x00, 0x00, 0x00, 0x00, 0x00, 0x00, 0x00,
    0x00, 0x00, 0x00, 0x00, 0x00, 0x00, 0x00, 0x00, 0x00, 0x00, 0x00, 0x00,
    0x00, 0x00, 0x00, 0x00, 0x00, 0x00, 0x00, 0x00, 0x00, 0x00, 0x00, 0x00,
    0x00, 0x00, 0x00, 0x00, 0x00, 0x00, 0x00, 0x00, 0x00, 0x00, 0x00, 0x00,
    0x00, 0x00, 0x00, 0x00, 0x00, 0x00, 0x00, 0x00, 0x00, 0x00, 0x00, 0x00,
    0x00, 0x00, 0x00, 0x00, 0x00, 0x00, 0x00, 0x00, 0x00, 0x00, 0x00, 0x00,
    0x00, 0x00, 0x00, 0x00, 0x00, 0x00, 0x00, 0x00, 0x00, 0x00, 0x00, 0x00,
    0x00, 0x00, 0x00, 0x00, 0x00, 0x00, 0x00, 0x00, 0x00, 0x00, 0x00, 0x00,
    0x00, 0x00, 0x00, 0x00, 0x00, 0x00, 0x00, 0x00, 0x00, 0x00, 0x00, 0x00,
    0x00, 0x00, 0x00, 0x00, 0x00, 0x00, 0x00, 0x00, 0x00, 0x00, 0x00, 0x00,
    0x00, 0x00, 0x00, 0x00, 0x00, 0x00, 0x00, 0x00, 0x00, 0x00, 0x00, 0x00,
    0x00, 0x00, 0x00, 0x00, 0x00, 0x00, 0x00, 0x00, 0x00, 0x70, 0x00, 0x00,
    0x00, 0x00, 0x00, 0x00, 0x00, 0x00, 0x00, 0x00, 0x00, 0x00, 0x70, 0x00,
    0x00, 0x00, 0x00, 0x00, 0x00, 0x00, 0x00, 0x00, 0x00, 0x00, 0x00, 0xf8,
    0x00, 0x00, 0x00, 0x00, 0x00, 0x00, 0x00, 0x00, 0x00, 0x00, 0x00, 0x00,
    0xf8, 0x00, 0x00, 0x00, 0x00, 0x00, 0x00, 0x00, 0x00, 0x00, 0x00, 0x00,
    0x00, 0xfc, 0x00, 0x00, 0x00, 0x00, 0x00, 0x00, 0x00, 0x00, 0x00, 0x00,
    0x00, 0x00, 0xfc, 0x00, 0x00, 0x00, 0x00, 0x00, 0x00, 0x00, 0x00, 0x50,
    0x50, 0x50, 0x50, 0x50, 0x50, 0x50, 0x50, 0x50, 0x00, 0x00, 0x00, 0x00,
    0x00, 0x00, 0x00, 0x00, 0x00, 0x00, 0x00, 0x00, 0xf8, 0x00, 0xf8, 0x00,
    0x00, 0x10, 0x20, 0x30, 0x00, 0x00, 0x00, 0x00, 0x00, 0x00, 0x00, 0x00,
    0x00, 0x00, 0x30, 0x10, 0x20, 0x00, 0x00, 0x00, 0x00, 0x00, 0x00, 0x00,
    0x00, 0x00, 0x00, 0x00, 0x00, 0x00, 0x00, 0x00, 0x00, 0x00, 0x30, 0x10,
    0x20, 0x00, 0x00, 0x00, 0x30, 0x20, 0x10, 0x00, 0x00, 0x00, 0x00, 0x00,
    0x00, 0x00, 0x00, 0x00, 0x00, 0x48, 0x90, 0xd8, 0x00, 0x00, 0x00, 0x00,
    0x00, 0x00, 0x00, 0x00, 0x00, 0x00, 0xd8, 0x48, 0x90, 0x00, 0x00, 0x00,
    0x00, 0x00, 0x00, 0x00, 0x00, 0x00, 0x00, 0x00, 0x00, 0x00, 0x00, 0x00,
    0x00, 0x00, 0xd8, 0x48, 0x90, 0x00, 0x00, 0x00, 0xd8, 0x90, 0x48, 0x00,
    0x00, 0x00, 0x00, 0x00, 0x00, 0x00, 0x00, 0x00, 0x00, 0x20, 0x20, 0xf8,
    0x20, 0x20, 0x20, 0x20, 0x20, 0x20, 0x00, 0x00, 0x00, 0x00, 0x20, 0x20,
    0xf8, 0x20, 0x20, 0xf8, 0x20, 0x20, 0x20, 0x00, 0x00, 0x00, 0x00, 0x00,
    0x00, 0x70, 0xf8, 0xf8, 0xf8, 0x70, 0x00, 0x00, 0x00, 0x00, 0x00, 0x00,
    0x00, 0x40, 0x60, 0x70, 0x78, 0x70, 0x60, 0x40, 0x00, 0x00, 0x00, 0x00,
    0x00, 0x00, 0x00, 0x00, 0x00, 0x00, 0x00, 0x00, 0x00, 0x20, 0x00, 0x00,
    0x00, 0x00, 0x00, 0x00, 0x00, 0x00, 0x00, 0x00, 0x00, 0x00, 0x50, 0x00,
    0x00, 0x00, 0x00, 0x00, 0x00, 0x00, 0x00, 0x00, 0x00, 0x00, 0x00, 0xa8,
    0x00, 0x00, 0x00, 0x00, 0x00, 0x00, 0x00, 0x00, 0x00, 0x30, 0x00, 0x00,
    0x00, 0x00, 0x00, 0x00, 0x00, 0x00, 0x00, 0x00, 0x00, 0x00, 0x00, 0x00,
    0x00, 0x00, 0x00, 0x00, 0x00, 0x00, 0x48, 0xa8, 0x50, 0x10, 0x20, 0x40,
    0x68, 0xd4, 0xa8, 0x00, 0x00, 0x00, 0x00, 0x48, 0xa8, 0x50, 0x10, 0x28,
    0x54, 0x68, 0xd4, 0xa8, 0x00, 0x00, 0x00, 0x00, 0x20, 0x20, 0x40, 0x00,
    0x00, 0x00, 0x00, 0x00, 0x00, 0x00, 0x00, 0x00, 0x00, 0x50, 0x50, 0xa0,
    0x00, 0x00, 0x00, 0x00, 0x00, 0x00, 0x00, 0x00, 0x00, 0x00, 0x54, 0x54,
    0xa8, 0x00, 0x00, 0x00, 0x00, 0x00, 0x00, 0x00, 0x00, 0x00, 0x00, 0x40,
    0x40, 0x20, 0x00, 0x00, 0x00, 0x00, 0x00, 0x00, 0x00, 0x00, 0x00, 0x00,
    0xa0, 0xa0, 0x50, 0x00, 0x00, 0x00, 0x00, 0x00, 0x00, 0x00, 0x00, 0x00,
    0x00, 0xa8, 0xa8, 0x54, 0x00, 0x00, 0x00, 0x00, 0x00, 0x00, 0x00, 0x00,
    0x00, 0x00, 0x00, 0x00, 0x00, 0x00, 0x00, 0x00, 0x00, 0x20, 0x20, 0x50,
    0x50, 0x00, 0x00, 0x00, 0x00, 0x10, 0x20, 0x40, 0x40, 0x20, 0x10, 0x00,
    0x00, 0x00, 0x00, 0x00, 0x00, 0x00, 0x40, 0x20, 0x10, 0x10, 0x20, 0x40,
    0x00, 0x00, 0x00, 0x00, 0x00, 0xa8, 0x88, 0x50, 0x20, 0xa8, 0x20, 0x50,
    0x88, 0xa8, 0x00, 0x00, 0x00, 0x00, 0x50, 0x50, 0x50, 0x50, 0x50, 0x50,
    0x50, 0x00, 0x50, 0x00, 0x00, 0x00, 0x00, 0x70, 0xa8, 0x28, 0x28, 0x30,
    0x20, 0x20, 0x00, 0x20, 0x00, 0x00, 0x00, 0xfc, 0x00, 0x00, 0x00, 0x00,
    0x00, 0x00, 0x00, 0x00, 0x00, 0x00, 0x00, 0x00, 0x00, 0x00, 0x00, 0x00,
    0x00, 0x00, 0x00, 0x00, 0x00, 0x00, 0x88, 0x70, 0x00, 0x70, 0x88, 0x00,
    0x00, 0x00, 0x00, 0x00, 0x00, 0x00, 0x00, 0x00, 0x00, 0x00, 0x00, 0x00,
    0x00, 0x00, 0x08, 0x08, 0x10, 0x10, 0x20, 0x20, 0x50, 0x50, 0x00, 0x00,
    0x00, 0x00, 0x20, 0x70, 0x20, 0x50, 0xf8, 0x50, 0x00, 0x00, 0x00, 0x00,
    0x00, 0x00, 0x00, 0x00, 0x00, 0x70, 0x70, 0x00, 0x00, 0x00, 0x00, 0x00,
    0x00, 0x00, 0x08, 0x10, 0x10, 0x20, 0x20, 0x40, 0x40, 0x80, 0x80, 0x00,
    0x00, 0x00, 0x00, 0x70, 0x40, 0x40, 0x40, 0x70, 0x40, 0x40, 0x40, 0x70,
    0x00, 0x00, 0x00, 0x00, 0x70, 0x10, 0x10, 0x10, 0x70, 0x10, 0x10, 0x10,
    0x70, 0x00, 0x00, 0x00, 0x00, 0x48, 0xb4, 0xb4, 0x24, 0x48, 0x48, 0x48,
    0x00, 0x48, 0x00, 0x00, 0x00, 0x00, 0x48, 0xa8, 0xa8, 0x28, 0x48, 0x48,
    0x48, 0x00, 0x48, 0x00, 0x00, 0x00, 0x00, 0x90, 0xa8, 0xa8, 0x88, 0x90,
    0x90, 0x90, 0x00, 0x90, 0x00, 0x00, 0x00, 0x00, 0x00, 0x00, 0x00, 0x78,
    0x08, 0x08, 0x08, 0x08, 0x08, 0x00, 0x00, 0x00, 0x00, 0xf0, 0xb8, 0xb8,
    0xb8, 0xb8, 0xb0, 0xa0, 0xa0, 0xa0, 0x00, 0x00, 0x00, 0x00, 0x00, 0x00,
    0x78, 0xe8, 0xe8, 0xe8, 0x78, 0x00, 0x00, 0x00, 0x00, 0x00, 0x00, 0x00,
    0x00, 0xf0, 0xb8, 0xb8, 0xb8, 0xf0, 0x00, 0x00, 0x00, 0x00, 0x00, 0x00,
    0x00, 0x00, 0x00, 0x00, 0x20, 0xa8, 0x70, 0xa8, 0x20, 0x00, 0x00, 0x00,
    0x00, 0x00, 0x00, 0x20, 0x70, 0x20, 0x00, 0x00, 0x60, 0x20, 0x10, 0x00,
    0x00, 0x00, 0x00, 0x70, 0x88, 0x00, 0x00, 0x00, 0x88, 0x70, 0x00, 0x00,
    0x00, 0x00, 0x00, 0x20, 0xa8, 0x70, 0xa8, 0x20, 0xa8, 0x70, 0xa8, 0x20,
    0x00, 0x00, 0x00, 0x00, 0xc8, 0xc8, 0x10, 0x10, 0x20, 0x40, 0x40, 0x98,
    0x98, 0x00, 0x00, 0x00, 0x00, 0x7c, 0x7c, 0xf8, 0x00, 0x00, 0x00, 0x00,
    0x00, 0x00, 0x00, 0x00, 0x00, 0x00, 0x00, 0x00, 0x00, 0x00, 0x00, 0x00,
    0x00, 0x00, 0x00, 0x00, 0x00, 0x00, 0x00, 0x00, 0x00, 0x00, 0x00, 0x00,
    0x00, 0x00, 0x00, 0x00, 0x00, 0x00, 0x00, 0x00, 0x00, 0x00, 0x00, 0x00,
    0x00, 0x00, 0x00, 0x00, 0x00, 0x00, 0x00, 0x00, 0x00, 0x00, 0x00, 0x00,
    0x00, 0x00, 0x00, 0x00, 0x00, 0x00, 0x00, 0x00, 0x00, 0x00, 0x00, 0x00,
    0x00, 0x00, 0x00, 0x00, 0x00, 0x00, 0x00, 0x00, 0x00, 0x40, 0xa0, 0xa0,
    0xa0, 0x40, 0x00, 0x00, 0x00, 0x00, 0x00, 0x00, 0x00, 0x00, 0x40, 0x00,
    0x40, 0x40, 0x40, 0x00, 0x00, 0x00, 0x00, 0x00, 0x00, 0x00, 0x00, 0x80,
    0x80, 0xc0, 0xe0, 0x40, 0x00, 0x00, 0x00, 0x00, 0x00, 0x00, 0x00, 0x00,
    0xe0, 0x80, 0xc0, 0x20, 0xc0, 0x00, 0x00, 0x00, 0x00, 0x00, 0x00, 0x00,
    0x00, 0x60, 0x80, 0xc0, 0xa0, 0x40, 0x00, 0x00, 0x00, 0x00, 0x00, 0x00,
    0x00, 0x00, 0xe0, 0x20, 0x40, 0x40, 0x40, 0x00, 0x00, 0x00, 0x00, 0x00,
    0x00, 0x00, 0x00, 0x40, 0xa0, 0x40, 0xa0, 0x40, 0x00, 0x00, 0x00, 0x00,
    0x00, 0x00, 0x00, 0x00, 0x40, 0xa0, 0x60, 0x20, 0xc0, 0x00, 0x00, 0x00,
    0x00, 0x00, 0x00, 0x00, 0x00, 0x00, 0x40, 0xe0, 0x40, 0x00, 0x00, 0x00,
    0x00, 0x00, 0x00, 0x00, 0x00, 0x00, 0x00, 0x00, 0xe0, 0x00, 0x00, 0x00,
    0x00, 0x00, 0x00, 0x00, 0x00, 0x00, 0x00, 0x00, 0xe0, 0x00, 0xe0, 0x00,
    0x00, 0x00, 0x00, 0x00, 0x00, 0x00, 0x00, 0x00, 0x40, 0x80, 0x80, 0x80,
    0x40, 0x00, 0x00, 0x00, 0x00, 0x00, 0x00, 0x00, 0x00, 0x40, 0x20, 0x20,
    0x20, 0x40, 0x00, 0x00, 0x00, 0x00, 0x00, 0x00, 0x00, 0x00, 0x00, 0xc0,
    0xa0, 0xa0, 0xa0, 0x00, 0x00, 0x00, 0x00, 0x00, 0x00, 0x00, 0x00, 0x00,
    0x00, 0x00, 0x00, 0x00, 0x00, 0x00, 0x00, 0x40, 0xa0, 0xa0, 0xa0, 0x40,
    0x00, 0x00, 0x00, 0x00, 0x00, 0x00, 0x00, 0x00, 0x40, 0xc0, 0x40, 0x40,
    0xe0, 0x00, 0x00, 0x00, 0x00, 0x00, 0x00, 0x00, 0x00, 0x40, 0xa0, 0x20,
    0x40, 0xe0, 0x00, 0x00, 0x00, 0x00, 0x00, 0x00, 0x00, 0x00, 0x40, 0xa0,
    0x40, 0x20, 0xc0, 0x00, 0x00, 0x00, 0x00, 0x00, 0x00, 0x00, 0x00, 0x80,
    0x80, 0xc0, 0xe0, 0x40, 0x00, 0x00, 0x00, 0x00, 0x00, 0x00, 0x00, 0x00,
    0xe0, 0x80, 0xc0, 0x20, 0xc0, 0x00, 0x00, 0x00, 0x00, 0x00, 0x00, 0x00,
    0x00, 0x60, 0x80, 0xc0, 0xa0, 0x40, 0x00, 0x00, 0x00, 0x00, 0x00, 0x00,
    0x00, 0x00, 0xe0, 0x20, 0x40, 0x40, 0x40, 0x00, 0x00, 0x00, 0x00, 0x00,
    0x00, 0x00, 0x00, 0x40, 0xa0, 0x40, 0xa0, 0x40, 0x00, 0x00, 0x00, 0x00,
    0x00, 0x00, 0x00, 0x00, 0x40, 0xa0, 0x60, 0x20, 0xc0, 0x00, 0x00, 0x00,
    0x00, 0x00, 0x00, 0x00, 0x00, 0x00, 0x40, 0xe0, 0x40, 0x00, 0x00, 0x00,
    0x00, 0x00, 0x00, 0x00, 0x00, 0x00, 0x00, 0x00, 0xe0, 0x00, 0x00, 0x00,
    0x00, 0x00, 0x00, 0x00, 0x00, 0x00, 0x00, 0x00, 0xe0, 0x00, 0xe0, 0x00,
    0x00, 0x00, 0x00, 0x00, 0x00, 0x00, 0x00, 0x00, 0x40, 0x80, 0x80, 0x80,
    0x40, 0x00, 0x00, 0x00, 0x00, 0x00, 0x00, 0x00, 0x00, 0x40, 0x20, 0x20,
    0x20, 0x40, 0x00, 0x00, 0x00, 0x60, 0x80, 0x80, 0xb8, 0xa0, 0x70, 0x20,
    0x38, 0x00, 0x00, 0x00, 0x08, 0x78, 0x98, 0x90, 0xa0, 0xa0, 0xa0, 0xc0,
    0xc8, 0xf0, 0x80, 0x00, 0x00, 0x00, 0x70, 0x88, 0x80, 0x80, 0xa8, 0xb0,
    0xa0, 0xa8, 0x70, 0x00, 0x00, 0x00, 0x00, 0xf8, 0x80, 0x80, 0x80, 0xe8,
    0xb0, 0xa0, 0xa0, 0xa0, 0x00, 0x00, 0x00, 0x00, 0x30, 0x48, 0x40, 0xe0,
    0x40, 0xe0, 0x40, 0x48, 0xb0, 0x00, 0x00, 0x00, 0x00, 0x00, 0x10, 0x10,
    0xd0, 0xa8, 0xa8, 0xa8, 0xa8, 0xc8, 0xc0, 0x40, 0x00, 0x00, 0x48, 0x48,
    0x68, 0xfc, 0x68, 0xfc, 0x58, 0x58, 0x48, 0x00, 0x00, 0x00, 0x00, 0x70,
    0x48, 0xfc, 0x48, 0x70, 0x40, 0x40, 0x40, 0x40, 0x00, 0x00, 0x00, 0x00,
    0xc0, 0xa0, 0xa0, 0xa0, 0xd8, 0xa0, 0xb0, 0xa8, 0xb0, 0x00, 0x00, 0x00,
    0x00, 0x88, 0x88, 0xf8, 0x88, 0xf8, 0xa8, 0xa8, 0xd8, 0x88, 0x00, 0x00,
    0x00, 0x00, 0x64, 0x94, 0xb4, 0xb4, 0xb4, 0xb4, 0xb4, 0xa4, 0x98, 0x00,
    0x00, 0x00, 0x00, 0x10, 0x70, 0x10, 0x70, 0x90, 0x90, 0x90, 0x90, 0x70,
    0x00, 0xf0, 0x00, 0x00, 0x38, 0x40, 0x40, 0xf0, 0x40, 0xf0, 0x40, 0x40,
    0x38, 0x00, 0x00, 0x00, 0x00, 0x44, 0x44, 0x48, 0x50, 0xfc, 0x50, 0x48,
    0x44, 0x44, 0x00, 0x00, 0x00, 0x00, 0xf8, 0x20, 0x20, 0x30, 0x60, 0x30,
    0x60, 0x20, 0x20, 0x00, 0x00, 0x00, 0x00, 0x40, 0x70, 0xc8, 0x48, 0x48,
    0x48, 0x48, 0xe8, 0xd0, 0x00, 0x00, 0x00, 0x00, 0x10, 0x28, 0x28, 0x28,
    0x10, 0x10, 0x50, 0x68, 0xa8, 0x08, 0x10, 0x00, 0x00, 0x60, 0x50, 0xf8,
    0xf8, 0x50, 0x60, 0x40, 0x40, 0x40, 0x00, 0x00, 0x20, 0x40, 0xf8, 0x00,
    0x00, 0x00, 0x00, 0x00, 0x00, 0x00, 0x00, 0x00, 0x00, 0x20, 0x10, 0xf8,
    0x00, 0x00, 0x00, 0x00, 0x00, 0x00, 0x00, 0x00, 0x00, 0x00, 0x00, 0x20,
    0x20, 0x20, 0x20, 0x20, 0x20, 0x20, 0x20, 0x20, 0x20, 0x20, 0x00, 0x00,
    0x00, 0x00, 0x20, 0x20, 0x20, 0x20, 0x20, 0x20, 0x20, 0x20, 0x20, 0x00,
    0x00, 0x30, 0xc8, 0xc0, 0x00, 0x00, 0x00, 0x00, 0x00, 0x00, 0x00, 0x00,
    0x00, 0x00, 0x60, 0x98, 0x18, 0x00, 0x00, 0x00, 0x00, 0x00, 0x00, 0x00,
    0x00, 0x00, 0x00, 0x40, 0xf8, 0x40, 0x00, 0x00, 0x00, 0x00, 0x00, 0x00,
    0x00, 0x00, 0x00, 0x00, 0x10, 0xf8, 0x10, 0x00, 0x00, 0x00, 0x00, 0x00,
    0x00, 0x00, 0x00, 0x00, 0x00, 0x00, 0x00, 0x00, 0x00, 0x00, 0x00, 0x20,
    0x50, 0x20, 0x00, 0x00, 0x00, 0x00, 0x00, 0x00, 0x00, 0x00, 0x00, 0x30,
    0x48, 0xe8, 0x48, 0x30, 0x00, 0x00, 0x00, 0x00, 0x00, 0x00, 0x00, 0x00,
    0x60, 0x90, 0xb8, 0x90, 0x60, 0x00, 0x00, 0x00, 0xa8, 0xa8, 0x00, 0x00,
    0x00, 0x00, 0x00, 0x00, 0x00, 0x00, 0x00, 0x00, 0x00, 0xb4, 0xb4, 0x00,
    0x00, 0x00, 0x00, 0x00, 0x00, 0x00, 0x00, 0x00, 0x00, 0x78, 0x84, 0x84,
    0x84, 0x84, 0x84, 0x84, 0x84, 0x84, 0x84, 0x84, 0x84, 0x78, 0xfc, 0x84,
    0x84, 0x84, 0x84, 0x84, 0x84, 0x84, 0x84, 0x84, 0x84, 0x84, 0xfc, 0x30,
    0x48, 0x84, 0x84, 0x84, 0x84, 0x84, 0x84, 0x84, 0x84, 0x84, 0x48, 0x30,
    0x78, 0xc4, 0xa4, 0xa4, 0xa4, 0xa4, 0xa4, 0x94, 0x94, 0x94, 0x94, 0x8c,
    0x78, 0x00, 0x50, 0xf8, 0x50, 0x00, 0x00, 0x00, 0x00, 0x00, 0x00, 0x00,
    0x00, 0x00, 0x00, 0x78, 0x84, 0x84, 0x84, 0x84, 0x84, 0x84, 0x84, 0x84,
    0x84, 0x78, 0x00, 0xfc, 0xfc, 0x84, 0x84, 0x84, 0x84, 0x84, 0x84, 0x84,
    0x84, 0x84, 0xfc, 0xfc, 0x30, 0x48, 0x48, 0x48, 0x48, 0x48, 0x84, 0x84,
    0x84, 0x84, 0x84, 0x84, 0x78, 0x00, 0x00, 0x80, 0x80, 0x40, 0x40, 0x20,
    0x10, 0x10, 0x08, 0x08, 0x00, 0x00, 0x00, 0x00, 0x50, 0x50, 0x50, 0x50,
    0x50, 0x50, 0x50, 0x50, 0x50, 0x00, 0x00, 0x00, 0xfc, 0x04, 0x04, 0x04,
    0x04, 0x04, 0x04, 0x04, 0x04, 0x04, 0x00, 0x00, 0x00, 0x00, 0x00, 0x00,
    0x00, 0x00, 0x00, 0x00, 0x00, 0x00, 0x00, 0x00, 0xa8, 0x00, 0xf8, 0x88,
    0x00, 0x00, 0x00, 0x00, 0x00, 0x00, 0x00, 0x00, 0x00, 0x00, 0x00, 0x00,
    0x00, 0x00, 0x00, 0x20, 0x40, 0xf8, 0x40, 0x20, 0x00, 0x00, 0x00, 0x00,
    0x00, 0x68, 0xa8, 0xa8, 0x70, 0x60, 0x58, 0xa0, 0xa0, 0x98, 0x00, 0x00,
    0x00, 0x00, 0x68, 0xa8, 0xa8, 0x70, 0x38, 0x60, 0x90, 0x88, 0xb0, 0x00,
    0x00, 0x00, 0x00, 0x70, 0xa8, 0xa0, 0xa0, 0xa0, 0xa0, 0xa0, 0xa8, 0x70,
    0x00, 0x00, 0x40, 0xa0, 0x40, 0x38, 0x40, 0x40, 0x40, 0x40, 0x40, 0x40,
    0x38, 0x00, 0x00, 0x00, 0x00, 0x20, 0x20, 0x70, 0xa0, 0xa0, 0xa0, 0x70,
    0x20, 0x38, 0x00, 0x00, 0x00, 0x00, 0x48, 0x88, 0x90, 0x50, 0x20, 0x50,
    0x68, 0xa8, 0x90, 0x00, 0x00, 0x00, 0x00, 0x48, 0x88, 0x90, 0x50, 0x20,
    0x68, 0x68, 0xa8, 0x90, 0x00, 0x00, 0x00, 0x00, 0x78, 0x88, 0x80, 0x80,
    0x60, 0x80, 0x88, 0x88, 0x70, 0x00, 0x00, 0x00, 0x00, 0x60, 0x90, 0x08,
    0x48, 0x78, 0x48, 0x08, 0x90, 0x60, 0x00, 0x00, 0x40, 0xa0, 0x40, 0x78,
    0x40, 0x40, 0x70, 0x40, 0x40, 0x40, 0x40, 0x00, 0x00, 0x00, 0x00, 0x00,
    0x00, 0x00, 0x30, 0x48, 0x88, 0x88, 0x70, 0x10, 0x90, 0x60, 0x00, 0x00,
    0xc8, 0x48, 0x48, 0x48, 0x78, 0x90, 0x90, 0x90, 0x98, 0x00, 0x00, 0x00,
    0x00, 0x68, 0x90, 0x80, 0xb0, 0xc8, 0x48, 0x28, 0xa8, 0x48, 0x10, 0x20,
    0x00, 0x00, 0xa8, 0xa8, 0xa8, 0xa8, 0xb8, 0xa8, 0xa8, 0xa8, 0xa8, 0x00,
    0x00, 0x00, 0x00, 0x20, 0x20, 0x20, 0x40, 0x70, 0x48, 0x48, 0x90, 0x90,
    0x00, 0x00, 0x00, 0x00, 0x20, 0x30, 0x60, 0xc0, 0x70, 0x48, 0x48, 0x90,
    0x90, 0x00, 0x00, 0x00, 0x00, 0x38, 0x08, 0x08, 0x10, 0x10, 0x10, 0x20,
    0xa0, 0x40, 0x00, 0x00, 0x00, 0x00, 0xf8, 0x88, 0x48, 0x08, 0x10, 0x10,
    0x08, 0xc8, 0x30, 0x00, 0x00, 0x00, 0x00, 0x18, 0x54, 0x38, 0x10, 0x10,
    0x20, 0x60, 0xa8, 0x50, 0x00, 0x00, 0x00, 0x00, 0x10, 0x28, 0x28, 0x28,
    0x28, 0x28, 0x10, 0x30, 0x48, 0x00, 0x00, 0x00, 0x00, 0xa0, 0xf8, 0xa0,
    0xb0, 0xa8, 0xa8, 0xa8, 0xa8, 0xb0, 0x00, 0x00, 0x00, 0x00, 0xc4, 0xc4,
    0xa4, 0xa4, 0xb4, 0xb4, 0xac, 0xac, 0xa4, 0x00, 0x00, 0x00, 0x00, 0x90,
    0x90, 0xd0, 0xd0, 0xdc, 0xb4, 0xb4, 0x94, 0x9c, 0x00, 0x00, 0x00, 0x00,
    0x70, 0x88, 0xe8, 0xd8, 0xe8, 0xc8, 0xc8, 0x88, 0x70, 0x00, 0x00, 0x00,
    0x00, 0xf0, 0x48, 0x48, 0x48, 0x70, 0x80, 0x80, 0x80, 0x80, 0x00, 0x00,
    0x00, 0x00, 0xf0, 0xa8, 0xa8, 0xa8, 0xa8, 0xb0, 0xa0, 0xa0, 0xa0, 0x00,
    0x00, 0x00, 0x00, 0x70, 0xa8, 0xa8, 0xa8, 0xa8, 0xa8, 0xa8, 0xa8, 0x70,
    0x08, 0x00, 0x00, 0x00, 0xf0, 0x48, 0x48, 0x48, 0x70, 0xa0, 0x90, 0x90,
    0x90, 0x00, 0x00, 0x00, 0x00, 0xf0, 0xa8, 0x68, 0x28, 0x30, 0x30, 0xb0,
    0xa8, 0x48, 0x00, 0x00, 0x00, 0x00, 0xf0, 0xa8, 0xa8, 0xa8, 0xb0, 0xb0,
    0xa8, 0xa8, 0xa8, 0x00, 0x00, 0x00, 0x00, 0xf0, 0x88, 0x88, 0x88, 0xf0,
    0xa8, 0x90, 0xa8, 0x88, 0x00, 0x00, 0x60, 0x20, 0xf0, 0xa8, 0xa8, 0xa8,
    0xf0, 0xa0, 0xb0, 0xa8, 0xa8, 0x20, 0x00, 0x68, 0xb8, 0x68, 0xa8, 0x00,
    0x00, 0x00, 0x00, 0x00, 0x00, 0x00, 0x00, 0x00, 0x00, 0xe0, 0x40, 0x70,
    0x60, 0x30, 0x20, 0x30, 0x00, 0x10, 0x10, 0x10, 0x18, 0x00, 0x00, 0xf4,
    0x5c, 0x54, 0x54, 0x00, 0x00, 0x00, 0x00, 0x00, 0x00, 0x00, 0x60, 0x20,
    0xa8, 0xa8, 0xa8, 0xa8, 0x70, 0x70, 0x70, 0x20, 0x20, 0x20, 0x00, 0x00,
    0x00, 0xf8, 0x28, 0x28, 0x50, 0x50, 0x50, 0xa0, 0xa0, 0xf8, 0x00, 0x00,
    0x00, 0x00, 0x78, 0x10, 0x20, 0x78, 0x10, 0x20, 0x70, 0x08, 0x08, 0x88,
    0x70, 0x00, 0x00, 0x70, 0x88, 0x88, 0x88, 0x88, 0x88, 0x50, 0x50, 0xd8,
    0x00, 0x00, 0x00, 0x00, 0xd8, 0x50, 0x50, 0x88, 0x88, 0x88, 0x88, 0x88,
    0x70, 0x00, 0x00, 0x00, 0x00, 0x70, 0x88, 0x08, 0x48, 0x30, 0x48, 0x08,
    0x88, 0x70, 0x00, 0x00, 0x00, 0x00, 0x00, 0x00, 0x00, 0x60, 0x10, 0x10,
    0x10, 0x10, 0x10, 0x00, 0x00, 0x00, 0x00, 0x88, 0x88, 0x90, 0xa0, 0xc0,
    0xa0, 0x90, 0x88, 0x88, 0x00, 0x00, 0x00, 0x20, 0x50, 0x20, 0x20, 0x50,
    0x88, 0x88, 0xf8, 0x88, 0x88, 0x00, 0x00, 0x00, 0x00, 0xf0, 0x48, 0x48,
    0x48, 0x70, 0x90, 0x90, 0x90, 0xe0, 0x00, 0x00, 0x00, 0x00, 0x38, 0x50,
    0x90, 0x88, 0xa8, 0x90, 0x80, 0x88, 0x70, 0x00, 0x00, 0x00, 0x00, 0x00,
    0x00, 0x70, 0xd8, 0xd8, 0xf8, 0xc0, 0xc8, 0x70, 0x00, 0x00, 0x00, 0x00,
    0x00, 0x00, 0x00, 0x38, 0x48, 0x78, 0x80, 0x90, 0x60, 0x00, 0x00, 0x00,
    0x00, 0x70, 0x88, 0x88, 0x80, 0x60, 0x80, 0x88, 0x88, 0x70, 0x00, 0x00,
    0x00, 0x00, 0x7c, 0x90, 0x10, 0x10, 0x78, 0x20, 0x20, 0xa0, 0x40, 0x00,
    0x00, 0x00, 0x00, 0x08, 0x08, 0x08, 0x08, 0x78, 0x08, 0x08, 0x08, 0xf8,
    0x00, 0x00, 0x00, 0x00, 0x44, 0x6c, 0x54, 0x54, 0x44, 0x88, 0x88, 0x88,
    0x84, 0x00, 0x00, 0x00, 0x00, 0x00, 0x00, 0x00, 0x38, 0x48, 0x48, 0x90,
    0x90, 0xe0, 0x00, 0x00, 0x00, 0x00, 0x00, 0x00, 0x00, 0x90, 0x48, 0x68,
    0x90, 0x88, 0xc8, 0x00, 0x00, 0x00, 0x00, 0x00, 0x00, 0x00, 0xf0, 0x10,
    0x10, 0x10, 0x10, 0xf8, 0x00, 0x00, 0x00, 0x00, 0x00, 0x00, 0x00, 0x40,
    0x20, 0x10, 0x10, 0x28, 0x48, 0x00, 0x00, 0x00, 0x00, 0x00, 0x00, 0x00,
    0xf8, 0x10, 0x10, 0x10, 0x10, 0x10, 0x00, 0x00, 0x00, 0x00, 0x30, 0x30,
    0x00, 0x70, 0x30, 0x30, 0x30, 0x30, 0x78, 0x00, 0x00, 0x00, 0x00, 0x00,
    0x00, 0x00, 0x04, 0x7c, 0x8c, 0x84, 0x84, 0x78, 0x00, 0x00, 0x00, 0x00,
    0x00, 0x00, 0x00, 0xa8, 0xa8, 0xa8, 0x50, 0x50, 0xa0, 0xa0, 0xc0, 0x00,
    0x00, 0xf8, 0xa8, 0xa0, 0xa0, 0xa0, 0xa0, 0xa0, 0xa0, 0xa0, 0x00, 0x00,
    0x00, 0x00, 0xf8, 0xa8, 0xa8, 0xa8, 0xa8, 0xa8, 0xa8, 0xa8, 0xa8, 0x00,
    0x00, 0x00, 0x00, 0xf8, 0xa0, 0x50, 0x50, 0x28, 0x50, 0x50, 0xa0, 0xf8,
    0x00, 0x00, 0x00, 0x00, 0x70, 0x88, 0x88, 0xc8, 0x08, 0x08, 0x08, 0x88,
    0x70, 0x00, 0x00, 0x00, 0x00, 0xf8, 0x08, 0x08, 0x08, 0x08, 0x08, 0x08,
    0x08, 0x08, 0x00, 0x00, 0x00, 0x00, 0x08, 0x08, 0x08, 0x08, 0x08, 0x08,
    0x08, 0x08, 0xf8, 0x00, 0x00, 0x00, 0x00, 0x20, 0x20, 0x20, 0x20, 0x20,
    0x50, 0x50, 0x88, 0x88, 0x00, 0x00, 0x00, 0x00, 0x78, 0x54, 0x54, 0x54,
    0xa8, 0xa8, 0xa8, 0xa8, 0xf0, 0x00, 0x00, 0x00, 0x00, 0x14, 0x14, 0x14,
    0x74, 0xa8, 0xa8, 0xa8, 0xa8, 0x68, 0x00, 0x00, 0x00, 0x00, 0x00, 0x00,
    0x00, 0x38, 0x54, 0x54, 0xb8, 0xa0, 0x78, 0x00, 0x00, 0x00, 0x00, 0x10,
    0x10, 0x00, 0x78, 0x28, 0x28, 0x50, 0x50, 0x50, 0x00, 0x00, 0x00, 0x00,
    0x10, 0x10, 0x00, 0x78, 0x28, 0x28, 0x50, 0x50, 0x50, 0x50, 0xe0, 0x00,
    0x00, 0x20, 0x20, 0xf0, 0xa8, 0xa8, 0xa8, 0xb0, 0x20, 0x38, 0x00, 0x00,
    0x00, 0x00, 0x00, 0xb0, 0x48, 0xc8, 0x28, 0x10, 0x28, 0x28, 0x10, 0x00,
    0x00, 0x00, 0x00, 0x80, 0x80, 0x80, 0x80, 0x90, 0x28, 0x10, 0x08, 0x30,
    0x00, 0x00, 0x00, 0x00, 0x40, 0xa0, 0x40, 0x80, 0xf0, 0x28, 0x10, 0x08,
    0x30, 0x00, 0x00, 0x00, 0x00, 0x80, 0x80, 0x80, 0x80, 0xb8, 0x20, 0x30,
    0x08, 0x30, 0x00, 0x00, 0x00, 0x40, 0xa0, 0x40, 0x80, 0xe0, 0x38, 0x20,
    0x30, 0x08, 0x30, 0x00, 0x00, 0x00, 0x40, 0xa0, 0x40, 0x20, 0xc0, 0x38,
    0x20, 0x30, 0x08, 0x30, 0x00, 0x00, 0x00, 0x00, 0x80, 0xc0, 0xe0, 0x40,
    0x38, 0x20, 0x30, 0x08, 0x30, 0x00, 0x00, 0x00, 0x00, 0x80, 0x80, 0x80,
    0x80, 0x98, 0x20, 0x30, 0x28, 0x10, 0x00, 0x00, 0x00, 0x00, 0xe0, 0x80,
    0xc0, 0x20, 0xd8, 0x20, 0x30, 0x28, 0x10, 0x00, 0x00, 0x00, 0x00, 0x80,
    0x80, 0x80, 0x80, 0x90, 0x28, 0x10, 0x28, 0x10, 0x00, 0x00, 0x00, 0x00,
    0x40, 0xa0, 0x40, 0x20, 0xd0, 0x28, 0x10, 0x28, 0x10, 0x00, 0x00, 0x00,
    0x00, 0xe0, 0x80, 0xe0, 0x20, 0xd0, 0x28, 0x10, 0x28, 0x10, 0x00, 0x00,
    0x00, 0x00, 0xe0, 0x20, 0x40, 0x40, 0x50, 0x28, 0x10, 0x28, 0x10, 0x00,
    0x00, 0x00, 0x00, 0x80, 0x80, 0x80, 0x80, 0x80, 0x00, 0x00, 0x00, 0x00,
    0x00, 0x00, 0x00, 0x00, 0x20, 0x20, 0x20, 0x20, 0x20, 0x20, 0x20, 0x20,
    0x20, 0x00, 0x00, 0x00, 0x00, 0x50, 0x50, 0x50, 0x50, 0x50, 0x50, 0x50,
    0x50, 0x50, 0x00, 0x00, 0x00, 0x00, 0xa8, 0xa8, 0xa8, 0xa8, 0xa8, 0xa8,
    0xa8, 0xa8, 0xa8, 0x00, 0x00, 0x00, 0x00, 0xa8, 0xa8, 0xa8, 0xa8, 0xa8,
    0xa8, 0xa8, 0x90, 0x90, 0x00, 0x00, 0x00, 0x00, 0x88, 0x88, 0x88, 0x88,
    0x50, 0x50, 0x50, 0x20, 0x20, 0x00, 0x00, 0x00, 0x00, 0xa8, 0xa8, 0xa8,
    0xa8, 0xa8, 0xa8, 0xa8, 0x48, 0x48, 0x00, 0x00, 0x00, 0x00, 0xd4, 0xd4,
    0xd4, 0xd4, 0xd4, 0xd4, 0xd4, 0x54, 0x54, 0x00, 0x00, 0x00, 0x00, 0xdc,
    0xdc, 0xdc, 0xdc, 0xdc, 0xdc, 0xdc, 0x5c, 0x5c, 0x00, 0x00, 0x00, 0x00,
    0xa8, 0xa8, 0xa8, 0x90, 0x90, 0x90, 0xa8, 0xa8, 0xa8, 0x00, 0x00, 0x00,
    0x00, 0x88, 0x88, 0x50, 0x50, 0x20, 0x50, 0x50, 0x88, 0x88, 0x00, 0x00,
    0x00, 0x00, 0xa8, 0xa8, 0xa8, 0x48, 0x48, 0x48, 0xa8, 0xa8, 0xa8, 0x00,
    0x00, 0x00, 0x00, 0xac, 0xac, 0xac, 0x4c, 0x4c, 0x4c, 0xac, 0xac, 0xac,
    0x00, 0x00, 0x00, 0x00, 0x80, 0x80, 0x80, 0x80, 0x80, 0x80, 0x80, 0x80,
    0xf8, 0x00, 0x00, 0x00, 0x00, 0x70, 0x88, 0x80, 0x80, 0x80, 0x80, 0x80,
    0x88, 0x70, 0x00, 0x00, 0x00, 0x00, 0xf0, 0x48, 0x48, 0x48, 0x48, 0x48,
    0x48, 0x48, 0xf0, 0x00, 0x00, 0x00, 0x00, 0x88, 0x88, 0xd8, 0xa8, 0xa8,
    0x88, 0x88, 0x88, 0x88, 0x00, 0x00, 0x00, 0x00, 0x00, 0x20, 0x00, 0x20,
    0x20, 0x20, 0x20, 0x20, 0x20, 0x00, 0x00, 0x00, 0x00, 0x00, 0x50, 0x00,
    0x50, 0x50, 0x50, 0x50, 0x50, 0x50, 0x00, 0x00, 0x00, 0x00, 0x00, 0xa8,
    0x00, 0xa8, 0xa8, 0xa8, 0xa8, 0xa8, 0xa8, 0x00, 0x00, 0x00, 0x00, 0x00,
    0x80, 0x00, 0xa8, 0xa8, 0xa8, 0xa8, 0x90, 0x90, 0x00, 0x00, 0x00, 0x00,
    0x00, 0x00, 0x00, 0x88, 0x88, 0x88, 0x50, 0x50, 0x20, 0x00, 0x00, 0x00,
    0x00, 0x00, 0x08, 0x00, 0xa8, 0xa8, 0xa8, 0xa8, 0x48, 0x48, 0x00, 0x00,
    0x00, 0x00, 0x00, 0x14, 0x00, 0xd4, 0xd4, 0xd4, 0xd4, 0x54, 0x54, 0x00,
    0x00, 0x00, 0x00, 0x00, 0x1c, 0x00, 0xdc, 0xdc, 0xdc, 0xdc, 0x5c, 0x5c,
    0x00, 0x00, 0x00, 0x00, 0x00, 0x80, 0x00, 0xa8, 0xa8, 0x90, 0x90, 0xa8,
    0xa8, 0x00, 0x00, 0x00, 0x00, 0x00, 0x00, 0x00, 0x88, 0x50, 0x20, 0x20,
    0x50, 0x88, 0x00, 0x00, 0x00, 0x00, 0x00, 0x08, 0x00, 0xa8, 0xa8, 0x48,
    0x48, 0xa8, 0xa8, 0x00, 0x00, 0x00, 0x00, 0x00, 0x0c, 0x00, 0xac, 0xac,
    0x4c, 0x4c, 0xac, 0xac, 0x00, 0x00, 0x00, 0x00, 0x60, 0x20, 0x20, 0x20,
    0x20, 0x20, 0x20, 0x20, 0x70, 0x00, 0x00, 0x00, 0x00, 0x00, 0x00, 0x00,
    0x70, 0x88, 0x80, 0x80, 0x88, 0x70, 0x00, 0x00, 0x00, 0x00, 0x08, 0x08,
    0x08, 0x78, 0x88, 0x88, 0x88, 0x88, 0x78, 0x00, 0x00, 0x00, 0x00, 0x00,
    0x00, 0x00, 0xd0, 0xa8, 0xa8, 0xa8, 0xa8, 0x88, 0x00, 0x00, 0x00, 0x00,
    0x70, 0xa8, 0xa8, 0xa8, 0xa8, 0xa8, 0xa8, 0xa8, 0x70, 0x00, 0x00, 0x00,
    0x00, 0xf0, 0x88, 0xe8, 0xa8, 0xa8, 0xa8, 0xe8, 0x88, 0xf0, 0x00, 0x00,
    0x00, 0x00, 0x70, 0xa8, 0xa8, 0xf8, 0xa8, 0xf8, 0xa8, 0xa8, 0x70, 0x00,
    0x00, 0x00, 0x00, 0x70, 0x88, 0x08, 0x08, 0x08, 0x08, 0x08, 0x88, 0x70,
    0x00, 0x00, 0x00, 0x00, 0x00, 0x00, 0x00, 0x20, 0x40, 0xf8, 0x40, 0x20,
    0x00, 0x00, 0x00, 0x00, 0x00, 0x20, 0x70, 0xa8, 0x20, 0x20, 0x20, 0x20,
    0x20, 0x20, 0x00, 0x00, 0x00, 0x00, 0x00, 0x00, 0x00, 0x20, 0x10, 0xf8,
    0x10, 0x20, 0x00, 0x00, 0x00, 0x00, 0x00, 0x20, 0x20, 0x20, 0x20, 0x20,
    0x20, 0xa8, 0x70, 0x20, 0x00, 0x00, 0x00, 0x00, 0x00, 0x00, 0x00, 0x00,
    0x48, 0xfc, 0x48, 0x00, 0x00, 0x00, 0x00, 0x00, 0x00, 0x20, 0x70, 0xa8,
    0x20, 0x20, 0x20, 0xa8, 0x70, 0x20, 0x00, 0x00, 0x00, 0x00, 0xc0, 0xf0,
    0xe0, 0xa0, 0x20, 0x10, 0x10, 0x08, 0x08, 0x00, 0x00, 0x00, 0x00, 0x18,
    0x78, 0x38, 0x28, 0x20, 0x40, 0x40, 0x80, 0x80, 0x00, 0x00, 0x00, 0x00,
    0x80, 0x80, 0x40, 0x40, 0x20, 0x28, 0x38, 0x78, 0x18, 0x00, 0x00, 0x00,
    0x00, 0x08, 0x08, 0x10, 0x10, 0x20, 0xa0, 0xe0, 0xf0, 0xc0, 0x00, 0x00,
    0x00, 0x00, 0x00, 0x00, 0x00, 0x28, 0x48, 0xfc, 0x50, 0x30, 0x00, 0x00,
    0x00, 0x00, 0x00, 0x00, 0x00, 0x00, 0x30, 0x28, 0xfc, 0x48, 0x50, 0x00,
    0x00, 0x00, 0x00, 0x00, 0x00, 0x00, 0x00, 0xc0, 0xd8, 0x64, 0x00, 0x00,
    0x00, 0x00, 0x00, 0x00, 0x00, 0x00, 0x00, 0x00, 0x0c, 0x6c, 0x98, 0x00,
    0x00, 0x00, 0x00, 0x00, 0x00, 0x00, 0x00, 0x00, 0x00, 0x28, 0x50, 0xfc,
    0x50, 0x28, 0x00, 0x00, 0x00, 0x00, 0x00, 0x20, 0x70, 0xa8, 0x70, 0xa8,
    0x20, 0x20, 0x20, 0x20, 0x00, 0x00, 0x00, 0x00, 0x00, 0x00, 0x00, 0x50,
    0x28, 0xfc, 0x28, 0x50, 0x00, 0x00, 0x00, 0x00, 0x00, 0x20, 0x20, 0x20,
    0x20, 0xa8, 0x70, 0xa8, 0x70, 0x20, 0x00, 0x00, 0x00, 0x00, 0x00, 0x00,
    0x00, 0x24, 0x48, 0xf0, 0x48, 0x24, 0x00, 0x00, 0x00, 0x00, 0x00, 0x00,
    0x00, 0x00, 0x90, 0x48, 0x3c, 0x48, 0x90, 0x00, 0x00, 0x00, 0x00, 0x00,
    0x00, 0x00, 0x00, 0x20, 0x48, 0xf8, 0x48, 0x20, 0x00, 0x00, 0x00, 0x00,
    0x00, 0x20, 0x70, 0xa8, 0x20, 0x20, 0x20, 0x20, 0x20, 0xf8, 0x00, 0x00,
    0x00, 0x00, 0x00, 0x00, 0x00, 0x20, 0x90, 0xf8, 0x90, 0x20, 0x00, 0x00,
    0x00, 0x00, 0x00, 0xf8, 0x20, 0x20, 0x20, 0x20, 0x20, 0xa8, 0x70, 0x20,
    0x00, 0x00, 0x00, 0x00, 0x20, 0x70, 0xa8, 0x20, 0x20, 0xa8, 0x70, 0x20,
    0xf8, 0x00, 0x00, 0x00, 0x00, 0x00, 0x00, 0x00, 0x28, 0x44, 0xf8, 0x40,
    0x20, 0x00, 0x00, 0x00, 0x00, 0x00, 0x00, 0x00, 0x00, 0x50, 0x88, 0x7c,
    0x08, 0x10, 0x00, 0x00, 0x00, 0x00, 0x00, 0x00, 0x00, 0x00, 0x20, 0x4c,
    0xfc, 0x48, 0x28, 0x00, 0x00, 0x00, 0x00, 0x00, 0x00, 0x00, 0x00, 0x10,
    0xc8, 0xfc, 0x48, 0x50, 0x00, 0x00, 0x00, 0x00, 0x00, 0x00, 0x00, 0x00,
    0x48, 0xdc, 0xec, 0x48, 0x00, 0x00, 0x00, 0x00, 0x00, 0x00, 0x00, 0x00,
    0x00, 0x08, 0x58, 0xfc, 0x68, 0x40, 0x00, 0x00, 0x00, 0x00, 0x00, 0x80,
    0x80, 0x90, 0xb0, 0xd0, 0x90, 0x10, 0x38, 0x10, 0x00, 0x00, 0x00, 0x00,
    0x20, 0x40, 0xf8, 0x48, 0x28, 0x08, 0x08, 0x08, 0x08, 0x00, 0x00, 0x00,
    0x00, 0x20, 0x10, 0xf8, 0x90, 0xa0, 0x80, 0x80, 0x80, 0x80, 0x00, 0x00,
    0x00, 0x00, 0x08, 0x08, 0x08, 0x08, 0x28, 0x48, 0xf8, 0x40, 0x20, 0x00,
    0x00, 0x00, 0x00, 0x80, 0x80, 0x80, 0x80, 0xa0, 0x90, 0xf8, 0x10, 0x20,
    0x00, 0x00, 0x00, 0x00, 0x00, 0x00, 0x00, 0xf0, 0x10, 0x10, 0x38, 0x10,
    0x00, 0x00, 0x00, 0x00, 0x00, 0x00, 0x00, 0x08, 0x08, 0x08, 0x48, 0xf8,
    0x40, 0x00, 0x00, 0x00, 0x00, 0x00, 0x00, 0x00, 0x00, 0x30, 0x48, 0x48,
    0xe8, 0x48, 0x00, 0x00, 0x00, 0x00, 0x00, 0x00, 0x00, 0x00, 0x60, 0x90,
    0x90, 0xb8, 0x90, 0x00, 0x00, 0x00, 0x00, 0x00, 0xf8, 0x80, 0xe0, 0xc0,
    0xa0, 0x20, 0x10, 0x10, 0x08, 0x00, 0x00, 0x00, 0x00, 0xa0, 0xc0, 0xf8,
    0xc0, 0xa8, 0x18, 0xf8, 0x18, 0x28, 0x00, 0x00, 0x00, 0x00, 0x00, 0x00,
    0x38, 0x30, 0xa8, 0x88, 0x88, 0x70, 0x00, 0x00, 0x00, 0x00, 0x00, 0x00,
    0x00, 0xe0, 0x60, 0xa8, 0x88, 0x88, 0x70, 0x00, 0x00, 0x00, 0x00, 0x00,
    0x00, 0x00, 0x00, 0x20, 0x40, 0xf8, 0x00, 0x00, 0x00, 0x00, 0x00, 0x00,
    0x00, 0x00, 0x00, 0x00, 0x00, 0x00, 0xf8, 0x40, 0x20, 0x00, 0x00, 0x00,
    0x00, 0x00, 0x20, 0x30, 0x28, 0x20, 0x20, 0x20, 0x20, 0x20, 0x20, 0x00,
    0x00, 0x00, 0x00, 0x20, 0x60, 0xa0, 0x20, 0x20, 0x20, 0x20, 0x20, 0x20,
    0x00, 0x00, 0x00, 0x00, 0x00, 0x00, 0x00, 0x20, 0x10, 0xf8, 0x00, 0x00,
    0x00, 0x00, 0x00, 0x00, 0x00, 0x00, 0x00, 0x00, 0x00, 0x00, 0xf8, 0x10,
    0x20, 0x00, 0x00, 0x00, 0x00, 0x00, 0x20, 0x20, 0x20, 0x20, 0x20, 0x20,
    0x28, 0x30, 0x20, 0x00, 0x00, 0x00, 0x00, 0x20, 0x20, 0x20, 0x20, 0x20,
    0x20, 0xa0, 0x60, 0x20, 0x00, 0x00, 0x00, 0x00, 0x20, 0x10, 0xf8, 0x10,
    0x20, 0x40, 0xf8, 0x40, 0x20, 0x00, 0x00, 0x00, 0x00, 0x50, 0xf0, 0x50,
    0x50, 0x50, 0x50, 0x50, 0x78, 0x50, 0x00, 0x00, 0x00, 0x00, 0x20, 0x40,
    0xf8, 0x40, 0x20, 0x10, 0xf8, 0x10, 0x20, 0x00, 0x00, 0x00, 0x00, 0x20,
    0x40, 0xf8, 0x40, 0x20, 0x40, 0xf8, 0x40, 0x20, 0x00, 0x00, 0x00, 0x00,
    0x50, 0xf8, 0x50, 0x50, 0x50, 0x50, 0x50, 0x50, 0x50, 0x00, 0x00, 0x00,
    0x00, 0x20, 0x10, 0xf8, 0x10, 0x20, 0x10, 0xf8, 0x10, 0x20, 0x00, 0x00,
    0x00, 0x00, 0x50, 0x50, 0x50, 0x50, 0x50, 0x50, 0x50, 0xf8, 0x50, 0x00,
    0x00, 0x00, 0x00, 0x00, 0x00, 0x20, 0x40, 0xf8, 0x00, 0xf8, 0x10, 0x20,
    0x00, 0x00, 0x00, 0x00, 0x00, 0x00, 0x20, 0x10, 0xf8, 0x00, 0xf8, 0x40,
    0x20, 0x00, 0x00, 0x00, 0x00, 0x00, 0x00, 0x14, 0x28, 0x7c, 0x90, 0x7c,
    0x20, 0x50, 0x00, 0x00, 0x00, 0x00, 0x00, 0x00, 0x08, 0x58, 0xfc, 0xa4,
    0xfc, 0x68, 0x40, 0x00, 0x00, 0x00, 0x00, 0x00, 0x00, 0xa0, 0x50, 0xf8,
    0x24, 0xf8, 0x10, 0x28, 0x00, 0x00, 0x00, 0x00, 0x00, 0x00, 0x10, 0x20,
    0x7c, 0x80, 0x7c, 0x20, 0x10, 0x00, 0x00, 0x00, 0x00, 0x20, 0x50, 0xd8,
    0x50, 0x50, 0x50, 0x50, 0x50, 0x50, 0x00, 0x00, 0x00, 0x00, 0x00, 0x00,
    0x20, 0x10, 0xf8, 0x04, 0xf8, 0x10, 0x20, 0x00, 0x00, 0x00, 0x00, 0x50,
    0x50, 0x50, 0x50, 0x50, 0x50, 0xd8, 0x50, 0x20, 0x00, 0x00, 0x00, 0x00,
    0x00, 0x00, 0x00, 0x48, 0xfc, 0x84, 0xfc, 0x48, 0x00, 0x00, 0x00, 0x00,
    0x00, 0x20, 0x50, 0xd8, 0x50, 0x50, 0x50, 0xd8, 0x50, 0x20, 0x00, 0x00,
    0x00, 0x00, 0x00, 0x00, 0xf8, 0xa0, 0xd0, 0xa8, 0x94, 0x08, 0x00, 0x00,
    0x00, 0x00, 0x00, 0x00, 0x00, 0x7c, 0x14, 0x2c, 0x54, 0xa4, 0x40, 0x00,
    0x00, 0x00, 0x00, 0x00, 0x00, 0x00, 0x40, 0xa4, 0x54, 0x2c, 0x14, 0x7c,
    0x00, 0x00, 0x00, 0x00, 0x00, 0x00, 0x00, 0x08, 0x94, 0xa8, 0xd0, 0xa0,
    0xf8, 0x00, 0x00, 0x00, 0x00, 0x00, 0x00, 0x00, 0x10, 0x3c, 0x40, 0xfc,
    0x40, 0x3c, 0x10, 0x00, 0x00, 0x00, 0x00, 0x00, 0x00, 0x20, 0xf0, 0x08,
    0xfc, 0x08, 0xf0, 0x20, 0x00, 0x00, 0x00, 0x00, 0x00, 0x00, 0x00, 0x40,
    0xe8, 0xd4, 0x40, 0x00, 0x00, 0x00, 0x00, 0x00, 0x00, 0x00, 0x00, 0x00,
    0x08, 0x5c, 0xac, 0x08, 0x00, 0x00, 0x00, 0x00, 0x00, 0x00, 0x20, 0x70,
    0xa8, 0x20, 0x70, 0x20, 0x70, 0x20, 0x20, 0x00, 0x00, 0x00, 0x00, 0x20,
    0x20, 0x70, 0x20, 0x70, 0x20, 0xa8, 0x70, 0x20, 0x00, 0x00, 0x00, 0x00,
    0x00, 0x00, 0x00, 0x20, 0x40, 0xa8, 0x40, 0x20, 0x00, 0x00, 0x00, 0x00,
    0x00, 0x20, 0x70, 0xa8, 0x00, 0x20, 0x20, 0x00, 0x20, 0x20, 0x00, 0x00,
    0x00, 0x00, 0x00, 0x00, 0x00, 0x20, 0x10, 0xa8, 0x10, 0x20, 0x00, 0x00,
    0x00, 0x00, 0x00, 0x20, 0x20, 0x00, 0x20, 0x20, 0x00, 0xa8, 0x70, 0x20,
    0x00, 0x00, 0x00, 0x00, 0x00, 0x00, 0x00, 0xa0, 0xc0, 0xf8, 0xc0, 0xa0,
    0x00, 0x00, 0x00, 0x00, 0x00, 0x00, 0x00, 0x00, 0x28, 0x18, 0xf8, 0x18,
    0x28, 0x00, 0x00, 0x00, 0x00, 0x00, 0x00, 0x00, 0x00, 0x20, 0x78, 0x88,
    0x78, 0x20, 0x00, 0x00, 0x00, 0x00, 0x00, 0x20, 0x50, 0xd8, 0x50, 0x50,
    0x50, 0x50, 0x50, 0x70, 0x00, 0x00, 0x00, 0x00, 0x00, 0x00, 0x00, 0x20,
    0xf0, 0x88, 0xf0, 0x20, 0x00, 0x00, 0x00, 0x00, 0x00, 0x70, 0x50, 0x50,
    0x50, 0x50, 0x50, 0xd8, 0x50, 0x20, 0x00, 0x00, 0x00, 0x20, 0x50, 0xd8,
    0x50, 0x50, 0x70, 0x00, 0x70, 0x50, 0x70, 0x00, 0x00, 0x00, 0x00, 0x20,
    0x50, 0xd8, 0x50, 0x50, 0x50, 0xd8, 0x88, 0xf8, 0x00, 0x00, 0x00, 0x00,
    0x20, 0x50, 0xf8, 0x88, 0x50, 0x50, 0xd8, 0x88, 0xf8, 0x00, 0x00, 0x00,
    0x00, 0x20, 0x70, 0xf8, 0x70, 0x70, 0x70, 0xf8, 0xa8, 0xf8, 0x00, 0x00,
    0x00, 0x00, 0x20, 0x50, 0xd8, 0x50, 0xd8, 0x50, 0x50, 0x50, 0x70, 0x00,
    0x00, 0x00, 0x00, 0x20, 0x50, 0xd8, 0x50, 0xd8, 0x50, 0xd8, 0x88, 0xf8,
    0x00, 0x00, 0x00, 0x00, 0x00, 0x00, 0x00, 0xa0, 0xf0, 0x88, 0xf0, 0xa0,
    0x00, 0x00, 0x00, 0x00, 0x00, 0xf8, 0x80, 0xb0, 0xe0, 0x90, 0x10, 0x08,
    0x08, 0x00, 0x00, 0x00, 0x00, 0x00, 0x00, 0x80, 0x80, 0x40, 0x48, 0x38,
    0x68, 0x08, 0xf8, 0x00, 0x00, 0x00, 0x00, 0x20, 0x50, 0xd8, 0x50, 0x50,
    0x50, 0xd8, 0x50, 0x20, 0x00, 0x00, 0x00, 0x00, 0x00, 0x00, 0x00, 0x10,
    0x68, 0xfc, 0x68, 0x10, 0x00, 0x00, 0x00, 0x00, 0x00, 0x50, 0x78, 0x50,
    0x50, 0x50, 0x50, 0x50, 0xf0, 0x50, 0x00, 0x00, 0x00, 0x00, 0x10, 0xf8,
    0x10, 0x10, 0xf8, 0x10, 0x10, 0xf8, 0x10, 0x00, 0x00, 0x00, 0x00, 0x00,
    0x00, 0x00, 0x28, 0x48, 0xfc, 0x48, 0x28, 0x00, 0x00, 0x00, 0x00, 0x00,
    0x00, 0x00, 0x00, 0x50, 0x48, 0xfc, 0x48, 0x50, 0x00, 0x00, 0x00, 0x00,
    0x00, 0x00, 0x00, 0x30, 0x78, 0xfc, 0x78, 0x30, 0x00, 0x00, 0x00, 0x00,
    0x00, 0x00, 0x00, 0x00, 0x00, 0x38, 0x58, 0xfc, 0x58, 0x38, 0x00, 0x00,
    0x00, 0x00, 0x00, 0x00, 0x00, 0x00, 0x70, 0x68, 0xfc, 0x68, 0x70, 0x00,
    0x00, 0x00, 0x00, 0x00, 0x00, 0x00, 0x30, 0x78, 0xfc, 0x78, 0x30, 0x00,
    0x00, 0x00, 0x00, 0x00, 0x00, 0x00, 0x00, 0x00, 0x20, 0x60, 0xb8, 0x60,
    0x20, 0x00, 0x00, 0x00, 0x00, 0x00, 0x00, 0x00, 0x00, 0x20, 0x30, 0xe8,
    0x30, 0x20, 0x00, 0x00, 0x00, 0x00, 0x00, 0x00, 0x00, 0x30, 0x78, 0xb4,
    0x78, 0x30, 0x00, 0x00, 0x00, 0x00, 0x00, 0x00, 0x88, 0x88, 0x88, 0xf8,
    0x88, 0x88, 0x50, 0x50, 0x20, 0x00, 0x00, 0x00, 0x00, 0x20, 0x50, 0x40,
    0x40, 0x40, 0x40, 0x40, 0x50, 0x20, 0x00, 0x00, 0x00, 0x00, 0x00, 0x30,
    0x48, 0x08, 0x38, 0x48, 0x48, 0x48, 0x30, 0x00, 0x00, 0x00, 0x00, 0xf8,
    0x08, 0x08, 0x08, 0x78, 0x08, 0x08, 0x08, 0xf8, 0x00, 0x00, 0x10, 0x10,
    0xf8, 0x18, 0x28, 0x28, 0x78, 0x28, 0x28, 0x48, 0xf8, 0x40, 0x40, 0x00,
    0x10, 0x10, 0x70, 0x98, 0xa8, 0xa8, 0xa8, 0xc8, 0x70, 0x40, 0x40, 0x00,
    0x00, 0x00, 0x20, 0x20, 0x20, 0x50, 0x50, 0x50, 0x88, 0x88, 0xf8, 0x00,
    0x00, 0x00, 0x00, 0xf8, 0x88, 0x88, 0x50, 0x50, 0x50, 0x20, 0x20, 0x20,
    0x00, 0x00, 0x00, 0x00, 0x00, 0x00, 0x38, 0x40, 0x80, 0xf0, 0x80, 0x40,
    0x38, 0x00, 0x00, 0x00, 0x00, 0x20, 0x20, 0x38, 0x60, 0xa0, 0xf0, 0xa0,
    0x60, 0x38, 0x20, 0x20, 0x00, 0x00, 0x00, 0x00, 0x00, 0x38, 0x40, 0x70,
    0x40, 0x38, 0x00, 0x00, 0x00, 0x00, 0x00, 0x00, 0x00, 0xe0, 0x10, 0x08,
    0x78, 0x08, 0x10, 0xe0, 0x00, 0x00, 0x00, 0x00, 0x20, 0x20, 0xe0, 0x30,
    0x28, 0x78, 0x28, 0x30, 0xe0, 0x20, 0x20, 0x00, 0x00, 0x00, 0x00, 0x00,
    0x70, 0x08, 0x38, 0x08, 0x70, 0x00, 0x00, 0x00, 0x00, 0x00, 0x00, 0xf8,
    0xf8, 0xf8, 0xf8, 0xf8, 0xf8, 0xf8, 0x00, 0x00, 0x00, 0x00, 0xfc, 0x48,
    0x48, 0x48, 0x48, 0x48, 0x48, 0x48, 0x48, 0x48, 0xec, 0x00, 0x00, 0xec,
    0x48, 0x48, 0x48, 0x48, 0x48, 0x48, 0x48, 0x48, 0x48, 0xfc, 0x00, 0x00,
    0xfc, 0x80, 0x40, 0x20, 0x10, 0x08, 0x10, 0x20, 0x40, 0x80, 0xfc, 0x00,
    0x00, 0x00, 0x00, 0x00, 0x00, 0x00, 0xf8, 0x00, 0x00, 0x00, 0x00, 0x00,
    0x00, 0x00, 0x00, 0x00, 0xf8, 0x00, 0x20, 0x20, 0xf8, 0x20, 0x20, 0x00,
    0x00, 0x00, 0x00, 0x00, 0x00, 0x20, 0x00, 0x20, 0x20, 0xf8, 0x20, 0x20,
    0x00, 0x00, 0x00, 0x00, 0x00, 0x08, 0x08, 0x10, 0x10, 0x20, 0x20, 0x40,
    0x40, 0x80, 0x00, 0x00, 0x00, 0x00, 0x00, 0x80, 0x40, 0x40, 0x20, 0x20,
    0x10, 0x10, 0x08, 0x00, 0x00, 0x00, 0x00, 0x00, 0x20, 0xa8, 0x70, 0xf8,
    0x70, 0xa8, 0x20, 0x00, 0x00, 0x00, 0x00, 0x00, 0x00, 0x00, 0x00, 0x20,
    0x50, 0x20, 0x00, 0x00, 0x00, 0x00, 0x00, 0x00, 0x00, 0x00, 0x00, 0x00,
    0x20, 0x70, 0x20, 0x00, 0x00, 0x00, 0x00, 0x00, 0x00, 0x04, 0x04, 0x04,
    0x08, 0x08, 0x08, 0x10, 0x90, 0x90, 0x60, 0x60, 0x20, 0x00, 0x04, 0x44,
    0xa4, 0x48, 0x28, 0xc8, 0x10, 0x90, 0x90, 0x60, 0x60, 0x20, 0x00, 0x04,
    0x84, 0x84, 0xc8, 0xe8, 0x48, 0x10, 0x90, 0x90, 0x60, 0x60, 0x20, 0x00,
    0x00, 0x00, 0x00, 0x00, 0x50, 0xa0, 0xa0, 0x50, 0x00, 0x00, 0x00, 0x00,
    0x00, 0x00, 0x00, 0x00, 0x00, 0x50, 0xa8, 0xa8, 0x50, 0x00, 0x00, 0x00,
    0x00, 0x00, 0x00, 0x00, 0x00, 0x00, 0x80, 0x80, 0x80, 0x80, 0x80, 0xf8,
    0x00, 0x00, 0x00, 0x00, 0x00, 0x00, 0x08, 0x10, 0x20, 0x40, 0x80, 0xf8,
    0x00, 0x00, 0x00, 0x00, 0x00, 0x00, 0x00, 0x08, 0x90, 0x60, 0x60, 0xa0,
    0xf8, 0x20, 0x00, 0x00, 0x00, 0x00, 0x08, 0x10, 0x30, 0x48, 0x88, 0x48,
    0x30, 0x10, 0x08, 0x00, 0x00, 0x00, 0x00, 0x20, 0x20, 0x20, 0x20, 0x20,
    0x20, 0x20, 0x20, 0x20, 0x00, 0x00, 0x00, 0x00, 0x20, 0x20, 0x20, 0x30,
    0x20, 0x60, 0x20, 0x20, 0x20, 0x00, 0x00, 0x00, 0x00, 0x50, 0x50, 0x50,
    0x50, 0x50, 0x50, 0x50, 0x50, 0x50, 0x00, 0x00, 0x00, 0x00, 0x50, 0x50,
    0x58, 0x50, 0x70, 0x50, 0xd0, 0x50, 0x50, 0x00, 0x00, 0x00, 0x00, 0x00,
    0x00, 0x00, 0x00, 0x20, 0x20, 0x50, 0x50, 0x88, 0x00, 0x00, 0x00, 0x00,
    0x00, 0x00, 0x00, 0x00, 0x88, 0x50, 0x50, 0x20, 0x20, 0x00, 0x00, 0x00,
    0x00, 0x00, 0x00, 0x00, 0x70, 0x88, 0x88, 0x88, 0x88, 0x88, 0x00, 0x00,
    0x00, 0x00, 0x00, 0x00, 0x00, 0x88, 0x88, 0x88, 0x88, 0x88, 0x70, 0x00,
    0x00, 0x10, 0x28, 0x20, 0x20, 0x20, 0x20, 0x20, 0x20, 0x20, 0x20, 0x20,
    0xa0, 0x40, 0x00, 0x24, 0x48, 0x48, 0x48, 0x48, 0x48, 0x48, 0x48, 0x48,
    0x48, 0x48, 0x90, 0x00, 0x54, 0xa8, 0xa8, 0xa8, 0xa8, 0xa8, 0xa8, 0xa8,
    0xa8, 0xa8, 0xa8, 0xd0, 0x10, 0x28, 0x20, 0x20, 0x70, 0xa8, 0xa8, 0xa8,
    0x70, 0x20, 0x20, 0xa0, 0x40, 0x00, 0x24, 0x48, 0x48, 0x78, 0xcc, 0xcc,
    0xcc, 0x78, 0x48, 0x48, 0x48, 0x90, 0x00, 0x54, 0xa8, 0xa8, 0xf8, 0xac,
    0xac, 0xac, 0xf8, 0xa8, 0xa8, 0xa8, 0xd0, 0x10, 0x28, 0x20, 0x20, 0x20,
    0x74, 0xac, 0x3c, 0x20, 0x20, 0x20, 0xa0, 0x40, 0x10, 0x28, 0x20, 0x20,
    0x74, 0xac, 0xbc, 0xa8, 0x70, 0x20, 0x20, 0xa0, 0x40, 0x10, 0x28, 0x20,
    0x20, 0x70, 0xa8, 0xbc, 0xac, 0x74, 0x20, 0x20, 0xa0, 0x40, 0x00, 0x00,
    0x00, 0x00, 0x00, 0x00, 0x20, 0x00, 0x00, 0x88, 0x00, 0x00, 0x00, 0x00,
    0x00, 0x00, 0x00, 0x00, 0x00, 0x88, 0x00, 0x00, 0x20, 0x00, 0x00, 0x00,
    0x00, 0x00, 0x00, 0x00, 0x00, 0x00, 0x20, 0x00, 0x00, 0x20, 0x00, 0x00,
    0x00, 0x00, 0x00, 0x00, 0x00, 0x00, 0x00, 0x48, 0x00, 0x00, 0x48, 0x00,
    0x00, 0x00, 0x00, 0x00, 0x00, 0x00, 0x00, 0x00, 0x20, 0x00, 0xf8, 0x00,
    0x00, 0x00, 0x00, 0x00, 0x00, 0x00, 0x00, 0x00, 0x08, 0x00, 0xe0, 0x00,
    0x08, 0x00, 0x00, 0x00, 0x00, 0x00, 0x00, 0x00, 0x00, 0x88, 0x00, 0xf8,
    0x00, 0x88, 0x00, 0x00, 0x00, 0x00, 0x00, 0x00, 0x00, 0x00, 0x10, 0x40,
    0xa8, 0xa8, 0x10, 0x40, 0x00, 0x00, 0x00, 0x00, 0x00, 0x00, 0x00, 0x00,
    0x40, 0xa8, 0xa8, 0x10, 0x00, 0x00, 0x00, 0x00, 0x00, 0x00, 0x00, 0x00,
    0x00, 0x10, 0xa8, 0xa8, 0x40, 0x00, 0x00, 0x00, 0x00, 0x00, 0x00, 0x00,
    0x00, 0x48, 0xa4, 0x94, 0x48, 0x00, 0x00, 0x00, 0x00, 0x00, 0x00, 0x00,
    0x40, 0xa0, 0xa0, 0xa0, 0x28, 0x28, 0x28, 0x10, 0x00, 0x00, 0x00, 0x00,
    0x20, 0x10, 0x10, 0x10, 0x20, 0x40, 0x40, 0x40, 0x20, 0x00, 0x00, 0x00,
    0x00, 0x00, 0x00, 0x20, 0x20, 0x60, 0xa8, 0xa8, 0x30, 0x20, 0x00, 0x00,
    0x00, 0x00, 0x00, 0x00, 0x00, 0xf8, 0x00, 0x48, 0xa8, 0x90, 0x00, 0x00,
    0x00, 0x00, 0x00, 0x00, 0x00, 0x00, 0x48, 0xa8, 0x90, 0x00, 0xf8, 0x00,
    0x00, 0x00, 0x00, 0x00, 0x00, 0x20, 0x20, 0x68, 0xa8, 0xb0, 0x20, 0xf8,
    0x20, 0x00, 0x00, 0x00, 0x00, 0x00, 0x48, 0xa8, 0x90, 0x00, 0xf8, 0x00,
    0xf8, 0x00, 0x00, 0x00, 0x00, 0x00, 0x00, 0x48, 0xa8, 0x90, 0x20, 0xf8,
    0x20, 0xf8, 0x20, 0x00, 0x00, 0x00, 0x00, 0x20, 0x68, 0xa8, 0xb0, 0x20,
    0xf8, 0x20, 0xf8, 0x20, 0x00, 0x00, 0x00, 0x00, 0x00, 0x00, 0x48, 0xa8,
    0x90, 0x48, 0xa8, 0x90, 0x00, 0x00, 0x00, 0x00, 0x00, 0x20, 0x20, 0x68,
    0xa8, 0xb0, 0x68, 0xa8, 0xb0, 0x20, 0x20, 0x00, 0x00, 0x00, 0x00, 0x48,
    0xa8, 0x90, 0x48, 0xa8, 0x90, 0x00, 0xf8, 0x00, 0x00, 0x00, 0x00, 0x48,
    0xa8, 0x90, 0x48, 0xa8, 0x90, 0x48, 0xa8, 0x90, 0x00, 0x00, 0x00, 0x00,
    0x00, 0x90, 0xa8, 0x48, 0x00, 0xf8, 0x00, 0xf8, 0x00, 0x00, 0x00, 0x00,
    0x00, 0x00, 0x00, 0x00, 0x88, 0x70, 0x00, 0x70, 0x88, 0x00, 0x00, 0x00,
    0x00, 0x00, 0x00, 0x00, 0x00, 0x20, 0xd8, 0x00, 0xd8, 0x20, 0x00, 0x00,
    0x00, 0x00, 0x00, 0x00, 0x00, 0x00, 0x20, 0xd8, 0x00, 0xf8, 0x00, 0x00,
    0x00, 0x00, 0x00, 0x00, 0x00, 0x00, 0x20, 0x00, 0xf8, 0x00, 0xf8, 0x00,
    0x00, 0x00, 0x00, 0x00, 0x00, 0x00, 0x00, 0x20, 0x00, 0xf8, 0x00, 0xf8,
    0x00, 0x20, 0x00, 0x00, 0x00, 0x00, 0x00, 0x00, 0x80, 0x00, 0xf8, 0x00,
    0xf8, 0x00, 0x08, 0x00, 0x00, 0x00, 0x00, 0x00, 0x00, 0x08, 0x00, 0xf8,
    0x00, 0xf8, 0x00, 0x80, 0x00, 0x00, 0x00, 0x00, 0x00, 0x00, 0x00, 0x00,
    0xb8, 0x00, 0xb8, 0x00, 0x00, 0x00, 0x00, 0x00, 0x00, 0x00, 0x00, 0x00,
    0x00, 0xe8, 0x00, 0xe8, 0x00, 0x00, 0x00, 0x00, 0x00, 0x00, 0x00, 0x00,
    0x00, 0x00, 0xf8, 0x50, 0xf8, 0x00, 0x00, 0x00, 0x00, 0x00, 0x00, 0x20,
    0x50, 0x20, 0x00, 0xf8, 0x00, 0xf8, 0x00, 0x00, 0x00, 0x00, 0x00, 0x00,
    0x00, 0x70, 0x88, 0x00, 0xf8, 0x00, 0xf8, 0x00, 0x00, 0x00, 0x00, 0x00,
    0x00, 0x00, 0x20, 0x50, 0x00, 0xf8, 0x00, 0xf8, 0x00, 0x00, 0x00, 0x00,
    0x00, 0x00, 0x88, 0x50, 0x20, 0x00, 0xf8, 0x00, 0xf8, 0x00, 0x00, 0x00,
    0x00, 0x00, 0x00, 0xa8, 0x70, 0xf8, 0x70, 0xa8, 0x00, 0xf8, 0x00, 0xf8,
    0x00, 0x00, 0x00, 0x00, 0x20, 0x50, 0x50, 0x88, 0xf8, 0x00, 0xf8, 0x00,
    0xf8, 0x00, 0x00, 0x00, 0x00, 0x4c, 0xf8, 0xf8, 0x00, 0xf8, 0x00, 0xf8,
    0x00, 0x00, 0x00, 0x00, 0x00, 0x00, 0xd0, 0xa8, 0xa8, 0xa8, 0x00, 0xf8,
    0x00, 0xf8, 0x00, 0x00, 0x00, 0x20, 0x50, 0x10, 0x20, 0x00, 0x20, 0xf8,
    0x00, 0xf8, 0x00, 0x00, 0x00, 0x00, 0x00, 0x00, 0x00, 0x00, 0x00, 0x08,
    0xf8, 0x20, 0xf8, 0x80, 0x00, 0x00, 0x00, 0x00, 0x00, 0x00, 0x00, 0x00,
    0xf8, 0x00, 0xf8, 0x00, 0xf8, 0x00, 0x00, 0x00, 0x00, 0x00, 0x00, 0x10,
    0x10, 0xf8, 0x20, 0xf8, 0x20, 0xf8, 0x40, 0x40, 0x00, 0x00, 0x00, 0x00,
    0x00, 0xf8, 0x00, 0xf8, 0x00, 0xf8, 0x00, 0xf8, 0x00, 0x00, 0x00, 0x00,
    0x00, 0x18, 0x60, 0x80, 0x60, 0x18, 0x00, 0xf8, 0x00, 0x00, 0x00, 0x00,
    0x00, 0x00, 0xc0, 0x30, 0x08, 0x30, 0xc0, 0x00, 0xf8, 0x00, 0x00, 0x00,
    0x00, 0x00, 0x18, 0x60, 0x80, 0x60, 0x18, 0x00, 0xf8, 0x00, 0xf8, 0x00,
    0x00, 0x00, 0x00, 0xc0, 0x30, 0x08, 0x30, 0xc0, 0x00, 0xf8, 0x00, 0xf8,
    0x00, 0x00, 0x00, 0x00, 0x18, 0x60, 0x80, 0x60, 0x18, 0x20, 0xf8, 0x20,
    0xf8, 0x20, 0x00, 0x00, 0x00, 0xc0, 0x30, 0x08, 0x30, 0xc0, 0x20, 0xf8,
    0x20, 0xf8, 0x20, 0x00, 0x00, 0x00, 0x00, 0x14, 0x28, 0x50, 0xa0, 0x50,
    0x28, 0x14, 0x00, 0x00, 0x00, 0x00, 0x00, 0x00, 0xa0, 0x50, 0x28, 0x14,
    0x28, 0x50, 0xa0, 0x00, 0x00, 0x00, 0x00, 0x00, 0x50, 0x20, 0x50, 0x50,
    0x50, 0x50, 0x50, 0x20, 0x50, 0x00, 0x00, 0x00, 0x00, 0x00, 0x00, 0x20,
    0xa8, 0x70, 0x20, 0x70, 0xa8, 0x20, 0x00, 0x00, 0x00, 0x20, 0x28, 0x30,
    0x20, 0x60, 0xa0, 0x60, 0x20, 0x30, 0x28, 0x20, 0x00, 0x00, 0x20, 0xa0,
    0x60, 0x20, 0x30, 0x28, 0x30, 0x20, 0x60, 0xa0, 0x20, 0x00, 0x00, 0x20,
    0x20, 0x38, 0x60, 0xa0, 0x60, 0x38, 0x20, 0xf8, 0x20, 0x20, 0x00, 0x00,
    0x20, 0x20, 0xe0, 0x30, 0x28, 0x30, 0xe0, 0x20, 0xf8, 0x20, 0x20, 0x00,
    0x00, 0x00, 0x18, 0x60, 0x80, 0x60, 0x18, 0x00, 0x48, 0xa8, 0x90, 0x00,
    0x00, 0x00, 0x00, 0xc0, 0x30, 0x08, 0x30, 0xc0, 0x00, 0x48, 0xa8, 0x90,
    0x00, 0x00, 0x20, 0x20, 0x38, 0x60, 0xa0, 0x60, 0x38, 0x20, 0x68, 0xa8,
    0xb0, 0x20, 0x00, 0x20, 0x20, 0xe0, 0x30, 0x28, 0x30, 0xe0, 0x20, 0x68,
    0xa8, 0xb0, 0x20, 0x00, 0x00, 0x18, 0x60, 0x80, 0x60, 0x18, 0xc0, 0x30,
    0x08, 0x30, 0xc0, 0x00, 0x00, 0x00, 0xc0, 0x30, 0x08, 0x30, 0xc0, 0x18,
    0x60, 0x80, 0x60, 0x18, 0x00, 0x00, 0x10, 0x18, 0x70, 0x90, 0x60, 0x38,
    0xe0, 0x30, 0x48, 0x70, 0xc0, 0x40, 0x00, 0x10, 0xd0, 0x30, 0x18, 0x30,
    0xe0, 0x38, 0x60, 0xc0, 0x60, 0x58, 0x40, 0x00, 0x00, 0x00, 0x00, 0x00,
    0x08, 0x10, 0xe0, 0x10, 0x08, 0x00, 0x00, 0x00, 0x00, 0x00, 0x00, 0x00,
    0x00, 0x80, 0x40, 0x38, 0x40, 0x80, 0x00, 0x00, 0x00, 0x00, 0x00, 0x00,
    0x00, 0x00, 0x08, 0x10, 0xe0, 0x10, 0xe8, 0x10, 0x08, 0x00, 0x00, 0x00,
    0x00, 0x00, 0x00, 0x80, 0x40, 0x38, 0x40, 0xb8, 0x40, 0x80, 0x00, 0x00,
    0x00, 0x00, 0x08, 0x10, 0xe0, 0x10, 0x08, 0x00, 0x48, 0xa8, 0x90, 0x00,
    0x00, 0x00, 0x00, 0x80, 0x40, 0x38, 0x40, 0x80, 0x00, 0x48, 0xa8, 0x90,
    0x00, 0x00, 0x00, 0x00, 0x20, 0x20, 0x28, 0x30, 0xe0, 0x30, 0x28, 0x20,
    0x20, 0x00, 0x00, 0x00, 0x00, 0x20, 0x20, 0xa0, 0x60, 0x38, 0x60, 0xa0,
    0x20, 0x20, 0x00, 0x00, 0x00, 0x00, 0x00, 0x00, 0x00, 0x78, 0x80, 0x80,
    0x80, 0x78, 0x00, 0x00, 0x00, 0x00, 0x00, 0x00, 0x00, 0x00, 0xf0, 0x08,
    0x08, 0x08, 0xf0, 0x00, 0x00, 0x00, 0x00, 0x00, 0x00, 0x20, 0x20, 0x78,
    0xa0, 0xa0, 0xa0, 0x78, 0x20, 0x20, 0x00, 0x00, 0x00, 0x00, 0x20, 0x20,
    0xf0, 0x28, 0x28, 0x28, 0xf0, 0x20, 0x20, 0x00, 0x00, 0x00, 0x00, 0x78,
    0x80, 0x80, 0x80, 0x78, 0x00, 0xf8, 0x00, 0x00, 0x00, 0x00, 0x00, 0x00,
    0xf0, 0x08, 0x08, 0x08, 0xf0, 0x00, 0xf8, 0x00, 0x00, 0x00, 0x00, 0x20,
    0x20, 0x78, 0xa0, 0xa0, 0xa0, 0x78, 0x20, 0xf8, 0x20, 0x20, 0x00, 0x00,
    0x20, 0x20, 0xf0, 0x28, 0x28, 0x28, 0xf0, 0x20, 0xf8, 0x20, 0x20, 0x00,
    0x00, 0x00, 0x00, 0x78, 0x80, 0x80, 0x80, 0x78, 0x10, 0xf8, 0x40, 0x00,
    0x00, 0x00, 0x00, 0x00, 0xf0, 0x08, 0x08, 0x08, 0xf0, 0x10, 0xf8, 0x40,
    0x00, 0x00, 0x00, 0x00, 0x00, 0x88, 0xa8, 0xe8, 0xf8, 0xe8, 0xa8, 0x88,
    0x70, 0x00, 0x00, 0x00, 0x00, 0x00, 0x88, 0x88, 0x88, 0xa8, 0x88, 0x88,
    0x88, 0x70, 0x00, 0x00, 0x00, 0x00, 0x00, 0x88, 0xa8, 0xa8, 0xf8, 0xa8,
    0xa8, 0x88, 0x70, 0x00, 0x00, 0x00, 0x00, 0x00, 0x00, 0x00, 0xf8, 0x80,
    0x80, 0x80, 0xf8, 0x00, 0x00, 0x00, 0x00, 0x00, 0x00, 0x00, 0x00, 0xf8,
    0x08, 0x08, 0x08, 0xf8, 0x00, 0x00, 0x00, 0x00, 0x00, 0x00, 0xf8, 0x80,
    0x80, 0x80, 0xf8, 0x00, 0xf8, 0x00, 0x00, 0x00, 0x00, 0x00, 0x00, 0xf8,
    0x08, 0x08, 0x08, 0xf8, 0x00, 0xf8, 0x00, 0x00, 0x00, 0x00, 0x00, 0x00,
    0x00, 0x00, 0xf8, 0x88, 0x88, 0x88, 0x88, 0x88, 0x00, 0x00, 0x00, 0x00,
    0x00, 0x00, 0x00, 0x88, 0x88, 0x88, 0x88, 0x88, 0xf8, 0x00, 0x00, 0x00,
    0x00, 0x00, 0x00, 0x70, 0xa8, 0xf8, 0xa8, 0x70, 0x00, 0x00, 0x00, 0x00,
    0x00, 0x00, 0x00, 0x00, 0x70, 0x88, 0xf8, 0x88, 0x70, 0x00, 0x00, 0x00,
    0x00, 0x00, 0x00, 0x00, 0x00, 0x70, 0xd8, 0xa8, 0xd8, 0x70, 0x00, 0x00,
    0x00, 0x00, 0x00, 0x00, 0x00, 0x00, 0x70, 0x98, 0xa8, 0xc8, 0x70, 0x00,
    0x00, 0x00, 0x00, 0x00, 0x00, 0x00, 0x00, 0x70, 0x88, 0xa8, 0x88, 0x70,
    0x00, 0x00, 0x00, 0x00, 0x00, 0x00, 0x00, 0x70, 0x88, 0xa8, 0xd8, 0xa8,
    0x88, 0x70, 0x00, 0x00, 0x00, 0x00, 0x00, 0x00, 0x70, 0x88, 0xd8, 0xa8,
    0xd8, 0x88, 0x70, 0x00, 0x00, 0x00, 0x00, 0x00, 0x00, 0x70, 0x88, 0xf8,
    0x88, 0xf8, 0x88, 0x70, 0x00, 0x00, 0x00, 0x00, 0x00, 0x00, 0x70, 0x88,
    0x88, 0xf8, 0x88, 0x88, 0x70, 0x00, 0x00, 0x00, 0x00, 0x00, 0x00, 0x00,
    0xf8, 0xa8, 0xf8, 0xa8, 0xf8, 0x00, 0x00, 0x00, 0x00, 0x00, 0x00, 0x00,
    0x00, 0xf8, 0x88, 0xf8, 0x88, 0xf8, 0x00, 0x00, 0x00, 0x00, 0x00, 0x00,
    0x00, 0x00, 0xf8, 0xd8, 0xa8, 0xd8, 0xf8, 0x00, 0x00, 0x00, 0x00, 0x00,
    0x00, 0x00, 0x00, 0xf8, 0x88, 0xa8, 0x88, 0xf8, 0x00, 0x00, 0x00, 0x00,
    0x00, 0x00, 0x80, 0x80, 0x80, 0x80, 0xf8, 0x80, 0x80, 0x80, 0x80, 0x00,
    0x00, 0x00, 0x00, 0x08, 0x08, 0x08, 0x08, 0xf8, 0x08, 0x08, 0x08, 0x08,
    0x00, 0x00, 0x00, 0x00, 0x00, 0xf8, 0x20, 0x20, 0x20, 0x20, 0x20, 0x20,
    0x20, 0x00, 0x00, 0x00, 0x00, 0x00, 0x20, 0x20, 0x20, 0x20, 0x20, 0x20,
    0x20, 0xf8, 0x00, 0x00, 0x00, 0x00, 0x80, 0x80, 0x80, 0x80, 0xf0, 0x80,
    0x80, 0x80, 0x80, 0x00, 0x00, 0x00, 0x00, 0x80, 0x80, 0x80, 0xf0, 0x80,
    0xf0, 0x80, 0x80, 0x80, 0x00, 0x00, 0x00, 0x00, 0x80, 0x80, 0x80, 0xf8,
    0x80, 0xf8, 0x80, 0x80, 0x80, 0x00, 0x00, 0x00, 0x00, 0xa0, 0xa0, 0xa0,
    0xa0, 0xb8, 0xa0, 0xa0, 0xa0, 0xa0, 0x00, 0x00, 0x00, 0x00, 0xa8, 0xa8,
    0xa8, 0xa8, 0xac, 0xa8, 0xa8, 0xa8, 0xa8, 0x00, 0x00, 0x00, 0x00, 0xa0,
    0xa0, 0xa0, 0xb8, 0xa0, 0xb8, 0xa0, 0xa0, 0xa0, 0x00, 0x00, 0x00, 0x00,
    0x80, 0x80, 0x90, 0x90, 0xf8, 0xa0, 0xa0, 0x80, 0x80, 0x00, 0x00, 0x00,
    0x00, 0x80, 0x88, 0x88, 0xf8, 0x90, 0xf8, 0xa0, 0xa0, 0x80, 0x00, 0x00,
    0x00, 0x00, 0xa0, 0xa0, 0xa8, 0xa8, 0xbc, 0xb0, 0xb0, 0xa0, 0xa0, 0x00,
    0x00, 0x00, 0x00, 0xa0, 0xa4, 0xa4, 0xbc, 0xa8, 0xbc, 0xb0, 0xb0, 0xa0,
    0x00, 0x00, 0x00, 0x00, 0x00, 0x10, 0x08, 0x10, 0xe0, 0x10, 0x08, 0x10,
    0x00, 0x00, 0x00, 0x00, 0x00, 0x00, 0x40, 0x80, 0x40, 0x38, 0x40, 0x80,
    0x40, 0x00, 0x00, 0x00, 0x00, 0x00, 0x00, 0x00, 0x18, 0x68, 0x88, 0x68,
    0x18, 0x00, 0x00, 0x00, 0x00, 0x00, 0x00, 0x00, 0x00, 0xc0, 0xb0, 0x88,
    0xb0, 0xc0, 0x00, 0x00, 0x00, 0x00, 0x00, 0x00, 0x00, 0x18, 0x68, 0x88,
    0x68, 0x18, 0x00, 0xf8, 0x00, 0x00, 0x00, 0x00, 0x00, 0x00, 0xc0, 0xb0,
    0x88, 0xb0, 0xc0, 0x00, 0xf8, 0x00, 0x00, 0x00, 0x00, 0x00, 0x00, 0x00,
    0x00, 0x50, 0xb8, 0x50, 0x00, 0x00, 0x00, 0x00, 0x00, 0x00, 0x00, 0x00,
    0x00, 0x00, 0x50, 0xe8, 0x50, 0x00, 0x00, 0x00, 0x00, 0x00, 0x00, 0x00,
    0x00, 0x00, 0x00, 0x10, 0xe8, 0x10, 0x00, 0x00, 0x00, 0x00, 0x00, 0x00,
    0x00, 0x00, 0x00, 0x20, 0x20, 0xd8, 0x20, 0x20, 0x00, 0x00, 0x00, 0x00,
    0x00, 0x00, 0x00, 0x00, 0x00, 0x70, 0x20, 0x20, 0x20, 0x20, 0x20, 0x00,
    0x00, 0x00, 0x00, 0x00, 0x88, 0x88, 0x50, 0x50, 0x20, 0x20, 0x00, 0xf8,
    0x00, 0x00, 0x00, 0x00, 0x00, 0xf8, 0x00, 0x20, 0x20, 0x50, 0x50, 0x88,
    0x88, 0x00, 0x00, 0x00, 0x00, 0x00, 0xf8, 0x00, 0x88, 0x88, 0x50, 0x50,
    0x20, 0x20, 0x00, 0x00, 0x00, 0x00, 0x00, 0x00, 0x00, 0x80, 0x80, 0x80,
    0xc0, 0xa0, 0xf8, 0x00, 0x00, 0x00, 0x00, 0x00, 0x00, 0x00, 0x08, 0x18,
    0x28, 0x28, 0x48, 0xf8, 0x00, 0x00, 0x00, 0x30, 0x30, 0x30, 0x30, 0x48,
    0x48, 0x48, 0x84, 0x84, 0x84, 0x84, 0x00, 0x00, 0x84, 0x84, 0x84, 0x84,
    0x48, 0x48, 0x48, 0x30, 0x30, 0x30, 0x30, 0x00, 0x00, 0x30, 0x48, 0x84,
    0x84, 0x84, 0x84, 0x84, 0x84, 0x84, 0x84, 0x84, 0x00, 0x00, 0x84, 0x84,
    0x84, 0x84, 0x84, 0x84, 0x84, 0x84, 0x84, 0x48, 0x30, 0x00, 0x00, 0x00,
    0x00, 0x20, 0x20, 0x50, 0x88, 0x50, 0x20, 0x20, 0x00, 0x00, 0x00, 0x00,
    0x00, 0x00, 0x00, 0x00, 0x00, 0x20, 0x00, 0x00, 0x00, 0x00, 0x00, 0x00,
    0x00, 0x00, 0x00, 0x20, 0x20, 0xf8, 0x70, 0x70, 0x88, 0x00, 0x00, 0x00,
    0x00, 0x00, 0x00, 0x00, 0x20, 0x88, 0x50, 0xf8, 0x50, 0x88, 0x20, 0x00,
    0x00, 0x00, 0x00, 0x00, 0x00, 0x00, 0x88, 0xd8, 0xa8, 0xd8, 0x88, 0x00,
    0x00, 0x00, 0x00, 0x00, 0x00, 0x00, 0x00, 0x88, 0xd0, 0xa0, 0xd0, 0x88,
    0x00, 0x00, 0x00, 0x00, 0x00, 0x00, 0x00, 0x00, 0x88, 0x58, 0x28, 0x58,
    0x88, 0x00, 0x00, 0x00, 0x00, 0x00, 0x00, 0x00, 0x00, 0x80, 0x40, 0x20,
    0x50, 0x88, 0x00, 0x00, 0x00, 0x00, 0x00, 0x00, 0x00, 0x00, 0x08, 0x10,
    0x20, 0x50, 0x88, 0x00, 0x00, 0x00, 0x00, 0x00, 0x00, 0x00, 0x00, 0x00,
    0x90, 0xa8, 0x48, 0x00, 0xf8, 0x00, 0x00, 0x00, 0x00, 0x00, 0x00, 0x00,
    0x00, 0x88, 0x50, 0x50, 0x20, 0x20, 0x20, 0x00, 0x00, 0x00, 0x00, 0x00,
    0x00, 0x00, 0x20, 0x20, 0x20, 0x50, 0x50, 0x88, 0x00, 0x00, 0x00, 0x00,
    0x00, 0x00, 0x38, 0x40, 0x98, 0xa0, 0x98, 0x40, 0x38, 0x00, 0x00, 0x00,
    0x00, 0x00, 0x00, 0xe0, 0x10, 0xc8, 0x28, 0xc8, 0x10, 0xe0, 0x00, 0x00,
    0x00, 0x00, 0x00, 0x00, 0x70, 0x88, 0xa8, 0xa8, 0xa8, 0xa8, 0xa8, 0x00,
    0x00, 0x00, 0x00, 0x00, 0x00, 0xa8, 0xa8, 0xa8, 0xa8, 0xa8, 0x88, 0x70,
    0x00, 0x00, 0x00, 0x00, 0x00, 0x20, 0x20, 0x70, 0xa8, 0xa8, 0xa8, 0xa8,
    0xa8, 0x00, 0x00, 0x00, 0x00, 0x50, 0x50, 0x50, 0xf8, 0x50, 0x50, 0xf8,
    0x50, 0x50, 0x00, 0x00, 0x00, 0x00, 0x08, 0x10, 0x20, 0x40, 0x88, 0x40,
    0x20, 0x10, 0x08, 0x00, 0x00, 0x00, 0x00, 0x80, 0x40, 0x20, 0x10, 0x88,
    0x10, 0x20, 0x40, 0x80, 0x00, 0x00, 0x00, 0x00, 0x00, 0x00, 0x14, 0x28,
    0x54, 0xa8, 0x54, 0x28, 0x14, 0x00, 0x00, 0x00, 0x00, 0x00, 0x00, 0xa0,
    0x50, 0xa8, 0x54, 0xa8, 0x50, 0xa0, 0x00, 0x00, 0x18, 0x60, 0x80, 0x60,
    0x18, 0x00, 0xf8, 0x00, 0xc0, 0x30, 0x08, 0x30, 0xc0, 0xc0, 0x30, 0x08,
    0x30, 0xc0, 0x00, 0xf8, 0x00, 0x18, 0x60, 0x80, 0x60, 0x18, 0x00, 0x00,
    0x00, 0xf8, 0x00, 0x18, 0x60, 0x80, 0x60, 0x18, 0x00, 0x00, 0x00, 0x00,
    0x00, 0x00, 0xf8, 0x00, 0xc0, 0x30, 0x08, 0x30, 0xc0, 0x00, 0x00, 0x00,
    0x00, 0x00, 0x00, 0x08, 0x10, 0xe8, 0x10, 0xe0, 0x10, 0x08, 0x00, 0x00,
    0x00, 0x00, 0x00, 0x00, 0x80, 0x40, 0xb8, 0x40, 0x38, 0x40, 0x80, 0x00,
    0x00, 0x00, 0x00, 0x00, 0x00, 0x20, 0x28, 0x30, 0xe0, 0x30, 0xe8, 0x30,
    0x28, 0x20, 0x00, 0x00, 0x00, 0x00, 0x20, 0xa0, 0x60, 0x38, 0x60, 0xb8,
    0x60, 0xa0, 0x20, 0x00, 0x00, 0x20, 0x20, 0xf8, 0xa0, 0xa0, 0xa0, 0xf8,
    0x20, 0xf8, 0x20, 0x20, 0x00, 0x00, 0x20, 0x20, 0xf8, 0x28, 0x28, 0x28,
    0xf8, 0x20, 0xf8, 0x20, 0x20, 0x00, 0x00, 0x00, 0x00, 0xf8, 0x80, 0x80,
    0x80, 0xf8, 0x10, 0xf8, 0x40, 0x00, 0x00, 0x00, 0x00, 0x00, 0xf8, 0x08,
    0x08, 0x08, 0xf8, 0x10, 0xf8, 0x40, 0x00, 0x00, 0x00, 0x00, 0x18, 0x60,
    0x80, 0x60, 0x38, 0x20, 0x68, 0xa8, 0xb0, 0x20, 0x20, 0x00, 0x00, 0xc0,
    0x30, 0x08, 0x30, 0xe0, 0x20, 0x68, 0xa8, 0xb0, 0x20, 0x20, 0x00, 0x00,
    0x08, 0x10, 0xe0, 0x10, 0x28, 0x20, 0x68, 0xa8, 0xb0, 0x20, 0x20, 0x00,
    0x00, 0x80, 0x40, 0x38, 0x40, 0xa0, 0x20, 0x68, 0xa8, 0xb0, 0x20, 0x20,
    0x00, 0x00, 0x20, 0x20, 0x38, 0x68, 0xa8, 0x68, 0x38, 0x20, 0x20, 0x00,
    0x00, 0x00, 0x00, 0x20, 0x20, 0xe0, 0xb0, 0xa8, 0xb0, 0xe0, 0x20, 0x20,
    0x00, 0x00, 0x00, 0x20, 0x20, 0x38, 0x68, 0xa8, 0x68, 0x38, 0x20, 0xf8,
    0x20, 0x20, 0x00, 0x00, 0x20, 0x20, 0xe0, 0xb0, 0xa8, 0xb0, 0xe0, 0x20,
    0xf8, 0x20, 0x20, 0x00, 0x00, 0x00, 0x00, 0x20, 0x00, 0x00, 0x20, 0x00,
    0x00, 0x20, 0x00, 0x00, 0x00, 0x00, 0x00, 0x00, 0x00, 0x00, 0x00, 0xa8,
    0x00, 0x00, 0x00, 0x00, 0x00, 0x00, 0x00, 0x00, 0x00, 0x00, 0x08, 0x00,
    0x20, 0x00, 0x80, 0x00, 0x00, 0x00, 0x00, 0x00, 0x00, 0x00, 0x00, 0x80,
    0x00, 0x20, 0x00, 0x08, 0x00, 0x00, 0x00, 0x00, 0x00, 0x00, 0x00, 0x00,
    0x38, 0x40, 0x40, 0xf0, 0x40, 0x40, 0x38, 0x00, 0x00, 0x00, 0x00, 0x00,
    0x00, 0x38, 0x40, 0x88, 0xf8, 0x88, 0x40, 0x38, 0x00, 0x00, 0x00, 0x00,
    0x00, 0x00, 0x38, 0x40, 0x48, 0x78, 0x48, 0x40, 0x38, 0x00, 0x00, 0x00,
    0x00, 0x30, 0x00, 0x38, 0x40, 0x80, 0xf0, 0x80, 0x40, 0x38, 0x00, 0x00,
    0x00, 0x00, 0xf8, 0x00, 0x38, 0x40, 0x80, 0xf0, 0x80, 0x40, 0x38, 0x00,
    0x00, 0x00, 0x00, 0x00, 0x78, 0x00, 0x38, 0x40, 0x70, 0x40, 0x38, 0x00,
    0x00, 0x00, 0x00, 0x00, 0x00, 0x00, 0x38, 0x40, 0x80, 0xf0, 0x80, 0x40,
    0x38, 0x00, 0xf8, 0x00, 0x00, 0x00, 0x00, 0x38, 0x40, 0xf0, 0x80, 0xf0,
    0x40, 0x38, 0x00, 0x00, 0x00, 0x00, 0x00, 0x00, 0xe0, 0x10, 0x10, 0x78,
    0x10, 0x10, 0xe0, 0x00, 0x00, 0x00, 0x00, 0x00, 0x00, 0xe0, 0x10, 0x88,
    0xf8, 0x88, 0x10, 0xe0, 0x00, 0x00, 0x00, 0x00, 0x00, 0x00, 0x70, 0x08,
    0x48, 0x78, 0x48, 0x08, 0x70, 0x00, 0x00, 0x00, 0x00, 0xf8, 0x00, 0xe0,
    0x10, 0x08, 0x78, 0x08, 0x10, 0xe0, 0x00, 0x00, 0x00, 0x00, 0x00, 0x78,
    0x00, 0x70, 0x08, 0x38, 0x08, 0x70, 0x00, 0x00, 0x00, 0x00, 0x00, 0x00,
    0x00, 0xf8, 0x80, 0x80, 0xf8, 0x80, 0x80, 0xf8, 0x00, 0x00, 0x00, 0x00,
    0x00, 0x00, 0x00, 0x00, 0x68, 0x90, 0xa8, 0x48, 0xb0, 0x00, 0x00, 0x00,
    0x00, 0x00, 0x00, 0x20, 0x30, 0xa8, 0x60, 0x20, 0x00, 0x00, 0x00, 0x00,
    0x00, 0x00, 0x20, 0x20, 0x50, 0x50, 0x88, 0x88, 0x88, 0x88, 0xf8, 0x00,
    0x00, 0x00, 0x00, 0x20, 0x50, 0x88, 0x00, 0x00, 0x00, 0x00, 0x00, 0x00,
    0x00, 0x00, 0x00, 0x00, 0x00, 0x00, 0x00, 0x00, 0x00, 0x00, 0x88, 0x50,
    0x20, 0x00, 0x00, 0x00, 0x00, 0x00, 0x00, 0x00, 0x00, 0xf8, 0x00, 0x20,
    0x50, 0x88, 0x00, 0x00, 0x00, 0x00, 0x00, 0x00, 0xf8, 0x00, 0xf8, 0x00,
    0x20, 0x50, 0x88, 0x00, 0x00, 0x00, 0x00, 0x10, 0x10, 0x20, 0x20, 0x10,
    0x10, 0x20, 0x20, 0x10, 0x00, 0x00, 0x00, 0x70, 0x40, 0x40, 0x40, 0x40,
    0x40, 0x40, 0x40, 0x40, 0x40, 0x40, 0x00, 0x00, 0x70, 0x10, 0x10, 0x10,
    0x10, 0x10, 0x10, 0x10, 0x10, 0x10, 0x10, 0x00, 0x00, 0x40, 0x40, 0x40,
    0x40, 0x40, 0x40, 0x40, 0x40, 0x40, 0x40, 0x70, 0x00, 0x00, 0x10, 0x10,
    0x10, 0x10, 0x10, 0x10, 0x10, 0x10, 0x10, 0x10, 0x70, 0x00, 0x00, 0x00,
    0x00, 0x00, 0x00, 0x00, 0x18, 0x20, 0x20, 0x00, 0x00, 0x00, 0x00, 0x00,
    0x00, 0x00, 0x00, 0x00, 0x00, 0xc0, 0x20, 0x20, 0x00, 0x00, 0x00, 0x00,
    0x00, 0x00, 0x00, 0x00, 0x20, 0x20, 0x18, 0x00, 0x00, 0x00, 0x00, 0x00,
    0x00, 0x00, 0x00, 0x00, 0x00, 0x20, 0x20, 0xc0, 0x00, 0x00, 0x00, 0x00,
    0x00, 0x00, 0x00, 0x00, 0x00, 0x00, 0x00, 0x00, 0xf8, 0x80, 0x80, 0x00,
    0x00, 0x00, 0x00, 0x00, 0x00, 0x00, 0x00, 0x88, 0x70, 0x50, 0x70, 0x88,
    0x00, 0x00, 0x00, 0x00, 0x00, 0x00, 0x00, 0x00, 0x70, 0x88, 0x88, 0x88,
    0x00, 0x00, 0x00, 0x00, 0x00, 0x00, 0x00, 0x00, 0x00, 0x70, 0x88, 0x88,
    0xf8, 0x00, 0x00, 0x00, 0x00, 0x00, 0x00, 0x00, 0x00, 0x00, 0x00, 0x70,
    0x88, 0x50, 0x20, 0x00, 0x00, 0x00, 0x00, 0x00, 0x00, 0x00, 0x00, 0x00,
    0x20, 0x50, 0x88, 0xa8, 0x50, 0xa0, 0x00, 0x00, 0x00, 0x00, 0x20, 0x20,
    0x70, 0xa8, 0xf8, 0xa8, 0x70, 0x20, 0x20, 0x00, 0x00, 0x00, 0x00, 0x00,
    0x50, 0x50, 0xf8, 0x50, 0x50, 0xf8, 0x50, 0x50, 0x00, 0x00, 0x00, 0x00,
    0x00, 0x00, 0x50, 0xa8, 0x70, 0x20, 0x70, 0xa8, 0x50, 0x00, 0x00, 0x00,
    0x00, 0x00, 0x00, 0x80, 0x80, 0xf8, 0x00, 0x00, 0x00, 0x00, 0x00, 0x00,
    0x00, 0x00, 0x70, 0x50, 0x70, 0xa8, 0xb8, 0x88, 0x70, 0x50, 0x70, 0x00,
    0x00, 0x00, 0x00, 0x00, 0xf8, 0x88, 0x70, 0x20, 0x20, 0x50, 0xa8, 0xf8,
    0x00, 0x00, 0x00, 0x00, 0x00, 0x00, 0xe0, 0x80, 0x80, 0x00, 0x00, 0x00,
    0x00, 0x00, 0x00, 0x00, 0x00, 0x00, 0x00, 0x38, 0x08, 0x08, 0x00, 0x00,
    0x00, 0x00, 0x00, 0x00, 0x00, 0x00, 0x00, 0x00, 0x00, 0x00, 0x80, 0x80,
    0xe0, 0x00, 0x00, 0x00, 0x00, 0x00, 0x00, 0x00, 0x00, 0x00, 0x00, 0x08,
    0x08, 0x38, 0x00, 0x00, 0x00, 0x00, 0x10, 0x28, 0x20, 0x20, 0x20, 0x20,
    0x20, 0x20, 0x20, 0x20, 0x20, 0x20, 0x20, 0x20, 0x20, 0x20, 0x20, 0x20,
    0x20, 0x20, 0x20, 0x20, 0x20, 0x20, 0xa0, 0x40, 0x00, 0x00, 0x00, 0x00,
    0x00, 0x00, 0x70, 0x88, 0x00, 0x00, 0x00, 0x00, 0x00, 0x00, 0x00, 0x00,
    0x00, 0x00, 0x88, 0x70, 0x00, 0x00, 0x00, 0x00, 0x00, 0x00, 0x00, 0x00,
    0x00, 0x00, 0x00, 0x00, 0xd8, 0x20, 0x50, 0x88, 0x00, 0x00, 0x00, 0x00,
    0x00, 0x00, 0x00, 0x00, 0x18, 0xc0, 0x20, 0x18, 0x00, 0x00, 0x00, 0x00,
    0x00, 0x00, 0x00, 0x00, 0xf0, 0xd8, 0xa4, 0xd8, 0xf0, 0x00, 0x00, 0x00,
    0x00, 0x00, 0x00, 0x00, 0x00, 0xf8, 0xd8, 0xa8, 0xd8, 0xf8, 0x00, 0x00,
    0x00, 0x00, 0x00, 0xfc, 0x84, 0xac, 0x84, 0xac, 0x84, 0xac, 0x84, 0xac,
    0x84, 0xfc, 0x00, 0x00, 0x00, 0x00, 0x00, 0x3c, 0x6c, 0x94, 0x6c, 0x3c,
    0x00, 0x00, 0x00, 0x00, 0x00, 0x00, 0x00, 0x20, 0x50, 0x88, 0x88, 0x88,
    0x50, 0x20, 0x00, 0x00, 0x00, 0x00, 0x00, 0x00, 0x10, 0x20, 0x60, 0xd8,
    0x30, 0x20, 0x40, 0x00, 0x00, 0x00, 0x00, 0x00, 0x70, 0x88, 0xbc, 0xa8,
    0x70, 0x40, 0xc0, 0xe0, 0xc0, 0x00, 0x00, 0x00, 0x00, 0x00, 0x00, 0x70,
    0x00, 0xf8, 0x00, 0x70, 0x00, 0x00, 0x00, 0x00, 0x00, 0x00, 0x48, 0xfc,
    0x48, 0x48, 0x48, 0x90, 0x90, 0x90, 0xf0, 0x00, 0x00, 0x00, 0x00, 0x00,
    0x40, 0x40, 0xa8, 0xfc, 0xa8, 0x40, 0x40, 0x00, 0x00, 0x00, 0x00, 0x00,
    0x00, 0x40, 0x60, 0x50, 0xfc, 0x50, 0x60, 0x40, 0x00, 0x00, 0x00, 0x00,
    0x00, 0x00, 0x00, 0x00, 0x00, 0x80, 0xc0, 0xa0, 0x90, 0xf8, 0x00, 0x00,
    0x00, 0x00, 0x00, 0x00, 0x00, 0x00, 0x84, 0x84, 0x84, 0x84, 0xfc, 0x00,
    0x00, 0x00, 0x00, 0x00, 0x00, 0x00, 0x00, 0x88, 0x88, 0x50, 0x50, 0x20,
    0x00, 0x00, 0x00, 0x00, 0xf8, 0x20, 0x20, 0x20, 0x20, 0x20, 0x20, 0x20,
    0xf8, 0x00, 0x00, 0x00, 0x78, 0x48, 0x48, 0x48, 0x48, 0x48, 0x48, 0x48,
    0x48, 0x48, 0x78, 0x00, 0x00, 0xf8, 0x88, 0x88, 0x88, 0xf8, 0x88, 0xf8,
    0x88, 0x88, 0x88, 0xf8, 0x00, 0x00, 0xf8, 0x88, 0x88, 0xa8, 0x88, 0xf8,
    0x88, 0xa8, 0x88, 0x88, 0xf8, 0x00, 0x00, 0xf8, 0x88, 0x88, 0xa8, 0xd8,
    0x88, 0xd8, 0xa8, 0x88, 0x88, 0xf8, 0x00, 0x00, 0xf8, 0x88, 0x88, 0x88,
    0xa8, 0xd8, 0xa8, 0x88, 0x88, 0x88, 0xf8, 0x00, 0x00, 0xf8, 0x88, 0xa8,
    0xd8, 0x88, 0x88, 0x88, 0xd8, 0xa8, 0x88, 0xf8, 0x00, 0x00, 0x00, 0x20,
    0x20, 0x70, 0xa8, 0xa8, 0xa8, 0x70, 0x20, 0x20, 0x00, 0x00, 0x00, 0x00,
    0x00, 0x70, 0x88, 0xa8, 0xd8, 0xa8, 0x88, 0x70, 0x00, 0x00, 0x00, 0x00,
    0x00, 0x00, 0x08, 0x10, 0x10, 0xf8, 0x40, 0x40, 0x80, 0x00, 0x00, 0x00,
    0x00, 0x00, 0x00, 0x80, 0x40, 0x40, 0xf8, 0x10, 0x10, 0x08, 0x00, 0x00,
    0x00, 0x00, 0xf8, 0x98, 0x98, 0x98, 0xa8, 0xa8, 0xa8, 0xc8, 0xc8, 0xc8,
    0xf8, 0x00, 0x00, 0xf8, 0xc8, 0xc8, 0xc8, 0xa8, 0xa8, 0xa8, 0x98, 0x98,
    0x98, 0xf8, 0x00, 0x00, 0xf8, 0x88, 0x88, 0x98, 0xa8, 0xc8, 0xa8, 0x98,
    0x88, 0x88, 0xf8, 0x00, 0x00, 0xf8, 0x88, 0x88, 0xc8, 0xa8, 0x98, 0xa8,
    0xc8, 0x88, 0x88, 0xf8, 0x00, 0x00, 0x00, 0x10, 0x10, 0x30, 0x50, 0xf8,
    0x50, 0x30, 0x10, 0x10, 0x00, 0x00, 0x00, 0x00, 0x40, 0x40, 0x60, 0x50,
    0xf8, 0x50, 0x60, 0x40, 0x40, 0x00, 0x00, 0x00, 0xf8, 0x88, 0x88, 0xa8,
    0xc8, 0xf8, 0xc8, 0xa8, 0x88, 0x88, 0xf8, 0x00, 0x00, 0xf8, 0x88, 0x88,
    0xa8, 0x98, 0xf8, 0x98, 0xa8, 0x88, 0x88, 0xf8, 0x00, 0x00, 0x00, 0x80,
    0x80, 0x70, 0xc8, 0xa8, 0x98, 0x70, 0x08, 0x08, 0x00, 0x00, 0x00, 0x00,
    0x20, 0x20, 0x20, 0x20, 0x20, 0x20, 0x20, 0xf8, 0x00, 0xf8, 0x00, 0x00,
    0x00, 0x20, 0x20, 0x20, 0x20, 0x70, 0x70, 0xa8, 0xf8, 0x20, 0x20, 0x00,
    0x00, 0xf8, 0x88, 0x88, 0x88, 0xd8, 0xd8, 0xa8, 0xa8, 0x88, 0x88, 0xf8,
    0x00, 0x00, 0xf8, 0x88, 0x88, 0xa8, 0xa8, 0xd8, 0xd8, 0xf8, 0x88, 0x88,
    0xf8, 0x00, 0x00, 0x00, 0x20, 0x20, 0x70, 0xa8, 0xa8, 0x70, 0x20, 0x20,
    0xf8, 0x00, 0x00, 0x00, 0x00, 0x20, 0x70, 0xa8, 0x20, 0x20, 0xf8, 0x20,
    0x20, 0x20, 0x00, 0x00, 0x00, 0xf8, 0xa8, 0xf8, 0xa8, 0xa8, 0xa8, 0xa8,
    0xa8, 0xa8, 0xa8, 0xf8, 0x00, 0x00, 0x00, 0xf8, 0x00, 0xf8, 0x20, 0x20,
    0x20, 0x20, 0x20, 0x20, 0x00, 0x00, 0x00, 0x00, 0x20, 0x20, 0xf8, 0xa8,
    0x70, 0x70, 0x20, 0x20, 0x20, 0x20, 0x00, 0x00, 0xf8, 0x88, 0x88, 0xa8,
    0xa8, 0xd8, 0xd8, 0x88, 0x88, 0x88, 0xf8, 0x00, 0x00, 0xf8, 0x88, 0x88,
    0xf8, 0xd8, 0xd8, 0xa8, 0xa8, 0x88, 0x88, 0xf8, 0x00, 0x00, 0x00, 0xf8,
    0x20, 0x20, 0x70, 0xa8, 0xa8, 0x70, 0x20, 0x20, 0x00, 0x00, 0x00, 0x00,
    0x20, 0x20, 0x20, 0xf8, 0x20, 0x20, 0xa8, 0x70, 0x20, 0x00, 0x00, 0x00,
    0xf8, 0xa8, 0xa8, 0xa8, 0xa8, 0xa8, 0xa8, 0xa8, 0xf8, 0xa8, 0xf8, 0x00,
    0x00, 0x00, 0x20, 0x20, 0x20, 0x00, 0x00, 0x00, 0x00, 0x00, 0x00, 0xf8,
    0x00, 0x00, 0x00, 0x20, 0x20, 0x50, 0x50, 0x50, 0x88, 0x88, 0xf8, 0x00,
    0xf8, 0x00, 0x00, 0x00, 0x00, 0x00, 0x00, 0x20, 0x50, 0x88, 0x50, 0x20,
    0x00, 0xf8, 0x00, 0x00, 0x00, 0x00, 0x00, 0x00, 0x20, 0x50, 0x20, 0x00,
    0x00, 0x00, 0xf8, 0x00, 0x00, 0x00, 0x00, 0x00, 0x70, 0x88, 0x88, 0x88,
    0x70, 0x00, 0x00, 0xf8, 0x00, 0x00, 0x00, 0x00, 0x00, 0x70, 0x88, 0xa8,
    0xd8, 0xa8, 0x88, 0x88, 0x00, 0x00, 0x00, 0xf8, 0xa8, 0xa8, 0xa8, 0x88,
    0x88, 0x88, 0x88, 0x88, 0x88, 0xf8, 0x00, 0x00, 0x00, 0x00, 0x70, 0x88,
    0xa8, 0xf8, 0xa8, 0xd8, 0x88, 0x70, 0x00, 0x00, 0x00, 0xf8, 0x88, 0x88,
    0x88, 0xa8, 0x88, 0x88, 0xa8, 0x88, 0x88, 0xf8, 0x00, 0x00, 0x50, 0x50,
    0x00, 0xf8, 0x20, 0x20, 0x20, 0x20, 0x20, 0x20, 0x00, 0x00, 0x00, 0x50,
    0x50, 0x00, 0xf8, 0x88, 0x88, 0x50, 0x50, 0x20, 0x20, 0x00, 0x00, 0x00,
    0x50, 0x50, 0x00, 0x20, 0x20, 0xf8, 0x70, 0x70, 0x88, 0x00, 0x00, 0x00,
    0x00, 0x50, 0x50, 0x00, 0x00, 0x20, 0x50, 0x20, 0x00, 0x00, 0x00, 0x00,
    0x00, 0x00, 0x50, 0x50, 0x00, 0x70, 0x88, 0x88, 0x88, 0x70, 0x00, 0x00,
    0x00, 0x00, 0x00, 0x00, 0x00, 0xa8, 0xa8, 0xa8, 0xa8, 0xa8, 0x70, 0x20,
    0x20, 0x00, 0x00, 0x00, 0x00, 0x10, 0x10, 0x78, 0x90, 0x90, 0x90, 0x90,
    0x78, 0x10, 0x10, 0x00, 0x00, 0x50, 0x50, 0x00, 0x00, 0x00, 0x40, 0xa8,
    0xa8, 0x10, 0x00, 0x00, 0x00, 0x00, 0x50, 0x50, 0x00, 0x00, 0xc0, 0x30,
    0x08, 0x30, 0xc0, 0x00, 0x00, 0x00, 0x00, 0x00, 0x00, 0x00, 0x00, 0x00,
    0xf8, 0x00, 0x00, 0x30, 0x20, 0x40, 0x00, 0x00, 0x00, 0xf8, 0x88, 0x88,
    0x50, 0x58, 0xa8, 0xb0, 0x20, 0x20, 0x00, 0x00, 0x00, 0x00, 0x20, 0x50,
    0x88, 0xe8, 0xb8, 0x88, 0x88, 0x50, 0x20, 0x00, 0x00, 0x00, 0x00, 0x20,
    0x20, 0x20, 0x68, 0xa8, 0xb0, 0x20, 0x20, 0x20, 0x00, 0x00, 0x00, 0x00,
    0x00, 0x20, 0x70, 0x20, 0x00, 0x00, 0x30, 0x20, 0x40, 0xf8, 0x00, 0x00,
    0xf8, 0x88, 0x98, 0x98, 0xf8, 0xa8, 0xf8, 0xc8, 0xc8, 0x88, 0xf8, 0x00,
    0x00, 0xf8, 0x88, 0xa8, 0xd8, 0x98, 0xa8, 0xa8, 0x88, 0xa8, 0x88, 0xf8,
    0x00, 0x00, 0x00, 0x88, 0xe8, 0xb8, 0x88, 0x50, 0x50, 0x20, 0x20, 0x20,
    0x00, 0x00, 0x00, 0x00, 0x20, 0x20, 0x20, 0x50, 0x50, 0x88, 0xe8, 0xb8,
    0x88, 0x00, 0x00, 0x00, 0x00, 0x00, 0x00, 0x00, 0x20, 0x20, 0x20, 0x20,
    0x20, 0x10, 0x00, 0x00, 0x00, 0x00, 0x00, 0x00, 0x00, 0x70, 0x88, 0x88,
    0x88, 0x88, 0xf0, 0x80, 0x80, 0x00, 0x00, 0x00, 0x00, 0x00, 0x50, 0x88,
    0xa8, 0xa8, 0xa8, 0x50, 0x00, 0x00, 0x00, 0x00, 0x00, 0x00, 0x68, 0x90,
    0x90, 0x90, 0x90, 0x68, 0x00, 0xf8, 0x00, 0x00, 0x00, 0x00, 0x00, 0x70,
    0x88, 0x60, 0x80, 0x88, 0x70, 0x00, 0xf8, 0x00, 0x00, 0x00, 0x00, 0x00,
    0x20, 0x20, 0x20, 0x20, 0x20, 0x10, 0x00, 0xf8, 0x00, 0x00, 0x00, 0x00,
    0x00, 0x50, 0x88, 0xa8, 0xa8, 0xa8, 0x50, 0x00, 0xf8, 0x00, 0x00, 0x00,
    0x00, 0x00, 0x00, 0x68, 0x90, 0x90, 0x90, 0x90, 0x68, 0x00, 0x00, 0x00,
    0x00, 0x08, 0x08, 0x08, 0x38, 0x1c, 0x90, 0x50, 0x20, 0x00, 0x00, 0x00,
    0x00, 0x00, 0x60, 0x60, 0x40, 0xc0, 0xc0, 0x40, 0x60, 0xfc, 0xc0, 0xe0,
    0x00, 0x00, 0x00, 0x00, 0x00, 0x00, 0x00, 0xd8, 0x70, 0x00, 0x00, 0x00,
    0x00, 0x00, 0x00, 0x00, 0x00, 0x00, 0x70, 0x88, 0x88, 0xf8, 0x50, 0xd8,
    0x00, 0x00, 0x00, 0x00, 0x00, 0x20, 0x20, 0x70, 0xf8, 0xf8, 0xf8, 0x70,
    0x20, 0x20, 0x00, 0x00, 0x00, 0x00, 0x00, 0x70, 0x08, 0x78, 0x88, 0x88,
    0x78, 0x00, 0x88, 0x50, 0x20, 0x00, 0x00, 0x00, 0x00, 0x00, 0x60, 0x10,
    0x70, 0x90, 0x90, 0x74, 0x00, 0xfc, 0x00, 0x00, 0x00, 0x00, 0x00, 0x48,
    0x24, 0x6c, 0xb4, 0xb4, 0x6c, 0x00, 0x6c, 0x00, 0x00, 0x00, 0x00, 0x00,
    0x20, 0x94, 0x30, 0xd4, 0x50, 0xb4, 0x00, 0x00, 0x00, 0x00, 0x00, 0x00,
    0x00, 0xf8, 0xd4, 0xd4, 0xd4, 0xf8, 0x00, 0x00, 0x00, 0x00, 0x00, 0x20,
    0xf8, 0xa8, 0xa8, 0xa8, 0xa8, 0xa8, 0xf8, 0x20, 0x00, 0x00, 0x00, 0x00,
    0x00, 0x20, 0x50, 0x88, 0x24, 0xf4, 0x24, 0x88, 0x50, 0x20, 0x00, 0x00,
    0x00, 0x00, 0x00, 0x08, 0x1c, 0x28, 0x40, 0x9c, 0x00, 0x00, 0x00, 0x00,
    0x00, 0x00, 0x00, 0x00, 0x20, 0xa8, 0x70, 0xa8, 0x70, 0xa8, 0x20, 0x00,
    0x00, 0x00, 0x00, 0x00, 0x00, 0x00, 0x78, 0x84, 0x84, 0xcc, 0xb4, 0x78,
    0x00, 0x00, 0x00, 0x00, 0x00, 0x00, 0x78, 0x84, 0xfc, 0xcc, 0xb4, 0x84,
    0x78, 0x00, 0x00, 0x00, 0x00, 0x00, 0x00, 0xe8, 0xc4, 0xa4, 0x14, 0x84,
    0x78, 0x00, 0x00, 0x00, 0x00, 0x00, 0x00, 0x00, 0xf0, 0xc8, 0x00, 0x50,
    0xa8, 0x50, 0x00, 0x00, 0x00, 0x00, 0x00, 0x00, 0x00, 0x70, 0x50, 0x50,
    0x50, 0x50, 0xd8, 0x00, 0x00, 0x00, 0x00, 0x00, 0x00, 0x00, 0x78, 0x50,
    0x50, 0x50, 0x50, 0xf0, 0x00, 0x00, 0x00, 0x00, 0x00, 0x00, 0x00, 0xf8,
    0x20, 0x50, 0x88, 0x50, 0x20, 0x00, 0x00, 0x00, 0x00, 0x00, 0x00, 0x00,
    0x20, 0x50, 0x88, 0x50, 0x20, 0xf8, 0x00, 0x00, 0x00, 0x00, 0x00, 0x00,
    0x00, 0xf8, 0x20, 0x50, 0xf8, 0x50, 0x20, 0x00, 0x00, 0x00, 0x00, 0x00,
    0x00, 0x00, 0x20, 0x50, 0xf8, 0x50, 0x20, 0xf8, 0x00, 0x00, 0x00, 0x00,
    0x00, 0x00, 0x00, 0x00, 0xf8, 0x00, 0xa8, 0x00, 0x00, 0x00, 0x00, 0x00,
    0x00, 0x00, 0x00, 0x30, 0x48, 0x84, 0x84, 0x84, 0x48, 0x30, 0x00, 0x00,
    0x00, 0x00, 0xf8, 0x88, 0x88, 0x88, 0x88, 0x88, 0x88, 0x88, 0x88, 0x88,
    0xf8, 0x00, 0x00, 0x00, 0x00, 0x00, 0x78, 0x70, 0x70, 0x60, 0x60, 0x40,
    0x00, 0x00, 0x00, 0x00, 0x00, 0x78, 0x48, 0x28, 0x48, 0xf8, 0x48, 0x28,
    0x48, 0x78, 0x00, 0x00, 0x00, 0x00, 0xf0, 0x90, 0xa0, 0x90, 0xf8, 0x90,
    0xa0, 0x90, 0xf0, 0x00, 0x00, 0x00, 0x00, 0x00, 0x38, 0x68, 0x48, 0xcc,
    0xcc, 0xcc, 0xfc, 0xfc, 0x00, 0x00, 0x00, 0x00, 0x00, 0x00, 0x78, 0x84,
    0x94, 0xa4, 0x84, 0x78, 0x00, 0x00, 0x00, 0x00, 0x10, 0x20, 0x20, 0x40,
    0x40, 0x40, 0x40, 0x40, 0x40, 0x40, 0x40, 0x40, 0x40, 0x40, 0x40, 0x40,
    0x40, 0x40, 0x40, 0x40, 0x40, 0x40, 0x40, 0x40, 0x40, 0x40, 0x40, 0x40,
    0x40, 0x40, 0x40, 0x40, 0x40, 0x40, 0x20, 0x20, 0x10, 0x00, 0x00, 0x40,
    0x20, 0x20, 0x10, 0x10, 0x10, 0x10, 0x10, 0x10, 0x10, 0x10, 0x10, 0x10,
    0x10, 0x10, 0x10, 0x10, 0x10, 0x10, 0x10, 0x10, 0x10, 0x10, 0x10, 0x10,
    0x10, 0x10, 0x10, 0x10, 0x10, 0x10, 0x10, 0x10, 0x10, 0x20, 0x20, 0x40,
    0x00, 0x00, 0x70, 0x40, 0x40, 0x40, 0x40, 0x40, 0x40, 0x40, 0x40, 0x40,
    0x40, 0x40, 0x40, 0x40, 0x40, 0x40, 0x40, 0x40, 0x40, 0x40, 0x40, 0x40,
    0x40, 0x40, 0x40, 0x40, 0x40, 0x40, 0x40, 0x40, 0x40, 0x40, 0x40, 0x40,
    0x40, 0x40, 0x70, 0x00, 0x00, 0x70, 0x10, 0x10, 0x10, 0x10, 0x10, 0x10,
    0x10, 0x10, 0x10, 0x10, 0x10, 0x10, 0x10, 0x10, 0x10, 0x10, 0x10, 0x10,
    0x10, 0x10, 0x10, 0x10, 0x10, 0x10, 0x10, 0x10, 0x10, 0x10, 0x10, 0x10,
    0x10, 0x10, 0x10, 0x10, 0x10, 0x70, 0x00, 0x00, 0x18, 0x20, 0x20, 0x20,
    0x20, 0x20, 0x20, 0x20, 0x20, 0x20, 0x20, 0x20, 0x20, 0x20, 0x20, 0x20,
    0x20, 0x20, 0xc0, 0x20, 0x20, 0x20, 0x20, 0x20, 0x20, 0x20, 0x20, 0x20,
    0x20, 0x20, 0x20, 0x20, 0x20, 0x20, 0x20, 0x20, 0x18, 0x00, 0x20, 0x20,
    0x20, 0x20, 0x20, 0x20, 0x20, 0x20, 0x20, 0x20, 0x20, 0x20, 0x20, 0x00,
    0xc0, 0x20, 0x20, 0x20, 0x20, 0x20, 0x20, 0x20, 0x20, 0x20, 0x20, 0x20,
    0x20, 0x20, 0x20, 0x20, 0x20, 0x20, 0x18, 0x20, 0x20, 0x20, 0x20, 0x20,
    0x20, 0x20, 0x20, 0x20, 0x20, 0x20, 0x20, 0x20, 0x20, 0x20, 0x20, 0x20,
    0xc0, 0x00, 0x20, 0x20, 0x20, 0x20, 0x20, 0x20, 0x20, 0x20, 0x20, 0x20,
    0x20, 0x20, 0x20, 0x00, 0x00, 0x00, 0x00, 0x00, 0x00, 0x00, 0xfc, 0x00,
    0x00, 0x00, 0x00, 0x00, 0x18, 0x20, 0x20, 0x20, 0x20, 0x20, 0x20, 0x20,
    0x20, 0x20, 0x20, 0x20, 0xc0, 0xc0, 0x20, 0x20, 0x20, 0x20, 0x20, 0x20,
    0x20, 0x20, 0x20, 0x20, 0x20, 0x18, 0x00, 0xfc, 0x80, 0x40, 0x40, 0x40,
    0x40, 0x20, 0x20, 0x20, 0x20, 0x10, 0x10, 0x10, 0x10, 0x20, 0x20, 0x20,
    0x20, 0x40, 0x40, 0x40, 0x40, 0x80, 0xfc, 0x00, 0x00, 0x00, 0xf8, 0x88,
    0x00, 0x00, 0x00, 0x00, 0x00, 0x00, 0x00, 0x00, 0x00, 0x00, 0x00, 0x00,
    0x00, 0x00, 0x00, 0x00, 0x00, 0x00, 0x88, 0xf8, 0x00, 0x00, 0x00, 0x00,
    0x00, 0x88, 0xf8, 0x00, 0x00, 0x00, 0xf8, 0x88, 0x00, 0x00, 0x00, 0x20,
    0x20, 0x20, 0x20, 0x20, 0xa0, 0xa0, 0x60, 0x60, 0x20, 0x20, 0x00, 0x00,
    0x80, 0x80, 0x80, 0x80, 0x80, 0x80, 0x80, 0x80, 0x80, 0x80, 0x80, 0x80,
    0x80, 0x04, 0x04, 0x04, 0x04, 0x04, 0x04, 0x04, 0x04, 0x04, 0x04, 0x04,
    0x04, 0x04, 0xfc, 0x00, 0x00, 0x00, 0x00, 0x00, 0x00, 0x00, 0x00, 0x00,
    0x00, 0x00, 0x00, 0x00, 0x00, 0x00, 0xfc, 0x00, 0x00, 0x00, 0x00, 0x00,
    0x00, 0x00, 0x00, 0x00, 0x00, 0x00, 0x00, 0x00, 0x00, 0x00, 0x00, 0x00,
    0x00, 0xfc, 0x00, 0x00, 0x00, 0x00, 0x00, 0x00, 0x00, 0x00, 0x00, 0x00,
    0x00, 0x00, 0x00, 0x00, 0x00, 0xfc, 0x00, 0x00, 0xf8, 0x80, 0x80, 0x80,
    0x80, 0x80, 0x80, 0x80, 0x80, 0x00, 0x00, 0x00, 0x00, 0x80, 0x80, 0x80,
    0x80, 0x80, 0x80, 0x80, 0x80, 0xf8, 0x00, 0x00, 0x00, 0x00, 0x20, 0x20,
    0x70, 0xa8, 0xa8, 0xa8, 0x70, 0x20, 0x20, 0x00, 0x00, 0x00, 0x00, 0xf8,
    0x20, 0x70, 0xa8, 0xa8, 0xa8, 0x70, 0x20, 0x20, 0x00, 0x00, 0x00, 0x00,
    0x20, 0x20, 0x70, 0xa8, 0xa8, 0xa8, 0x70, 0x20, 0xf8, 0x00, 0x00, 0x00,
    0x00, 0x20, 0x20, 0x20, 0x70, 0x70, 0xa8, 0xf8, 0x20, 0x20, 0x00, 0x00,
    0x00, 0x00, 0xf8, 0x20, 0x20, 0x70, 0x70, 0xa8, 0xf8, 0x20, 0x20, 0x00,
    0x00, 0x00, 0x00, 0x20, 0x20, 0x20, 0x70, 0x70, 0xa8, 0xf8, 0x20, 0xf8,
    0x00, 0x00, 0x00, 0x00, 0x20, 0x20, 0x20, 0x20, 0x68, 0xb0, 0x20, 0x20,
    0x20, 0x00, 0x00, 0x00, 0x00, 0xf8, 0x20, 0x20, 0x20, 0x68, 0xb0, 0x20,
    0x20, 0x20, 0x00, 0x00, 0x00, 0x00, 0x20, 0x20, 0x20, 0x20, 0x68, 0xb0,
    0x20, 0x20, 0xf8, 0x00, 0x00, 0x00, 0x00, 0xf8, 0x20, 0x20, 0x20, 0x20,
    0x20, 0x20, 0x20, 0x20, 0x00, 0x00, 0x00, 0x00, 0x20, 0x20, 0x20, 0x20,
    0x20, 0x20, 0x20, 0x20, 0xf8, 0x00, 0x00, 0x00, 0x00, 0xf8, 0x08, 0x08,
    0x08, 0x08, 0x08, 0x08, 0x08, 0x08, 0x00, 0x00, 0x00, 0x00, 0x08, 0x08,
    0x08, 0x08, 0x08, 0x08, 0x08, 0x08, 0xf8, 0x00, 0x00, 0x00, 0x00, 0x20,
    0xa8, 0xa8, 0x88, 0x88, 0x88, 0x88, 0x88, 0xf8, 0x00, 0x00, 0x00, 0x00,
    0x18, 0x18, 0x18, 0x18, 0x58, 0xf8, 0xf0, 0x40, 0x00, 0x00, 0x00, 0x00,
    0x90, 0xd0, 0xb0, 0x90, 0x50, 0x50, 0x70, 0x20, 0x20, 0x20, 0x38, 0x00,
    0x00, 0x60, 0x80, 0x40, 0x20, 0xe0, 0x50, 0x50, 0x20, 0x28, 0x38, 0x28,
    0x00, 0x00, 0x60, 0x80, 0x40, 0x20, 0xc0, 0x70, 0x20, 0x20, 0x28, 0x10,
    0x28, 0x00, 0x00, 0xe0, 0x80, 0xc0, 0x80, 0xe0, 0x70, 0x20, 0x20, 0x28,
    0x10, 0x28, 0x00, 0x00, 0xe0, 0x80, 0xc0, 0x80, 0xe0, 0x50, 0x50, 0x20,
    0x38, 0x10, 0x10, 0x00, 0xe0, 0x80, 0xc0, 0x80, 0xe0, 0x68, 0x58, 0x48,
    0x10, 0x28, 0x28, 0x38, 0x18, 0x00, 0x40, 0xa0, 0xe0, 0xa0, 0x30, 0x40,
    0x30, 0x00, 0x28, 0x30, 0x28, 0x00, 0xc0, 0xa0, 0xc0, 0xa0, 0xf0, 0x40,
    0x60, 0x40, 0x70, 0x20, 0x20, 0x20, 0x38, 0x00, 0x00, 0xc0, 0xa0, 0xc0,
    0xa0, 0xd8, 0x20, 0x10, 0x08, 0x30, 0x00, 0x00, 0x00, 0x00, 0xa0, 0xa0,
    0xe0, 0xa0, 0xa0, 0x38, 0x10, 0x10, 0x10, 0x00, 0x00, 0x00, 0x00, 0x80,
    0x80, 0x80, 0xe0, 0x38, 0x20, 0x30, 0x20, 0x20, 0x00, 0x00, 0x00, 0x00,
    0xa0, 0xa0, 0xa0, 0x40, 0x40, 0x38, 0x10, 0x10, 0x10, 0x00, 0x00, 0x00,
    0x00, 0xe0, 0x80, 0xc0, 0x80, 0xb8, 0x20, 0x30, 0x20, 0x20, 0x00, 0x00,
    0x00, 0x00, 0x60, 0x80, 0x80, 0x60, 0x30, 0x28, 0x30, 0x28, 0x28, 0x00,
    0x00, 0x00, 0x00, 0x60, 0x80, 0x40, 0x20, 0xd0, 0x28, 0x28, 0x28, 0x10,
    0x00, 0x00, 0x00, 0x00, 0x60, 0x80, 0x40, 0x20, 0xf8, 0x10, 0x10, 0x10,
    0x38, 0x00, 0x00, 0xc0, 0xa0, 0xa0, 0xc0, 0x40, 0x40, 0x40, 0x70, 0x38,
    0x20, 0x30, 0x20, 0x38, 0xc0, 0xa0, 0xa0, 0xc0, 0x30, 0x40, 0x40, 0x30,
    0x00, 0x10, 0x30, 0x10, 0x38, 0xc0, 0xa0, 0xa0, 0xc0, 0x30, 0x40, 0x40,
    0x30, 0x00, 0x30, 0x08, 0x10, 0x38, 0xc0, 0xa0, 0xa0, 0xc0, 0x30, 0x40,
    0x40, 0x30, 0x10, 0x28, 0x10, 0x08, 0x30, 0xc0, 0xa0, 0xa0, 0xc0, 0x30,
    0x40, 0x40, 0x30, 0x00, 0x20, 0x30, 0x38, 0x10, 0x90, 0xd0, 0xb0, 0x00,
    0x20, 0x50, 0x70, 0x50, 0x00, 0x28, 0x30, 0x30, 0x28, 0x60, 0x80, 0x40,
    0x20, 0xc0, 0x50, 0x50, 0x20, 0x20, 0x48, 0x68, 0x58, 0x48, 0xe0, 0x80,
    0xc0, 0x80, 0xe0, 0x70, 0x20, 0x20, 0x30, 0x28, 0x30, 0x28, 0x30, 0x70,
    0x80, 0x80, 0x70, 0x20, 0x50, 0x70, 0x50, 0x00, 0x68, 0x58, 0x48, 0x00,
    0x00, 0xe0, 0x80, 0xc0, 0x80, 0xe0, 0x00, 0x50, 0x70, 0x50, 0x50, 0x00,
    0x00, 0x60, 0x80, 0x40, 0x20, 0xc0, 0x50, 0x50, 0x20, 0x30, 0x28, 0x30,
    0x28, 0x30, 0xe0, 0x80, 0xc0, 0x80, 0xf0, 0x40, 0x20, 0x10, 0x78, 0x20,
    0x20, 0x18, 0x00, 0x00, 0x00, 0xe0, 0x80, 0xc0, 0x80, 0x98, 0x20, 0x10,
    0x08, 0x30, 0x00, 0x00, 0x00, 0x70, 0x80, 0xb0, 0x90, 0x60, 0x18, 0x20,
    0x10, 0x08, 0x30, 0x00, 0x00, 0x00, 0xc0, 0xa0, 0xc0, 0xa0, 0xa0, 0x18,
    0x20, 0x10, 0x08, 0x30, 0x00, 0x00, 0x00, 0x90, 0x90, 0x90, 0x90, 0x60,
    0x18, 0x20, 0x10, 0x08, 0x30, 0x00, 0x00, 0x00, 0x60, 0x80, 0x40, 0x20,
    0xc0, 0x30, 0x28, 0x30, 0x20, 0x20, 0x00, 0x00, 0x00, 0xc0, 0xa0, 0xa0,
    0xf0, 0x40, 0x60, 0x40, 0x70, 0x20, 0x20, 0x38, 0x00, 0x00, 0x00, 0x40,
    0x50, 0x60, 0x40, 0xf0, 0x48, 0x48, 0x48, 0x70, 0x00, 0x00, 0x00, 0x00,
    0x00, 0x00, 0x00, 0x00, 0x00, 0x00, 0x00, 0x88, 0xf8, 0x00, 0x00, 0x00,
    0x00, 0x90, 0xd0, 0xb0, 0x90, 0x20, 0x20, 0x20, 0x20, 0x38, 0x00, 0x00,
    0x00, 0x00, 0x48, 0x48, 0x90, 0x90, 0x20, 0x48, 0x48, 0x90, 0x90, 0x00,
    0x00, 0x00, 0x00, 0x70, 0x88, 0x88, 0x80, 0x40, 0x20, 0x20, 0x00, 0x20,
    0x00, 0x00, 0x00, 0x00, 0x38, 0x28, 0x28, 0x28, 0x20, 0xa0, 0xa0, 0xa0,
    0xe0, 0x00, 0x00, 0x00, 0x00, 0x08, 0x08, 0x08, 0x08, 0xf8, 0x88, 0x88,
    0x88, 0x88, 0x00, 0x00, 0x00, 0x00, 0x88, 0x88, 0x88, 0x88, 0xf8, 0x20,
    0x20, 0x20, 0x20, 0x00, 0x00, 0x00, 0x00, 0x20, 0x20, 0x20, 0x20, 0xf8,
    0x88, 0x88, 0x88, 0x88, 0x00, 0x00, 0x00, 0x00, 0xf8, 0xa8, 0xa8, 0x20,
    0x20, 0x20, 0xa8, 0xa8, 0xf8, 0x00, 0x00, 0x00, 0x00, 0x88, 0xd8, 0xa8,
    0xd8, 0x88, 0x00, 0x00, 0x00, 0x00, 0x00, 0x00, 0x00, 0x00, 0x00, 0x18,
    0x18, 0xd8, 0xc0, 0xc0, 0xd8, 0x18, 0x18, 0x00, 0x00, 0x00, 0x00, 0x18,
    0x18, 0x18, 0x20, 0x20, 0x20, 0xc0, 0xc0, 0xc0, 0x00, 0x00, 0x00, 0x00,
    0x00, 0x0c, 0xac, 0xac, 0xac, 0xa0, 0xa0, 0x00, 0x00, 0x00, 0x00, 0x00,
    0x00, 0x00, 0x00, 0xa8, 0xa8, 0xa8, 0xa8, 0x00, 0x00, 0x00, 0x00, 0x00,
    0x00, 0x00, 0x00, 0x90, 0x90, 0x90, 0x90, 0x48, 0x48, 0x48, 0x48, 0x00,
    0x00, 0x00, 0x00, 0x70, 0x88, 0xa8, 0xe8, 0xa8, 0xa8, 0xf8, 0x88, 0x70,
    0x00, 0x00, 0x00, 0x00, 0x70, 0x88, 0xa8, 0xd8, 0x98, 0xa8, 0xf8, 0x88,
    0x70, 0x00, 0x00, 0x00, 0x00, 0x70, 0x88, 0xa8, 0xd8, 0xa8, 0x98, 0xe8,
    0x88, 0x70, 0x00, 0x00, 0x00, 0x00, 0x70, 0x88, 0xc8, 0xc8, 0xe8, 0xf8,
    0xa8, 0x88, 0x70, 0x00, 0x00, 0x00, 0x00, 0x70, 0x88, 0xf8, 0xc8, 0xe8,
    0x98, 0xe8, 0x88, 0x70, 0x00, 0x00, 0x00, 0x00, 0x70, 0x88, 0xb8, 0xc8,
    0xe8, 0xd8, 0xa8, 0x88, 0x70, 0x00, 0x00, 0x00, 0x00, 0x70, 0x88, 0xf8,
    0x98, 0xa8, 0xa8, 0xa8, 0x88, 0x70, 0x00, 0x00, 0x00, 0x00, 0x70, 0x88,
    0xa8, 0xd8, 0xa8, 0xd8, 0xa8, 0x88, 0x70, 0x00, 0x00, 0x00, 0x00, 0x70,
    0x88, 0xa8, 0xd8, 0xb8, 0x98, 0xe8, 0x88, 0x70, 0x00, 0x00, 0x00, 0x00,
    0x78, 0x84, 0xd4, 0xec, 0xec, 0xec, 0xd4, 0x84, 0x78, 0x00, 0x00, 0x00,
    0x00, 0x78, 0x84, 0xd4, 0xd4, 0xd4, 0xd4, 0xd4, 0x84, 0x78, 0x00, 0x00,
    0x00, 0x00, 0x78, 0x84, 0xd4, 0xcc, 0xcc, 0xd4, 0xdc, 0x84, 0x78, 0x00,
    0x00, 0x00, 0x00, 0x78, 0x84, 0xd4, 0xcc, 0xd4, 0xcc, 0xd4, 0x84, 0x78,
    0x00, 0x00, 0x00, 0x00, 0x78, 0x84, 0xd4, 0xd4, 0xdc, 0xdc, 0xcc, 0x84,
    0x78, 0x00, 0x00, 0x00, 0x00, 0x78, 0x84, 0xdc, 0xd4, 0xdc, 0xcc, 0xdc,
    0x84, 0x78, 0x00, 0x00, 0x00, 0x00, 0x78, 0x84, 0xd4, 0xd4, 0xdc, 0xd4,
    0xcc, 0x84, 0x78, 0x00, 0x00, 0x00, 0x00, 0x78, 0x84, 0xdc, 0xcc, 0xd4,
    0xd4, 0xd4, 0x84, 0x78, 0x00, 0x00, 0x00, 0x00, 0x78, 0x84, 0xcc, 0xd4,
    0xcc, 0xd4, 0xcc, 0x84, 0x78, 0x00, 0x00, 0x00, 0x00, 0x78, 0x84, 0xcc,
    0xd4, 0xcc, 0xc4, 0xdc, 0x84, 0x78, 0x00, 0x00, 0x00, 0x00, 0x78, 0x84,
    0xfc, 0xb4, 0xb4, 0xd4, 0xfc, 0x84, 0x78, 0x00, 0x00, 0x00, 0x00, 0x50,
    0x88, 0xa8, 0xe8, 0xa8, 0xa8, 0xf8, 0x88, 0x50, 0x00, 0x00, 0x00, 0x00,
    0x50, 0x88, 0xa8, 0xd8, 0x98, 0xa8, 0xf8, 0x88, 0x50, 0x00, 0x00, 0x00,
    0x00, 0x50, 0x88, 0xa8, 0xd8, 0xa8, 0x98, 0xe8, 0x88, 0x50, 0x00, 0x00,
    0x00, 0x00, 0x50, 0x88, 0xc8, 0xc8, 0xe8, 0xf8, 0xa8, 0x88, 0x50, 0x00,
    0x00, 0x00, 0x00, 0x50, 0x88, 0xf8, 0xc8, 0xe8, 0x98, 0xe8, 0x88, 0x50,
    0x00, 0x00, 0x00, 0x00, 0x50, 0x88, 0xb8, 0xc8, 0xe8, 0xd8, 0xa8, 0x88,
    0x50, 0x00, 0x00, 0x00, 0x00, 0x50, 0x88, 0xf8, 0x98, 0xa8, 0xa8, 0xa8,
    0x88, 0x50, 0x00, 0x00, 0x00, 0x00, 0x50, 0x88, 0xa8, 0xd8, 0xa8, 0xd8,
    0xa8, 0x88, 0x50, 0x00, 0x00, 0x00, 0x00, 0x50, 0x88, 0xa8, 0xd8, 0xb8,
    0x98, 0xe8, 0x88, 0x50, 0x00, 0x00, 0x00, 0x00, 0x48, 0x84, 0xd4, 0xec,
    0xec, 0xec, 0xd4, 0x84, 0x48, 0x00, 0x00, 0x00, 0x00, 0x48, 0x84, 0xd4,
    0xd4, 0xd4, 0xd4, 0xd4, 0x84, 0x48, 0x00, 0x00, 0x00, 0x00, 0x48, 0x84,
    0xd4, 0xcc, 0xcc, 0xd4, 0xdc, 0x84, 0x48, 0x00, 0x00, 0x00, 0x00, 0x48,
    0x84, 0xd4, 0xcc, 0xd4, 0xcc, 0xd4, 0x84, 0x48, 0x00, 0x00, 0x00, 0x00,
    0x48, 0x84, 0xd4, 0xd4, 0xdc, 0xdc, 0xcc, 0x84, 0x48, 0x00, 0x00, 0x00,
    0x00, 0x48, 0x84, 0xdc, 0xd4, 0xdc, 0xcc, 0xdc, 0x84, 0x48, 0x00, 0x00,
    0x00, 0x00, 0x48, 0x84, 0xd4, 0xd4, 0xdc, 0xd4, 0xcc, 0x84, 0x48, 0x00,
    0x00, 0x00, 0x00, 0x48, 0x84, 0xdc, 0xcc, 0xd4, 0xd4, 0xd4, 0x84, 0x48,
    0x00, 0x00, 0x00, 0x00, 0x48, 0x84, 0xcc, 0xd4, 0xcc, 0xd4, 0xcc, 0x84,
    0x48, 0x00, 0x00, 0x00, 0x00, 0x48, 0x84, 0xcc, 0xd4, 0xcc, 0xc4, 0xdc,
    0x84, 0x48, 0x00, 0x00, 0x00, 0x00, 0x70, 0x88, 0xa8, 0xd8, 0xd8, 0xd8,
    0xa8, 0x88, 0x70, 0x00, 0x00, 0x00, 0x00, 0x00, 0x00, 0x00, 0x00, 0xfc,
    0x00, 0x00, 0x00, 0x00, 0x00, 0x00, 0x00, 0x00, 0x00, 0x00, 0x00, 0x00,
    0xfc, 0xfc, 0x00, 0x00, 0x00, 0x00, 0x00, 0x20, 0x20, 0x20, 0x20, 0x20,
    0x20, 0x20, 0x20, 0x20, 0x20, 0x20, 0x20, 0x20, 0x30, 0x30, 0x30, 0x30,
    0x30, 0x30, 0x30, 0x30, 0x30, 0x30, 0x30, 0x30, 0x30, 0x00, 0x00, 0x00,
    0x00, 0x00, 0x00, 0xa8, 0x00, 0x00, 0x00, 0x00, 0x00, 0x00, 0x00, 0x00,
    0x00, 0x00, 0x00, 0x00, 0xa8, 0xa8, 0x00, 0x00, 0x00, 0x00, 0x00, 0x00,
    0x20, 0x20, 0x00, 0x00, 0x20, 0x20, 0x00, 0x00, 0x20, 0x20, 0x00, 0x00,
    0x00, 0x30, 0x30, 0x00, 0x00, 0x30, 0x30, 0x00, 0x00, 0x30, 0x30, 0x00,
    0x00, 0x00, 0x00, 0x00, 0x00, 0x00, 0x00, 0xa8, 0x00, 0x00, 0x00, 0x00,
    0x00, 0x00, 0x00, 0x00, 0x00, 0x00, 0x00, 0x00, 0xa8, 0xa8, 0x00, 0x00,
    0x00, 0x00, 0x00, 0x20, 0x20, 0x00, 0x20, 0x20, 0x00, 0x20, 0x20, 0x00,
    0x20, 0x20, 0x00, 0x00, 0x30, 0x30, 0x00, 0x30, 0x30, 0x00, 0x30, 0x30,
    0x00, 0x30, 0x30, 0x00, 0x00, 0x00, 0x00, 0x00, 0x00, 0x00, 0x00, 0x3c,
    0x20, 0x20, 0x20, 0x20, 0x20, 0x20, 0x00, 0x00, 0x00, 0x00, 0x00, 0x00,
    0x3c, 0x3c, 0x20, 0x20, 0x20, 0x20, 0x20, 0x00, 0x00, 0x00, 0x00, 0x00,
    0x00, 0x3c, 0x30, 0x30, 0x30, 0x30, 0x30, 0x30, 0x00, 0x00, 0x00, 0x00,
    0x00, 0x00, 0x3c, 0x3c, 0x30, 0x30, 0x30, 0x30, 0x30, 0x00, 0x00, 0x00,
    0x00, 0x00, 0x00, 0xe0, 0x20, 0x20, 0x20, 0x20, 0x20, 0x20, 0x00, 0x00,
    0x00, 0x00, 0x00, 0x00, 0xe0, 0xe0, 0x20, 0x20, 0x20, 0x20, 0x20, 0x00,
    0x00, 0x00, 0x00, 0x00, 0x00, 0xf0, 0x30, 0x30, 0x30, 0x30, 0x30, 0x30,
    0x00, 0x00, 0x00, 0x00, 0x00, 0x00, 0xf0, 0xf0, 0x30, 0x30, 0x30, 0x30,
    0x30, 0x20, 0x20, 0x20, 0x20, 0x20, 0x20, 0x3c, 0x00, 0x00, 0x00, 0x00,
    0x00, 0x00, 0x20, 0x20, 0x20, 0x20, 0x20, 0x20, 0x3c, 0x3c, 0x00, 0x00,
    0x00, 0x00, 0x00, 0x30, 0x30, 0x30, 0x30, 0x30, 0x30, 0x3c, 0x00, 0x00,
    0x00, 0x00, 0x00, 0x00, 0x30, 0x30, 0x30, 0x30, 0x30, 0x30, 0x3c, 0x3c,
    0x00, 0x00, 0x00, 0x00, 0x00, 0x20, 0x20, 0x20, 0x20, 0x20, 0x20, 0xe0,
    0x00, 0x00, 0x00, 0x00, 0x00, 0x00, 0x20, 0x20, 0x20, 0x20, 0x20, 0x20,
    0xe0, 0xe0, 0x00, 0x00, 0x00, 0x00, 0x00, 0x30, 0x30, 0x30, 0x30, 0x30,
    0x30, 0xf0, 0x00, 0x00, 0x00, 0x00, 0x00, 0x00, 0x30, 0x30, 0x30, 0x30,
    0x30, 0x30, 0xf0, 0xf0, 0x00, 0x00, 0x00, 0x00, 0x00, 0x20, 0x20, 0x20,
    0x20, 0x20, 0x20, 0x3c, 0x20, 0x20, 0x20, 0x20, 0x20, 0x20, 0x20, 0x20,
    0x20, 0x20, 0x20, 0x20, 0x3c, 0x3c, 0x20, 0x20, 0x20, 0x20, 0x20, 0x30,
    0x30, 0x30, 0x30, 0x30, 0x30, 0x3c, 0x20, 0x20, 0x20, 0x20, 0x20, 0x20,
    0x20, 0x20, 0x20, 0x20, 0x20, 0x20, 0x3c, 0x30, 0x30, 0x30, 0x30, 0x30,
    0x30, 0x30, 0x30, 0x30, 0x30, 0x30, 0x30, 0x3c, 0x30, 0x30, 0x30, 0x30,
    0x30, 0x30, 0x30, 0x30, 0x30, 0x30, 0x30, 0x30, 0x3c, 0x3c, 0x20, 0x20,
    0x20, 0x20, 0x20, 0x20, 0x20, 0x20, 0x20, 0x20, 0x20, 0x3c, 0x3c, 0x30,
    0x30, 0x30, 0x30, 0x30, 0x30, 0x30, 0x30, 0x30, 0x30, 0x30, 0x3c, 0x3c,
    0x30, 0x30, 0x30, 0x30, 0x30, 0x20, 0x20, 0x20, 0x20, 0x20, 0x20, 0xe0,
    0x20, 0x20, 0x20, 0x20, 0x20, 0x20, 0x20, 0x20, 0x20, 0x20, 0x20, 0x20,
    0xe0, 0xe0, 0x20, 0x20, 0x20, 0x20, 0x20, 0x30, 0x30, 0x30, 0x30, 0x30,
    0x30, 0xf0, 0x20, 0x20, 0x20, 0x20, 0x20, 0x20, 0x20, 0x20, 0x20, 0x20,
    0x20, 0x20, 0xf0, 0x30, 0x30, 0x30, 0x30, 0x30, 0x30, 0x30, 0x30, 0x30,
    0x30, 0x30, 0x30, 0xf0, 0x30, 0x30, 0x30, 0x30, 0x30, 0x30, 0x30, 0x30,
    0x30, 0x30, 0x30, 0x30, 0xf0, 0xf0, 0x20, 0x20, 0x20, 0x20, 0x20, 0x20,
    0x20, 0x20, 0x20, 0x20, 0x20, 0xf0, 0xf0, 0x30, 0x30, 0x30, 0x30, 0x30,
    0x30, 0x30, 0x30, 0x30, 0x30, 0x30, 0xf0, 0xf0, 0x30, 0x30, 0x30, 0x30,
    0x30, 0x00, 0x00, 0x00, 0x00, 0x00, 0x00, 0xfc, 0x20, 0x20, 0x20, 0x20,
    0x20, 0x20, 0x00, 0x00, 0x00, 0x00, 0x00, 0x00, 0xfc, 0xe0, 0x20, 0x20,
    0x20, 0x20, 0x20, 0x00, 0x00, 0x00, 0x00, 0x00, 0x00, 0xfc, 0x3c, 0x20,
    0x20, 0x20, 0x20, 0x20, 0x00, 0x00, 0x00, 0x00, 0x00, 0x00, 0xfc, 0xfc,
    0x20, 0x20, 0x20, 0x20, 0x20, 0x00, 0x00, 0x00, 0x00, 0x00, 0x00, 0xfc,
    0x30, 0x30, 0x30, 0x30, 0x30, 0x30, 0x00, 0x00, 0x00, 0x00, 0x00, 0x00,
    0xfc, 0xf0, 0x30, 0x30, 0x30, 0x30, 0x30, 0x00, 0x00, 0x00, 0x00, 0x00,
    0x00, 0xfc, 0x3c, 0x30, 0x30, 0x30, 0x30, 0x30, 0x00, 0x00, 0x00, 0x00,
    0x00, 0x00, 0xfc, 0xfc, 0x30, 0x30, 0x30, 0x30, 0x30, 0x20, 0x20, 0x20,
    0x20, 0x20, 0x20, 0xfc, 0x00, 0x00, 0x00, 0x00, 0x00, 0x00, 0x20, 0x20,
    0x20, 0x20, 0x20, 0x20, 0xfc, 0xe0, 0x00, 0x00, 0x00, 0x00, 0x00, 0x20,
    0x20, 0x20, 0x20, 0x20, 0x20, 0xfc, 0x3c, 0x00, 0x00, 0x00, 0x00, 0x00,
    0x20, 0x20, 0x20, 0x20, 0x20, 0x20, 0xfc, 0xfc, 0x00, 0x00, 0x00, 0x00,
    0x00, 0x30, 0x30, 0x30, 0x30, 0x30, 0x30, 0xfc, 0x00, 0x00, 0x00, 0x00,
    0x00, 0x00, 0x30, 0x30, 0x30, 0x30, 0x30, 0x30, 0xfc, 0xf0, 0x00, 0x00,
    0x00, 0x00, 0x00, 0x30, 0x30, 0x30, 0x30, 0x30, 0x30, 0xfc, 0x3c, 0x00,
    0x00, 0x00, 0x00, 0x00, 0x30, 0x30, 0x30, 0x30, 0x30, 0x30, 0xfc, 0xfc,
    0x00, 0x00, 0x00, 0x00, 0x00, 0x20, 0x20, 0x20, 0x20, 0x20, 0x20, 0xfc,
    0x20, 0x20, 0x20, 0x20, 0x20, 0x20, 0x20, 0x20, 0x20, 0x20, 0x20, 0x20,
    0xfc, 0xe0, 0x20, 0x20, 0x20, 0x20, 0x20, 0x20, 0x20, 0x20, 0x20, 0x20,
    0x20, 0xfc, 0x3c, 0x20, 0x20, 0x20, 0x20, 0x20, 0x20, 0x20, 0x20, 0x20,
    0x20, 0x20, 0xfc, 0xfc, 0x20, 0x20, 0x20, 0x20, 0x20, 0x30, 0x30, 0x30,
    0x30, 0x30, 0x30, 0xfc, 0x20, 0x20, 0x20, 0x20, 0x20, 0x20, 0x20, 0x20,
    0x20, 0x20, 0x20, 0x20, 0xfc, 0x30, 0x30, 0x30, 0x30, 0x30, 0x30, 0x30,
    0x30, 0x30, 0x30, 0x30, 0x30, 0xfc, 0x30, 0x30, 0x30, 0x30, 0x30, 0x30,
    0x30, 0x30, 0x30, 0x30, 0x30, 0x30, 0xfc, 0xf0, 0x20, 0x20, 0x20, 0x20,
    0x20, 0x30, 0x30, 0x30, 0x30, 0x30, 0x30, 0xfc, 0x3c, 0x20, 0x20, 0x20,
    0x20, 0x20, 0x20, 0x20, 0x20, 0x20, 0x20, 0x20, 0xfc, 0xf0, 0x30, 0x30,
    0x30, 0x30, 0x30, 0x20, 0x20, 0x20, 0x20, 0x20, 0x20, 0xfc, 0x3c, 0x30,
    0x30, 0x30, 0x30, 0x30, 0x30, 0x30, 0x30, 0x30, 0x30, 0x30, 0xfc, 0xfc,
    0x20, 0x20, 0x20, 0x20, 0x20, 0x20, 0x20, 0x20, 0x20, 0x20, 0x20, 0xfc,
    0xfc, 0x30, 0x30, 0x30, 0x30, 0x30, 0x30, 0x30, 0x30, 0x30, 0x30, 0x30,
    0xfc, 0xf0, 0x30, 0x30, 0x30, 0x30, 0x30, 0x30, 0x30, 0x30, 0x30, 0x30,
    0x30, 0xfc, 0x3c, 0x30, 0x30, 0x30, 0x30, 0x30, 0x30, 0x30, 0x30, 0x30,
    0x30, 0x30, 0xfc, 0xfc, 0x30, 0x30, 0x30, 0x30, 0x30, 0x00, 0x00, 0x00,
    0x00, 0x00, 0x00, 0xd8, 0x00, 0x00, 0x00, 0x00, 0x00, 0x00, 0x00, 0x00,
    0x00, 0x00, 0x00, 0x00, 0xd8, 0xd8, 0x00, 0x00, 0x00, 0x00, 0x00, 0x20,
    0x20, 0x20, 0x20, 0x00, 0x00, 0x00, 0x20, 0x20, 0x20, 0x20, 0x00, 0x00,
    0x30, 0x30, 0x30, 0x30, 0x00, 0x00, 0x00, 0x30, 0x30, 0x30, 0x30, 0x00,
    0x00, 0x00, 0x00, 0x00, 0x00, 0x00, 0xfc, 0x00, 0xfc, 0x00, 0x00, 0x00,
    0x00, 0x00, 0x50, 0x50, 0x50, 0x50, 0x50, 0x50, 0x50, 0x50, 0x50, 0x50,
    0x50, 0x50, 0x50, 0x00, 0x00, 0x00, 0x00, 0x00, 0x3c, 0x20, 0x3c, 0x20,
    0x20, 0x20, 0x20, 0x20, 0x00, 0x00, 0x00, 0x00, 0x00, 0x00, 0x7c, 0x50,
    0x50, 0x50, 0x50, 0x50, 0x50, 0x00, 0x00, 0x00, 0x00, 0x00, 0x7c, 0x40,
    0x5c, 0x50, 0x50, 0x50, 0x50, 0x50, 0x00, 0x00, 0x00, 0x00, 0x00, 0xe0,
    0x20, 0xe0, 0x20, 0x20, 0x20, 0x20, 0x20, 0x00, 0x00, 0x00, 0x00, 0x00,
    0x00, 0xf0, 0x50, 0x50, 0x50, 0x50, 0x50, 0x50, 0x00, 0x00, 0x00, 0x00,
    0x00, 0xf0, 0x10, 0xd0, 0x50, 0x50, 0x50, 0x50, 0x50, 0x20, 0x20, 0x20,
    0x20, 0x20, 0x3c, 0x20, 0x3c, 0x00, 0x00, 0x00, 0x00, 0x00, 0x50, 0x50,
    0x50, 0x50, 0x50, 0x50, 0x7c, 0x00, 0x00, 0x00, 0x00, 0x00, 0x00, 0x50,
    0x50, 0x50, 0x50, 0x50, 0x5c, 0x40, 0x7c, 0x00, 0x00, 0x00, 0x00, 0x00,
    0x20, 0x20, 0x20, 0x20, 0x20, 0xe0, 0x20, 0xe0, 0x00, 0x00, 0x00, 0x00,
    0x00, 0x50, 0x50, 0x50, 0x50, 0x50, 0x50, 0xf0, 0x00, 0x00, 0x00, 0x00,
    0x00, 0x00, 0x50, 0x50, 0x50, 0x50, 0x50, 0xd0, 0x10, 0xf0, 0x00, 0x00,
    0x00, 0x00, 0x00, 0x20, 0x20, 0x20, 0x20, 0x20, 0x3c, 0x20, 0x3c, 0x20,
    0x20, 0x20, 0x20, 0x20, 0x50, 0x50, 0x50, 0x50, 0x50, 0x50, 0x5c, 0x50,
    0x50, 0x50, 0x50, 0x50, 0x50, 0x50, 0x50, 0x50, 0x50, 0x50, 0x5c, 0x40,
    0x5c, 0x50, 0x50, 0x50, 0x50, 0x50, 0x20, 0x20, 0x20, 0x20, 0x20, 0xe0,
    0x20, 0xe0, 0x20, 0x20, 0x20, 0x20, 0x20, 0x50, 0x50, 0x50, 0x50, 0x50,
    0x50, 0xd0, 0x50, 0x50, 0x50, 0x50, 0x50, 0x50, 0x50, 0x50, 0x50, 0x50,
    0x50, 0xd0, 0x10, 0xd0, 0x50, 0x50, 0x50, 0x50, 0x50, 0x00, 0x00, 0x00,
    0x00, 0x00, 0xfc, 0x00, 0xfc, 0x20, 0x20, 0x20, 0x20, 0x20, 0x00, 0x00,
    0x00, 0x00, 0x00, 0x00, 0xfc, 0x50, 0x50, 0x50, 0x50, 0x50, 0x50, 0x00,
    0x00, 0x00, 0x00, 0x00, 0xfc, 0x00, 0xdc, 0x50, 0x50, 0x50, 0x50, 0x50,
    0x20, 0x20, 0x20, 0x20, 0x20, 0xfc, 0x00, 0xfc, 0x00, 0x00, 0x00, 0x00,
    0x00, 0x50, 0x50, 0x50, 0x50, 0x50, 0x50, 0xfc, 0x00, 0x00, 0x00, 0x00,
    0x00, 0x00, 0x50, 0x50, 0x50, 0x50, 0x50, 0xdc, 0x00, 0xfc, 0x00, 0x00,
    0x00, 0x00, 0x00, 0x20, 0x20, 0x20, 0x20, 0x20, 0xfc, 0x20, 0xfc, 0x20,
    0x20, 0x20, 0x20, 0x20, 0x50, 0x50, 0x50, 0x50, 0x50, 0x50, 0xfc, 0x50,
    0x50, 0x50, 0x50, 0x50, 0x50, 0x50, 0x50, 0x50, 0x50, 0x50, 0xdc, 0x00,
    0xdc, 0x50, 0x50, 0x50, 0x50, 0x50, 0x00, 0x00, 0x00, 0x00, 0x00, 0x00,
    0x0c, 0x10, 0x20, 0x20, 0x20, 0x20, 0x20, 0x00, 0x00, 0x00, 0x00, 0x00,
    0x00, 0x80, 0x40, 0x20, 0x20, 0x20, 0x20, 0x20, 0x20, 0x20, 0x20, 0x20,
    0x20, 0x40, 0x80, 0x00, 0x00, 0x00, 0x00, 0x00, 0x00, 0x20, 0x20, 0x20,
    0x20, 0x20, 0x10, 0x0c, 0x00, 0x00, 0x00, 0x00, 0x00, 0x00, 0x04, 0x04,
    0x08, 0x08, 0x10, 0x10, 0x20, 0x20, 0x20, 0x40, 0x40, 0x80, 0x80, 0x80,
    0x80, 0x40, 0x40, 0x20, 0x20, 0x10, 0x10, 0x10, 0x08, 0x08, 0x04, 0x04,
    0x84, 0x84, 0x48, 0x48, 0x30, 0x30, 0x30, 0x30, 0x30, 0x48, 0x48, 0x84,
    0x84, 0x00, 0x00, 0x00, 0x00, 0x00, 0x00, 0xe0, 0x00, 0x00, 0x00, 0x00,
    0x00, 0x00, 0x20, 0x20, 0x20, 0x20, 0x20, 0x20, 0x20, 0x00, 0x00, 0x00,
    0x00, 0x00, 0x00, 0x00, 0x00, 0x00, 0x00, 0x00, 0x00, 0x3c, 0x00, 0x00,
    0x00, 0x00, 0x00, 0x00, 0x00, 0x00, 0x00, 0x00, 0x00, 0x00, 0x20, 0x20,
    0x20, 0x20, 0x20, 0x20, 0x20, 0x00, 0x00, 0x00, 0x00, 0x00, 0x00, 0xe0,
    0xe0, 0x00, 0x00, 0x00, 0x00, 0x00, 0x30, 0x30, 0x30, 0x30, 0x30, 0x30,
    0x30, 0x00, 0x00, 0x00, 0x00, 0x00, 0x00, 0x00, 0x00, 0x00, 0x00, 0x00,
    0x00, 0x3c, 0x3c, 0x00, 0x00, 0x00, 0x00, 0x00, 0x00, 0x00, 0x00, 0x00,
    0x00, 0x00, 0x30, 0x30, 0x30, 0x30, 0x30, 0x30, 0x30, 0x00, 0x00, 0x00,
    0x00, 0x00, 0x00, 0xfc, 0x1c, 0x00, 0x00, 0x00, 0x00, 0x00, 0x20, 0x20,
    0x20, 0x20, 0x20, 0x20, 0x30, 0x30, 0x30, 0x30, 0x30, 0x30, 0x30, 0x00,
    0x00, 0x00, 0x00, 0x00, 0x00, 0xfc, 0xe0, 0x00, 0x00, 0x00, 0x00, 0x00,
    0x30, 0x30, 0x30, 0x30, 0x30, 0x30, 0x30, 0x20, 0x20, 0x20, 0x20, 0x20,
    0x20, 0xfc, 0xfc, 0xfc, 0xfc, 0xfc, 0xfc, 0x00, 0x00, 0x00, 0x00, 0x00,
    0x00, 0x00, 0x00, 0x00, 0x00, 0x00, 0x00, 0x00, 0x00, 0x00, 0x00, 0x00,
    0x00, 0xfc, 0xfc, 0x00, 0x00, 0x00, 0x00, 0x00, 0x00, 0x00, 0x00, 0x00,
    0x00, 0xfc, 0xfc, 0xfc, 0x00, 0x00, 0x00, 0x00, 0x00, 0x00, 0x00, 0x00,
    0xfc, 0xfc, 0xfc, 0xfc, 0xfc, 0x00, 0x00, 0x00, 0x00, 0x00, 0x00, 0xfc,
    0xfc, 0xfc, 0xfc, 0xfc, 0xfc, 0xfc, 0x00, 0x00, 0x00, 0x00, 0x00, 0xfc,
    0xfc, 0xfc, 0xfc, 0xfc, 0xfc, 0xfc, 0xfc, 0x00, 0x00, 0x00, 0xfc, 0xfc,
    0xfc, 0xfc, 0xfc, 0xfc, 0xfc, 0xfc, 0xfc, 0xfc, 0x00, 0x00, 0xfc, 0xfc,
    0xfc, 0xfc, 0xfc, 0xfc, 0xfc, 0xfc, 0xfc, 0xfc, 0xfc, 0xfc, 0xfc, 0xfc,
    0xfc, 0xfc, 0xfc, 0xfc, 0xfc, 0xfc, 0xfc, 0xfc, 0xfc, 0xfc, 0xf8, 0xf8,
    0xf8, 0xf8, 0xf8, 0xf8, 0xf8, 0xf8, 0xf8, 0xf8, 0xf8, 0xf8, 0xf8, 0xf0,
    0xf0, 0xf0, 0xf0, 0xf0, 0xf0, 0xf0, 0xf0, 0xf0, 0xf0, 0xf0, 0xf0, 0xf0,
    0xf0, 0xf0, 0xf0, 0xf0, 0xf0, 0xf0, 0xf0, 0xf0, 0xf0, 0xf0, 0xf0, 0xf0,
    0xf0, 0xe0, 0xe0, 0xe0, 0xe0, 0xe0, 0xe0, 0xe0, 0xe0, 0xe0, 0xe0, 0xe0,
    0xe0, 0xe0, 0xc0, 0xc0, 0xc0, 0xc0, 0xc0, 0xc0, 0xc0, 0xc0, 0xc0, 0xc0,
    0xc0, 0xc0, 0xc0, 0xc0, 0xc0, 0xc0, 0xc0, 0xc0, 0xc0, 0xc0, 0xc0, 0xc0,
    0xc0, 0xc0, 0xc0, 0xc0, 0x80, 0x80, 0x80, 0x80, 0x80, 0x80, 0x80, 0x80,
    0x80, 0x80, 0x80, 0x80, 0x80, 0x1c, 0x1c, 0x1c, 0x1c, 0x1c, 0x1c, 0x1c,
    0x1c, 0x1c, 0x1c, 0x1c, 0x1c, 0x1c, 0xa8, 0x00, 0x54, 0x00, 0xa8, 0x00,
    0x54, 0x00, 0xa8, 0x00, 0x54, 0x00, 0xa8, 0xa8, 0x54, 0xa8, 0x54, 0xa8,
    0x54, 0xa8, 0x54, 0xa8, 0x54, 0xa8, 0x54, 0xa8, 0x54, 0xfc, 0xa8, 0xfc,
    0x54, 0xfc, 0xa8, 0xfc, 0x54, 0xfc, 0xa8, 0xfc, 0x54, 0xfc, 0xfc, 0x00,
    0x00, 0x00, 0x00, 0x00, 0x00, 0x00, 0x00, 0x00, 0x00, 0x00, 0x04, 0x04,
    0x04, 0x04, 0x04, 0x04, 0x04, 0x04, 0x04, 0x04, 0x04, 0x04, 0x04, 0x00,
    0x00, 0x00, 0x00, 0x00, 0x00, 0xe0, 0xe0, 0xe0, 0xe0, 0xe0, 0xe0, 0xe0,
    0x00, 0x00, 0x00, 0x00, 0x00, 0x00, 0x1c, 0x1c, 0x1c, 0x1c, 0x1c, 0x1c,
    0x1c, 0xe0, 0xe0, 0xe0, 0xe0, 0xe0, 0xe0, 0x00, 0x00, 0x00, 0x00, 0x00,
    0x00, 0x00, 0xe0, 0xe0, 0xe0, 0xe0, 0xe0, 0xe0, 0xfc, 0xfc, 0xfc, 0xfc,
    0xfc, 0xfc, 0xfc, 0xe0, 0xe0, 0xe0, 0xe0, 0xe0, 0xe0, 0x1c, 0x1c, 0x1c,
    0x1c, 0x1c, 0x1c, 0x1c, 0xfc, 0xfc, 0xfc, 0xfc, 0xfc, 0xfc, 0xe0, 0xe0,
    0xe0, 0xe0, 0xe0, 0xe0, 0xe0, 0xfc, 0xfc, 0xfc, 0xfc, 0xfc, 0xfc, 0x1c,
    0x1c, 0x1c, 0x1c, 0x1c, 0x1c, 0x1c, 0x1c, 0x1c, 0x1c, 0x1c, 0x1c, 0x1c,
    0x00, 0x00, 0x00, 0x00, 0x00, 0x00, 0x00, 0x1c, 0x1c, 0x1c, 0x1c, 0x1c,
    0x1c, 0xe0, 0xe0, 0xe0, 0xe0, 0xe0, 0xe0, 0xe0, 0x1c, 0x1c, 0x1c, 0x1c,
    0x1c, 0x1c, 0xfc, 0xfc, 0xfc, 0xfc, 0xfc, 0xfc, 0xfc, 0x00, 0x00, 0x00,
    0x00, 0x00, 0xf8, 0xf8, 0xf8, 0xf8, 0xf8, 0x00, 0x00, 0x00, 0x00, 0x00,
    0x00, 0x00, 0x00, 0xf8, 0x88, 0x88, 0x88, 0xf8, 0x00, 0x00, 0x00, 0x00,
    0x00, 0x00, 0x00, 0x00, 0x70, 0x88, 0x88, 0x88, 0x70, 0x00, 0x00, 0x00,
    0x00, 0x00, 0x00, 0x00, 0x00, 0xf8, 0x88, 0xa8, 0x88, 0xf8, 0x00, 0x00,
    0x00, 0x00, 0x00, 0x00, 0x00, 0x00, 0x00, 0xf8, 0x88, 0xf8, 0x88, 0xf8,
    0x00, 0x00, 0x00, 0x00, 0x00, 0x00, 0x00, 0x00, 0xf8, 0xa8, 0xa8, 0xa8,
    0xf8, 0x00, 0x00, 0x00, 0x00, 0x00, 0x00, 0x00, 0x00, 0xf8, 0xa8, 0xf8,
    0xa8, 0xf8, 0x00, 0x00, 0x00, 0x00, 0x00, 0x00, 0x00, 0x00, 0xf8, 0xc8,
    0xa8, 0x98, 0xf8, 0x00, 0x00, 0x00, 0x00, 0x00, 0x00, 0x00, 0x00, 0xf8,
    0x98, 0xa8, 0xc8, 0xf8, 0x00, 0x00, 0x00, 0x00, 0x00, 0x00, 0x00, 0x00,
    0xf8, 0xd8, 0xa8, 0xd8, 0xf8, 0x00, 0x00, 0x00, 0x00, 0x00, 0x00, 0x00,
    0x70, 0x70, 0x70, 0x00, 0x00, 0x00, 0x00, 0x00, 0x00, 0x00, 0x00, 0x00,
    0x00, 0x70, 0x50, 0x70, 0x00, 0x00, 0x00, 0x00, 0x00, 0x00, 0x00, 0x00,
    0x00, 0xfc, 0xfc, 0xfc, 0xfc, 0xfc, 0x00, 0x00, 0x00, 0x00, 0x00, 0x00,
    0x00, 0x00, 0xfc, 0x84, 0x84, 0x84, 0xfc, 0x00, 0x00, 0x00, 0x00, 0x00,
    0x78, 0x78, 0x78, 0x78, 0x78, 0x78, 0x78, 0x78, 0x78, 0x78, 0x78, 0x00,
    0x00, 0x78, 0x48, 0x48, 0x48, 0x48, 0x48, 0x48, 0x48, 0x48, 0x48, 0x78,
    0x00, 0x00, 0x00, 0x00, 0x00, 0x00, 0x3c, 0x78, 0xf0, 0x00, 0x00, 0x00,
    0x00, 0x00, 0x00, 0x00, 0x00, 0x00, 0x00, 0x3c, 0x48, 0xf0, 0x00, 0x00,
    0x00, 0x00, 0x00, 0x00, 0x00, 0x20, 0x20, 0x20, 0x70, 0x70, 0x70, 0xf8,
    0xf8, 0xf8, 0x00, 0x00, 0x00, 0x00, 0x20, 0x20, 0x20, 0x50, 0x50, 0x50,
    0x88, 0x88, 0xf8, 0x00, 0x00, 0x00, 0x00, 0x00, 0x00, 0x20, 0x20, 0x70,
    0x70, 0xf8, 0x00, 0x00, 0x00, 0x00, 0x00, 0x00, 0x00, 0x00, 0x20, 0x20,
    0x50, 0x50, 0xf8, 0x00, 0x00, 0x00, 0x00, 0x00, 0x00, 0x80, 0xc0, 0xe0,
    0xf0, 0xf8, 0xf0, 0xe0, 0xc0, 0x80, 0x00, 0x00, 0x00, 0x00, 0x80, 0xc0,
    0xa0, 0x90, 0x88, 0x90, 0xa0, 0xc0, 0x80, 0x00, 0x00, 0x00, 0x00, 0x00,
    0x00, 0x40, 0x60, 0x70, 0x60, 0x40, 0x00, 0x00, 0x00, 0x00, 0x00, 0x00,
    0x00, 0x00, 0x40, 0x60, 0x50, 0x60, 0x40, 0x00, 0x00, 0x00, 0x00, 0x00,
    0x00, 0x00, 0x00, 0xc0, 0xf0, 0xfc, 0xf0, 0xc0, 0x00, 0x00, 0x00, 0x00,
    0x00, 0x00, 0x00, 0x00, 0xc0, 0xb0, 0x8c, 0xb0, 0xc0, 0x00, 0x00, 0x00,
    0x00, 0x00, 0x00, 0xf8, 0xf8, 0xf8, 0x70, 0x70, 0x70, 0x20, 0x20, 0x20,
    0x00, 0x00, 0x00, 0x00, 0xf8, 0x88, 0x88, 0x50, 0x50, 0x50, 0x20, 0x20,
    0x20, 0x00, 0x00, 0x00, 0x00, 0x00, 0x00, 0x00, 0xf8, 0x70, 0x70, 0x20,
    0x20, 0x00, 0x00, 0x00, 0x00, 0x00, 0x00, 0x00, 0x00, 0xf8, 0x50, 0x50,
    0x20, 0x20, 0x00, 0x00, 0x00, 0x00, 0x00, 0x08, 0x18, 0x38, 0x78, 0xf8,
    0x78, 0x38, 0x18, 0x08, 0x00, 0x00, 0x00, 0x00, 0x08, 0x18, 0x28, 0x48,
    0x88, 0x48, 0x28, 0x18, 0x08, 0x00, 0x00, 0x00, 0x00, 0x00, 0x00, 0x10,
    0x30, 0x70, 0x30, 0x10, 0x00, 0x00, 0x00, 0x00, 0x00, 0x00, 0x00, 0x00,
    0x10, 0x30, 0x50, 0x30, 0x10, 0x00, 0x00, 0x00, 0x00, 0x00, 0x00, 0x00,
    0x00, 0x0c, 0x3c, 0xfc, 0x3c, 0x0c, 0x00, 0x00, 0x00, 0x00, 0x00, 0x00,
    0x00, 0x00, 0x0c, 0x34, 0xc4, 0x34, 0x0c, 0x00, 0x00, 0x00, 0x00, 0x00,
    0x00, 0x00, 0x00, 0x20, 0x70, 0xf8, 0x70, 0x20, 0x00, 0x00, 0x00, 0x00,
    0x00, 0x00, 0x00, 0x00, 0x20, 0x50, 0x88, 0x50, 0x20, 0x00, 0x00, 0x00,
    0x00, 0x00, 0x00, 0x00, 0x00, 0x20, 0x50, 0xa8, 0x50, 0x20, 0x00, 0x00,
    0x00, 0x00, 0x00, 0x00, 0x00, 0x00, 0x30, 0x48, 0xb4, 0xb4, 0x48, 0x30,
    0x00, 0x00, 0x00, 0x00, 0x00, 0x20, 0x20, 0x50, 0x50, 0x88, 0x50, 0x50,
    0x20, 0x20, 0x00, 0x00, 0x00, 0x00, 0x00, 0x00, 0x30, 0x48, 0x84, 0x84,
    0x48, 0x30, 0x00, 0x00, 0x00, 0x00, 0x00, 0x00, 0x00, 0x20, 0x08, 0x80,
    0x04, 0x40, 0x10, 0x00, 0x00, 0x00, 0x00, 0x00, 0x00, 0x00, 0x00, 0x00,
    0x70, 0xa8, 0xa8, 0xa8, 0x70, 0x00, 0x00, 0x00, 0x00, 0x00, 0x00, 0x70,
    0x88, 0xa8, 0xd8, 0xa8, 0x88, 0x70, 0x00, 0x00, 0x00, 0x00, 0x00, 0x00,
    0x30, 0x78, 0xfc, 0xfc, 0x78, 0x30, 0x00, 0x00, 0x00, 0x00, 0x00, 0x00,
    0x00, 0x30, 0x68, 0xe4, 0xe4, 0x68, 0x30, 0x00, 0x00, 0x00, 0x00, 0x00,
    0x00, 0x00, 0x30, 0x58, 0x9c, 0x9c, 0x58, 0x30, 0x00, 0x00, 0x00, 0x00,
    0x00, 0x00, 0x00, 0x30, 0x48, 0x84, 0xfc, 0x78, 0x30, 0x00, 0x00, 0x00,
    0x00, 0x00, 0x00, 0x00, 0x30, 0x78, 0xfc, 0x84, 0x48, 0x30, 0x00, 0x00,
    0x00, 0x00, 0x00, 0x00, 0x00, 0x30, 0x58, 0x9c, 0x84, 0x48, 0x30, 0x00,
    0x00, 0x00, 0x00, 0x00, 0x00, 0x00, 0x30, 0x58, 0x9c, 0xfc, 0x78, 0x30,
    0x00, 0x00, 0x00, 0x00, 0x04, 0x1c, 0x3c, 0x3c, 0x7c, 0x7c, 0x3c, 0x3c,
    0x1c, 0x04, 0x00, 0x00, 0x00, 0x80, 0xe0, 0xf0, 0xf0, 0xf8, 0xf8, 0xf0,
    0xf0, 0xe0, 0x80, 0x00, 0x00, 0xfc, 0xfc, 0xfc, 0xfc, 0xfc, 0xcc, 0x84,
    0x84, 0xcc, 0xfc, 0xfc, 0xfc, 0xfc, 0xfc, 0xfc, 0xfc, 0xfc, 0xcc, 0xb4,
    0x78, 0x78, 0xb4, 0xcc, 0xfc, 0xfc, 0xfc, 0xfc, 0xfc, 0xfc, 0xfc, 0xcc,
    0xb4, 0x78, 0x00, 0x00, 0x00, 0x00, 0x00, 0x00, 0x00, 0x00, 0x00, 0x00,
    0x00, 0x00, 0x00, 0x78, 0xb4, 0xcc, 0xfc, 0xfc, 0xfc, 0x00, 0x00, 0x00,
    0x00, 0x20, 0x40, 0x80, 0x00, 0x00, 0x00, 0x00, 0x00, 0x00, 0x00, 0x00,
    0x00, 0x00, 0x10, 0x08, 0x04, 0x00, 0x00, 0x00, 0x00, 0x00, 0x00, 0x00,
    0x00, 0x00, 0x00, 0x00, 0x00, 0x00, 0x04, 0x08, 0x10, 0x00, 0x00, 0x00,
    0x00, 0x00, 0x00, 0x00, 0x00, 0x00, 0x00, 0x80, 0x40, 0x20, 0x00, 0x00,
    0x00, 0x00, 0x00, 0x00, 0x00, 0x30, 0x48, 0x84, 0x00, 0x00, 0x00, 0x00,
    0x00, 0x00, 0x00, 0x00, 0x00, 0x00, 0x00, 0x00, 0x00, 0x84, 0x48, 0x30,
    0x00, 0x00, 0x00, 0x00, 0x00, 0x00, 0x00, 0x00, 0x08, 0x18, 0x38, 0x78,
    0xf8, 0x00, 0x00, 0x00, 0x00, 0x00, 0x00, 0x00, 0x00, 0x80, 0xc0, 0xe0,
    0xf0, 0xf8, 0x00, 0x00, 0x00, 0x00, 0x00, 0x00, 0x00, 0x00, 0xf8, 0xf0,
    0xe0, 0xc0, 0x80, 0x00, 0x00, 0x00, 0x00, 0x00, 0x00, 0x00, 0x00, 0xf8,
    0x78, 0x38, 0x18, 0x08, 0x00, 0x00, 0x00, 0x00, 0x00, 0x00, 0x00, 0x70,
    0x88, 0x88, 0x88, 0x70, 0x00, 0x00, 0x00, 0x00, 0x00, 0x00, 0x00, 0x00,
    0x00, 0xf8, 0xe8, 0xe8, 0xe8, 0xf8, 0x00, 0x00, 0x00, 0x00, 0x00, 0x00,
    0x00, 0x00, 0xf8, 0xb8, 0xb8, 0xb8, 0xf8, 0x00, 0x00, 0x00, 0x00, 0x00,
    0x00, 0x00, 0x00, 0xf8, 0xf8, 0xe8, 0xc8, 0xf8, 0x00, 0x00, 0x00, 0x00,
    0x00, 0x00, 0x00, 0x00, 0xf8, 0x98, 0xb8, 0xf8, 0xf8, 0x00, 0x00, 0x00,
    0x00, 0x00, 0x00, 0x00, 0x00, 0xf8, 0xa8, 0xa8, 0xa8, 0xf8, 0x00, 0x00,
    0x00, 0x00, 0x00, 0x20, 0x20, 0x20, 0x50, 0x50, 0x70, 0xa8, 0x88, 0xf8,
    0x00, 0x00, 0x00, 0x00, 0x20, 0x20, 0x20, 0x70, 0x70, 0x70, 0xe8, 0xe8,
    0xf8, 0x00, 0x00, 0x00, 0x00, 0x20, 0x20, 0x20, 0x70, 0x70, 0x70, 0xb8,
    0xb8, 0xf8, 0x00, 0x00, 0x00, 0x00, 0x00, 0x00, 0x30, 0x48, 0x84, 0x84,
    0x84, 0x48, 0x30, 0x00, 0x00, 0x00, 0x00, 0x00, 0x00, 0x00, 0xf8, 0xa8,
    0xe8, 0x88, 0xf8, 0x00, 0x00, 0x00, 0x00, 0x00, 0x00, 0x00, 0x00, 0xf8,
    0x88, 0xe8, 0xa8, 0xf8, 0x00, 0x00, 0x00, 0x00, 0x00, 0x00, 0x00, 0x00,
    0xf8, 0x88, 0xb8, 0xa8, 0xf8, 0x00, 0x00, 0x00, 0x00, 0x00, 0x00, 0x00,
    0x00, 0xf8, 0xa8, 0xb8, 0x88, 0xf8, 0x00, 0x00, 0x00, 0x00, 0x00, 0x00,
    0x00, 0x00, 0x70, 0xa8, 0xe8, 0x88, 0x70, 0x00, 0x00, 0x00, 0x00, 0x00,
    0x00, 0x00, 0x00, 0x70, 0x88, 0xe8, 0xa8, 0x70, 0x00, 0x00, 0x00, 0x00,
    0x00, 0x00, 0x00, 0x00, 0x70, 0x88, 0xb8, 0xa8, 0x70, 0x00, 0x00, 0x00,
    0x00, 0x00, 0x00, 0x00, 0x00, 0x70, 0xa8, 0xb8, 0x88, 0x70, 0x00, 0x00,
    0x00, 0x00, 0x00, 0x00, 0x00, 0x00, 0xf8, 0x90, 0xa0, 0xc0, 0x80, 0x00,
    0x00, 0x00, 0x00, 0x00, 0x00, 0x00, 0x00, 0xf8, 0x48, 0x28, 0x18, 0x08,
    0x00, 0x00, 0x00, 0x00, 0x00, 0x00, 0x00, 0x00, 0x80, 0xc0, 0xa0, 0x90,
    0xf8, 0x00, 0x00, 0x00, 0x00, 0x00, 0x00, 0x00, 0x00, 0x78, 0x48, 0x48,
    0x78, 0x00, 0x00, 0x00, 0x00, 0x00, 0x00, 0x00, 0x00, 0x00, 0x78, 0x78,
    0x78, 0x78, 0x00, 0x00, 0x00, 0x00, 0x00, 0x00, 0x00, 0x00, 0x00, 0x78,
    0x48, 0x48, 0x78, 0x00, 0x00, 0x00, 0x00, 0x00, 0x00, 0x00, 0x00, 0x00,
    0x78, 0x78, 0x78, 0x78, 0x00, 0x00, 0x00, 0x00, 0x00, 0x00, 0x00, 0x00,
    0x00, 0x08, 0x18, 0x28, 0x48, 0xf8, 0x00, 0x00, 0x00, 0x00, 0x00, 0x20,
    0x20, 0x88, 0x20, 0x70, 0x20, 0x88, 0x20, 0x20, 0x00, 0x00, 0x00, 0x00,
    0x00, 0x00, 0x00, 0x60, 0xf8, 0xfc, 0x00, 0x00, 0x00, 0x00, 0x00, 0x00,
    0x00, 0x20, 0x70, 0xf8, 0xf8, 0x20, 0x20, 0x20, 0x20, 0x40, 0x00, 0x00,
    0xa0, 0x20, 0x74, 0x50, 0xa8, 0x50, 0x54, 0x70, 0x88, 0x88, 0x70, 0x00,
    0x00, 0x00, 0x08, 0x48, 0x50, 0x54, 0x44, 0x08, 0x60, 0x90, 0x90, 0x60,
    0x00, 0x00, 0x00, 0x00, 0x00, 0x20, 0x20, 0xf8, 0x70, 0x70, 0x88, 0x00,
    0x00, 0x00, 0x00, 0x00, 0x00, 0x00, 0x20, 0x20, 0xf8, 0x50, 0x70, 0x88,
    0x00, 0x00, 0x00, 0x00, 0x00, 0x00, 0x08, 0x10, 0x20, 0x40, 0x80, 0x40,
    0x28, 0x18, 0x38, 0x00, 0x00, 0x00, 0x00, 0xf8, 0x88, 0x90, 0x90, 0xa0,
    0xa0, 0x98, 0x98, 0xb8, 0x00, 0x00, 0x00, 0x00, 0x00, 0x00, 0x00, 0x70,
    0x88, 0xa8, 0x88, 0x70, 0x00, 0x00, 0x00, 0x00, 0x00, 0x00, 0x00, 0x70,
    0x88, 0x88, 0x50, 0x50, 0xa8, 0x50, 0x00, 0x00, 0x00, 0x00, 0x00, 0x00,
    0x50, 0xa8, 0x50, 0x50, 0x88, 0x88, 0x70, 0x00, 0x00, 0x00, 0x00, 0x00,
    0x00, 0x00, 0x00, 0x08, 0x70, 0x90, 0x90, 0x60, 0x00, 0x00, 0x00, 0x00,
    0x30, 0x48, 0x48, 0x30, 0x20, 0x60, 0x90, 0x90, 0x60, 0x00, 0x00, 0x00,
    0x00, 0x00, 0x00, 0x70, 0xf8, 0xa8, 0x70, 0xf8, 0xf8, 0xf8, 0x00, 0x00,
    0x00, 0x00, 0x00, 0x00, 0x70, 0xa8, 0xa8, 0x70, 0x88, 0x88, 0xf8, 0x00,
    0x00, 0x00, 0x00, 0xfc, 0x84, 0x84, 0x84, 0x84, 0x84, 0x84, 0x84, 0xfc,
    0x00, 0x00, 0x00, 0x00, 0xfc, 0x84, 0x8c, 0x8c, 0x94, 0x94, 0xd4, 0xa4,
    0xfc, 0x00, 0x00, 0x00, 0x00, 0xfc, 0xcc, 0xcc, 0xb4, 0xb4, 0xb4, 0xcc,
    0xcc, 0xfc, 0x00, 0x00, 0x00, 0x00, 0x88, 0x88, 0x50, 0x50, 0x20, 0x50,
    0x50, 0x88, 0x88, 0x00, 0x00, 0x00, 0x00, 0x20, 0x50, 0x88, 0x88, 0x88,
    0x88, 0x88, 0x88, 0xf8, 0x00, 0x00, 0x00, 0x00, 0x20, 0x70, 0xf8, 0xf8,
    0xf8, 0xf8, 0xf8, 0xf8, 0xf8, 0x00, 0x00, 0x00, 0x00, 0x00, 0x08, 0x24,
    0x74, 0xf8, 0xe8, 0xf4, 0x74, 0x28, 0x00, 0x00, 0x00, 0x00, 0x00, 0x00,
    0x00, 0x00, 0xfc, 0x7c, 0x7c, 0x3c, 0x00, 0x00, 0x00, 0x00, 0x00, 0x00,
    0x00, 0x00, 0x00, 0xfc, 0xf8, 0xf8, 0xf0, 0x00, 0x00, 0x00, 0x00, 0x00,
    0x00, 0x00, 0x00, 0x00, 0xfc, 0x4c, 0x4c, 0x3c, 0x00, 0x00, 0x00, 0x00,
    0x00, 0x08, 0x08, 0x18, 0x78, 0x68, 0x48, 0x48, 0x78, 0x78, 0x00, 0x00,
    0x00, 0x00, 0x00, 0x00, 0x00, 0x00, 0xfc, 0xc8, 0xc8, 0xf0, 0x00, 0x00,
    0x00, 0x00, 0x00, 0x78, 0x78, 0x48, 0x48, 0x68, 0x78, 0x18, 0x08, 0x08,
    0x00, 0x00, 0x00, 0x00, 0x70, 0xa8, 0xf8, 0x50, 0x70, 0x20, 0x88, 0x70,
    0x88, 0x00, 0x00, 0x00, 0x00, 0xf0, 0x08, 0x08, 0x10, 0x20, 0x40, 0x80,
    0x80, 0x78, 0x00, 0x00, 0x00, 0x00, 0x00, 0x00, 0x70, 0xd8, 0xd8, 0xa8,
    0xa8, 0x70, 0x00, 0x00, 0x00, 0x00, 0x00, 0x00, 0x00, 0x50, 0xa8, 0x50,
    0x50, 0x20, 0x70, 0x00, 0x00, 0x00, 0x00, 0x00, 0x20, 0x50, 0xf8, 0x50,
    0x70, 0x50, 0x70, 0x50, 0x20, 0x00, 0x00, 0x00, 0x00, 0x20, 0x50, 0x50,
    0x20, 0xf8, 0x20, 0x20, 0x20, 0x20, 0x00, 0x00, 0x00, 0x00, 0x20, 0x70,
    0x20, 0xf8, 0x20, 0x60, 0x30, 0x20, 0x20, 0x00, 0x00, 0x00, 0x00, 0x30,
    0x28, 0x28, 0x30, 0xa8, 0x70, 0x20, 0x70, 0xa8, 0x00, 0x00, 0x00, 0x00,
    0x20, 0x70, 0x20, 0xf8, 0x20, 0x20, 0x20, 0x20, 0x20, 0x00, 0x00, 0x00,
    0x00, 0x00, 0x70, 0x20, 0xa8, 0xf8, 0xa8, 0x20, 0x70, 0x00, 0x00, 0x00,
    0x00, 0x00, 0x78, 0xe4, 0xc8, 0xdc, 0xc8, 0xd4, 0xc0, 0xe4, 0x78, 0x00,
    0x00, 0xa8, 0x50, 0x00, 0x20, 0xa8, 0xa8, 0xa8, 0xa8, 0xa8, 0x70, 0x70,
    0x00, 0x00, 0x00, 0x00, 0x20, 0x70, 0xa8, 0xf8, 0xa8, 0xf8, 0xa8, 0x70,
    0xa8, 0x00, 0x00, 0x00, 0x00, 0x70, 0x88, 0x28, 0x68, 0xc8, 0xa8, 0x18,
    0x48, 0xb4, 0x00, 0x00, 0x00, 0x00, 0x70, 0xa8, 0xa8, 0xa8, 0xa8, 0xf8,
    0xa8, 0xa8, 0x70, 0x00, 0x00, 0x00, 0x00, 0x00, 0x00, 0x00, 0x78, 0x84,
    0xec, 0xa4, 0xfc, 0x78, 0x00, 0x00, 0x00, 0x00, 0x00, 0xf8, 0xf8, 0x00,
    0xf8, 0xf8, 0x00, 0xf8, 0xf8, 0x00, 0x00, 0x00, 0x00, 0x00, 0xd8, 0xd8,
    0x00, 0xf8, 0xf8, 0x00, 0xf8, 0xf8, 0x00, 0x00, 0x00, 0x00, 0x00, 0xf8,
    0xf8, 0x00, 0xd8, 0xd8, 0x00, 0xf8, 0xf8, 0x00, 0x00, 0x00, 0x00, 0x00,
    0xd8, 0xd8, 0x00, 0xd8, 0xd8, 0x00, 0xf8, 0xf8, 0x00, 0x00, 0x00, 0x00,
    0x00, 0xf8, 0xf8, 0x00, 0xf8, 0xf8, 0x00, 0xd8, 0xd8, 0x00, 0x00, 0x00,
    0x00, 0x00, 0xd8, 0xd8, 0x00, 0xf8, 0xf8, 0x00, 0xd8, 0xd8, 0x00, 0x00,
    0x00, 0x00, 0x00, 0xf8, 0xf8, 0x00, 0xd8, 0xd8, 0x00, 0xd8, 0xd8, 0x00,
    0x00, 0x00, 0x00, 0x00, 0xd8, 0xd8, 0x00, 0xd8, 0xd8, 0x00, 0xd8, 0xd8,
    0x00, 0x00, 0x00, 0x00, 0x00, 0x00, 0x20, 0xa8, 0x70, 0xd8, 0x70, 0xa8,
    0x20, 0x00, 0x00, 0x00, 0x00, 0x78, 0x84, 0xcc, 0x84, 0xb4, 0x84, 0xb4,
    0xcc, 0x84, 0x78, 0x00, 0x00, 0x00, 0x78, 0x84, 0xcc, 0x84, 0xb4, 0x84,
    0xcc, 0xb4, 0x84, 0x78, 0x00, 0x00, 0x00, 0x78, 0xfc, 0xb4, 0xfc, 0xcc,
    0xfc, 0xb4, 0xcc, 0x78, 0x00, 0x00, 0x00, 0x00, 0x20, 0x20, 0x88, 0x20,
    0x50, 0x20, 0x88, 0x20, 0x20, 0x00, 0x00, 0x00, 0x00, 0x70, 0xc8, 0x28,
    0x28, 0x28, 0x28, 0x28, 0xc8, 0x70, 0x00, 0x00, 0x00, 0x00, 0x70, 0x98,
    0xa0, 0xa0, 0xa0, 0xa0, 0xa0, 0x98, 0x70, 0x00, 0x00, 0x00, 0x00, 0x88,
    0x70, 0x88, 0x88, 0x88, 0x70, 0x20, 0x70, 0x20, 0x00, 0x00, 0x00, 0x00,
    0x00, 0x70, 0x88, 0x88, 0x88, 0x70, 0x20, 0x70, 0x20, 0x00, 0x00, 0x00,
    0x00, 0x00, 0x20, 0x70, 0x20, 0x70, 0x88, 0x88, 0x88, 0x70, 0x00, 0x00,
    0x00, 0x00, 0x00, 0x00, 0x1c, 0x0c, 0x74, 0x88, 0x88, 0x88, 0x70, 0x00,
    0x00, 0x00, 0x00, 0x08, 0x48, 0xa8, 0x28, 0x28, 0x48, 0xf8, 0x08, 0x08,
    0x00, 0x00, 0x00, 0x00, 0x40, 0xe0, 0x40, 0x50, 0x68, 0x48, 0x48, 0x50,
    0x50, 0x00, 0x00, 0x00, 0x00, 0x88, 0xa8, 0xa8, 0xf8, 0xa8, 0xa8, 0xa8,
    0x20, 0x50, 0x20, 0x00, 0x00, 0x00, 0xa8, 0xfc, 0xa8, 0xa8, 0xa8, 0x70,
    0x20, 0x70, 0x20, 0x00, 0x00, 0x00, 0x00, 0xf0, 0x88, 0x88, 0x88, 0xf0,
    0x80, 0x80, 0x80, 0xf8, 0x00, 0x00, 0x00, 0x00, 0x50, 0xa8, 0xa8, 0x20,
    0x20, 0x20, 0x20, 0x20, 0x20, 0x00, 0x00, 0x00, 0x00, 0x00, 0x00, 0x00,
    0x88, 0x88, 0x50, 0x20, 0x50, 0x20, 0x00, 0x00, 0x00, 0x00, 0x00, 0x00,
    0x00, 0xf8, 0x50, 0x50, 0x50, 0x50, 0xf8, 0x00, 0x00, 0x00, 0x00, 0x00,
    0x30, 0x48, 0xa0, 0x40, 0x10, 0x28, 0x90, 0x60, 0x00, 0x00, 0x00, 0x00,
    0x00, 0x70, 0x88, 0x88, 0x48, 0x28, 0x68, 0xa8, 0x48, 0x04, 0x00, 0x00,
    0x00, 0xac, 0xfc, 0xac, 0xac, 0xac, 0xac, 0xa8, 0xa8, 0xa8, 0x18, 0x28,
    0x00, 0x00, 0x00, 0x00, 0x70, 0x88, 0x50, 0x50, 0xd8, 0x00, 0xf8, 0x00,
    0x00, 0x00, 0x00, 0xa8, 0xf8, 0xa8, 0xa8, 0xa8, 0xa8, 0xa8, 0xa8, 0xa8,
    0x0c, 0x00, 0x00, 0x00, 0x00, 0x00, 0x00, 0x38, 0x18, 0xa8, 0x40, 0xa0,
    0x00, 0x00, 0x00, 0x00, 0x00, 0x00, 0x80, 0x90, 0xa8, 0xb0, 0xc8, 0x88,
    0x08, 0x30, 0x00, 0x00, 0x00, 0x00, 0x00, 0x00, 0x00, 0x54, 0xa8, 0x00,
    0x00, 0x54, 0xa8, 0x00, 0x00, 0x00, 0x00, 0x88, 0x50, 0x50, 0x50, 0xf8,
    0x50, 0x50, 0x50, 0x88, 0x00, 0x00, 0x20, 0x70, 0x70, 0xa8, 0xf8, 0x88,
    0x50, 0x50, 0xf8, 0x88, 0xf8, 0x00, 0x00, 0x00, 0xa8, 0xf8, 0x88, 0xf8,
    0x50, 0x50, 0x88, 0xf8, 0x88, 0xf8, 0x00, 0x00, 0x00, 0x00, 0x00, 0xa8,
    0xf8, 0x88, 0x50, 0x50, 0x50, 0x88, 0xf8, 0x00, 0x00, 0x00, 0x20, 0x50,
    0x70, 0xd8, 0x88, 0x50, 0x50, 0x70, 0x88, 0xf8, 0x00, 0x00, 0x00, 0x00,
    0x10, 0x38, 0x68, 0x88, 0xe8, 0x28, 0x38, 0x48, 0x78, 0x00, 0x00, 0x00,
    0x00, 0x00, 0x20, 0x50, 0x20, 0x50, 0x50, 0x70, 0x88, 0xf8, 0x00, 0x00,
    0x20, 0x70, 0x70, 0xa8, 0xf8, 0xf8, 0x70, 0x70, 0xf8, 0xf8, 0xf8, 0x00,
    0x00, 0x00, 0xa8, 0xf8, 0xf8, 0xf8, 0x70, 0x70, 0xf8, 0xf8, 0xf8, 0xf8,
    0x00, 0x00, 0x00, 0x00, 0x00, 0xa8, 0xf8, 0xf8, 0x70, 0x70, 0x70, 0xf8,
    0xf8, 0x00, 0x00, 0x00, 0x20, 0x70, 0x70, 0xd8, 0x88, 0x50, 0x50, 0x70,
    0xf8, 0xf8, 0x00, 0x00, 0x00, 0x00, 0x10, 0x38, 0x58, 0xf8, 0xf8, 0x38,
    0x38, 0x78, 0x78, 0x00, 0x00, 0x00, 0x00, 0x00, 0x20, 0x70, 0x20, 0x70,
    0x70, 0x70, 0xf8, 0xf8, 0x00, 0x00, 0x00, 0x00, 0x00, 0x20, 0x20, 0x70,
    0x70, 0xf8, 0xf8, 0x20, 0x70, 0x00, 0x00, 0x00, 0x00, 0x00, 0x00, 0x50,
    0xa8, 0xa8, 0x88, 0x50, 0x20, 0x20, 0x00, 0x00, 0x00, 0x00, 0x00, 0x00,
    0x20, 0x50, 0x50, 0x88, 0x50, 0x50, 0x20, 0x00, 0x00, 0x00, 0x00, 0x20,
    0x70, 0x20, 0xa8, 0xf8, 0xf8, 0xa8, 0x20, 0x70, 0x00, 0x00, 0x00, 0x00,
    0x00, 0x20, 0x20, 0x50, 0x50, 0x88, 0xf8, 0x20, 0x70, 0x00, 0x00, 0x00,
    0x00, 0x00, 0x00, 0x50, 0xf8, 0xf8, 0xf8, 0x70, 0x20, 0x20, 0x00, 0x00,
    0x00, 0x00, 0x00, 0x00, 0x20, 0x70, 0x70, 0xf8, 0x70, 0x70, 0x20, 0x00,
    0x00, 0x00, 0x00, 0x00, 0x20, 0x50, 0x20, 0x70, 0xa8, 0x70, 0x20, 0x70,
    0x00, 0x00, 0x00, 0x00, 0x00, 0x90, 0x48, 0x90, 0x48, 0x00, 0x50, 0x88,
    0x70, 0x00, 0x00, 0x00, 0x00, 0x10, 0x10, 0x10, 0x10, 0x10, 0x10, 0x70,
    0xf0, 0x60, 0x00, 0x00, 0x00, 0x00, 0x10, 0x18, 0x14, 0x10, 0x10, 0x10,
    0x70, 0xf0, 0x60, 0x00, 0x00, 0x00, 0x00, 0x40, 0x60, 0x50, 0x48, 0x48,
    0xc8, 0xc8, 0x18, 0x18, 0x00, 0x00, 0x00, 0x00, 0x40, 0x60, 0x50, 0x68,
    0x58, 0xc8, 0xc8, 0x18, 0x18, 0x00, 0x00, 0x00, 0x00, 0x80, 0x80, 0x80,
    0xb0, 0xc8, 0x88, 0x88, 0x90, 0xe0, 0x00, 0x00, 0x00, 0x00, 0x80, 0x88,
    0x98, 0xa8, 0xc8, 0x98, 0xa8, 0xc8, 0x88, 0x08, 0x00, 0x00, 0x00, 0x10,
    0x58, 0x70, 0xd0, 0x50, 0x58, 0x70, 0xd0, 0x40, 0x00, 0x00, 0x00, 0x00,
    0x50, 0x20, 0xa8, 0x70, 0xa8, 0x20, 0x20, 0x20, 0x50, 0x00, 0x00, 0x00,
    0x20, 0x50, 0x20, 0xa8, 0xd8, 0xa8, 0x20, 0x20, 0x20, 0x50, 0x20, 0x00,
    0x00, 0x00, 0x00, 0x30, 0x08, 0xc4, 0x4c, 0x80, 0x94, 0xa8, 0x10, 0x00,
    0x00, 0x00, 0x10, 0x08, 0xc4, 0xcc, 0xac, 0xa0, 0xa4, 0xa4, 0x94, 0x38,
    0x10, 0x00, 0x00, 0x10, 0x08, 0xc4, 0xec, 0xdc, 0xb0, 0xc4, 0xf4, 0x94,
    0x38, 0x10, 0x00, 0x00, 0x10, 0x08, 0xc4, 0xec, 0xdc, 0x90, 0xb4, 0xd4,
    0xb4, 0x38, 0x10, 0x00, 0x00, 0x10, 0x08, 0xc4, 0xcc, 0xcc, 0xd0, 0xfc,
    0x94, 0x94, 0x38, 0x10, 0x00, 0x00, 0x10, 0x08, 0xc4, 0xcc, 0xfc, 0xc0,
    0xe4, 0x94, 0xf4, 0x38, 0x10, 0x00, 0x00, 0x10, 0x08, 0xc4, 0xdc, 0xac,
    0xe0, 0xd4, 0xd4, 0xb4, 0x38, 0x10, 0x00, 0x00, 0x10, 0x08, 0xc4, 0xcc,
    0xfc, 0x90, 0xa4, 0xa4, 0xb4, 0x38, 0x10, 0x00, 0x00, 0x10, 0x08, 0xc4,
    0xcc, 0x8c, 0x80, 0x84, 0x84, 0x94, 0x38, 0x10, 0x00, 0x00, 0x00, 0x00,
    0x30, 0x28, 0xcc, 0xcc, 0x80, 0x94, 0xb8, 0x10, 0x00, 0x00, 0x00, 0x78,
    0xfc, 0xcc, 0xd4, 0x30, 0x30, 0x7c, 0x68, 0x44, 0xec, 0xfc, 0x78, 0x00,
    0x78, 0x84, 0x30, 0x28, 0xcc, 0xcc, 0x80, 0x94, 0xb8, 0x10, 0x84, 0x78,
    0x00, 0x00, 0xf8, 0x88, 0x88, 0x88, 0xa8, 0x88, 0x88, 0x88, 0xf8, 0x00,
    0x00, 0x00, 0x00, 0xf8, 0x88, 0xc8, 0x88, 0x88, 0x88, 0x98, 0x88, 0xf8,
    0x00, 0x00, 0x00, 0x00, 0xf8, 0x88, 0xc8, 0x88, 0xa8, 0x88, 0x98, 0x88,
    0xf8, 0x00, 0x00, 0x00, 0x00, 0xf8, 0x88, 0xd8, 0x88, 0x88, 0x88, 0xd8,
    0x88, 0xf8, 0x00, 0x00, 0x00, 0x00, 0xf8, 0x88, 0xd8, 0x88, 0xa8, 0x88,
    0xd8, 0x88, 0xf8, 0x00, 0x00, 0x00, 0x00, 0xf8, 0x88, 0xd8, 0x88, 0xd8,
    0x88, 0xd8, 0x88, 0xf8, 0x00, 0x00, 0x00, 0x00, 0x00, 0x00, 0x00, 0x70,
    0x88, 0x98, 0x88, 0x70, 0x00, 0x00, 0x00, 0x00, 0x00, 0x00, 0x00, 0x00,
    0x70, 0x88, 0xd8, 0x88, 0x70, 0x00, 0x00, 0x00, 0x00, 0x00, 0x00, 0x00,
    0x00, 0x70, 0xf8, 0xe8, 0xf8, 0x70, 0x00, 0x00, 0x00, 0x00, 0x00, 0x00,
    0x00, 0x00, 0x70, 0xf8, 0xa8, 0xf8, 0x70, 0x00, 0x00, 0x00, 0x00, 0x00,
    0x00, 0x00, 0x00, 0x20, 0x50, 0x20, 0x50, 0xbc, 0x48, 0x00, 0x00, 0x00,
    0x00, 0x00, 0x00, 0x40, 0xa4, 0x68, 0x10, 0x68, 0xa4, 0x40, 0x00, 0x00,
    0x00, 0x00, 0x48, 0xbc, 0x50, 0x20, 0x50, 0x20, 0x00, 0x00, 0x00, 0x00,
    0x00, 0x00, 0x00, 0x00, 0x00, 0x40, 0xac, 0x78, 0x10, 0x78, 0xac, 0x40,
    0x00, 0x00, 0x00, 0x78, 0x84, 0xb4, 0xb4, 0xa4, 0xa4, 0xa4, 0xb4, 0xb4,
    0x44, 0x78, 0x00, 0x00, 0x00, 0x20, 0x20, 0x10, 0x90, 0xfc, 0x90, 0x10,
    0x20, 0x20, 0x00, 0x00, 0x00, 0x00, 0x04, 0x04, 0x08, 0x08, 0x08, 0x90,
    0x50, 0x20, 0x20, 0x00, 0x00, 0x00, 0x00, 0x0c, 0x0c, 0x0c, 0x18, 0x18,
    0x98, 0xd8, 0x70, 0x30, 0x00, 0x00, 0x00, 0x00, 0x00, 0x00, 0x00, 0x00,
    0x88, 0x50, 0x20, 0x50, 0x88, 0x00, 0x00, 0x00, 0x00, 0x00, 0x00, 0x00,
    0x88, 0xd8, 0x70, 0x70, 0xd8, 0x88, 0x00, 0x00, 0x00, 0x00, 0x00, 0x00,
    0x08, 0x90, 0x50, 0x20, 0x50, 0x48, 0x80, 0x00, 0x00, 0x00, 0x00, 0x00,
    0x08, 0x98, 0xd0, 0x70, 0x70, 0x58, 0xc8, 0x80, 0x00, 0x00, 0x00, 0x00,
    0x00, 0x30, 0x30, 0x30, 0xfc, 0xfc, 0x30, 0x30, 0x30, 0x00, 0x00, 0x00,
    0x00, 0x00, 0x30, 0x30, 0x30, 0xfc, 0xfc, 0x30, 0x30, 0x30, 0x00, 0x00,
    0x00, 0x00, 0x00, 0x20, 0x20, 0x20, 0xd8, 0x20, 0x20, 0x20, 0x00, 0x00,
    0x00, 0x00, 0x00, 0x00, 0x30, 0x30, 0x30, 0xcc, 0xcc, 0x30, 0x30, 0x30,
    0x00, 0x00, 0x00, 0x00, 0x20, 0x20, 0xf8, 0x20, 0x20, 0x20, 0x20, 0x20,
    0x20, 0x00, 0x00, 0x00, 0x00, 0x70, 0x58, 0xdc, 0x8c, 0xdc, 0x5c, 0x58,
    0x58, 0x78, 0x38, 0x00, 0x00, 0x00, 0x30, 0x30, 0xfc, 0xfc, 0x30, 0x30,
    0x30, 0x30, 0x30, 0x00, 0x00, 0x00, 0x00, 0x00, 0x00, 0x70, 0x20, 0xa8,
    0xf8, 0xa8, 0x20, 0x70, 0x00, 0x00, 0x00, 0x00, 0x00, 0x30, 0x30, 0x30,
    0xfc, 0xfc, 0x30, 0x30, 0x30, 0x00, 0x00, 0x00, 0x00, 0x20, 0x70, 0x20,
    0xa8, 0xf8, 0xa8, 0x20, 0x70, 0x20, 0x00, 0x00, 0x00, 0x00, 0x20, 0x70,
    0x20, 0xa8, 0xf8, 0xa8, 0x20, 0x70, 0x20, 0x00, 0x00, 0x00, 0x00, 0x20,
    0x70, 0x20, 0xa8, 0xf8, 0xa8, 0x20, 0x70, 0x20, 0x00, 0x00, 0x00, 0x00,
    0x00, 0x00, 0x20, 0x70, 0xf8, 0x70, 0x20, 0x00, 0x00, 0x00, 0x00, 0x00,
    0x00, 0x00, 0x00, 0x20, 0x50, 0x88, 0x50, 0x20, 0x00, 0x00, 0x00, 0x00,
    0x00, 0x00, 0x00, 0x20, 0x20, 0xf8, 0x50, 0x70, 0x88, 0x00, 0x00, 0x00,
    0x00, 0x00, 0x00, 0x70, 0xd8, 0xd8, 0x00, 0x88, 0x88, 0x70, 0xf8, 0x70,
    0x00, 0x00, 0x00, 0x00, 0x00, 0x20, 0x20, 0xf8, 0x50, 0x70, 0x88, 0x00,
    0x00, 0x00, 0x00, 0x00, 0x00, 0x00, 0x20, 0x20, 0xf8, 0x70, 0x70, 0x88,
    0x00, 0x00, 0x00, 0x00, 0x00, 0x00, 0x00, 0x20, 0x20, 0xf8, 0x70, 0x70,
    0x88, 0x00, 0x00, 0x00, 0x00, 0x00, 0x00, 0x00, 0x20, 0x20, 0xf8, 0x70,
    0x70, 0x88, 0x00, 0x00, 0x00, 0x00, 0x00, 0x00, 0x00, 0x20, 0x20, 0xf8,
    0x70, 0x70, 0x88, 0x00, 0x00, 0x00, 0x00, 0x00, 0x00, 0x00, 0x30, 0x30,
    0xfc, 0x58, 0x78, 0xcc, 0x00, 0x00, 0x00, 0x00, 0x00, 0x00, 0x00, 0x20,
    0xa8, 0x70, 0x70, 0x70, 0xa8, 0x20, 0x00, 0x00, 0x00, 0x00, 0x00, 0x00,
    0x20, 0xa8, 0x70, 0x50, 0x70, 0xa8, 0x20, 0x00, 0x00, 0x00, 0x00, 0x00,
    0x00, 0x20, 0xa8, 0x70, 0xf8, 0x70, 0xa8, 0x20, 0x00, 0x00, 0x00, 0x00,
    0x00, 0x00, 0x20, 0xa8, 0x70, 0xf8, 0x70, 0xa8, 0x20, 0x00, 0x00, 0x00,
    0x00, 0x00, 0x00, 0x20, 0xa8, 0x70, 0xf8, 0x70, 0xa8, 0x20, 0x00, 0x00,
    0x00, 0x00, 0x00, 0x00, 0x20, 0xa8, 0x70, 0x70, 0x70, 0xa8, 0x20, 0x00,
    0x00, 0x00, 0x00, 0x00, 0x00, 0x50, 0x50, 0xf8, 0x20, 0xf8, 0x50, 0x50,
    0x00, 0x00, 0x00, 0x00, 0x00, 0x00, 0x50, 0x70, 0xf8, 0x70, 0xf8, 0x70,
    0x50, 0x00, 0x00, 0x00, 0x00, 0x00, 0x00, 0x20, 0xa8, 0xa8, 0x70, 0xa8,
    0xa8, 0x20, 0x00, 0x00, 0x00, 0x00, 0x00, 0x00, 0x20, 0xa8, 0xa8, 0x50,
    0xa8, 0xa8, 0x20, 0x00, 0x00, 0x00, 0x00, 0x00, 0x00, 0x20, 0xa8, 0xa8,
    0x70, 0xa8, 0xa8, 0x20, 0x00, 0x00, 0x00, 0x00, 0x00, 0x00, 0x20, 0xa8,
    0xa8, 0x50, 0xa8, 0xa8, 0x20, 0x00, 0x00, 0x00, 0x00, 0x00, 0x00, 0x00,
    0x20, 0xf8, 0x50, 0x70, 0xd8, 0x00, 0x00, 0x00, 0x00, 0x00, 0x00, 0x00,
    0x20, 0xa8, 0xa8, 0x70, 0xa8, 0xa8, 0x20, 0x00, 0x00, 0x00, 0x00, 0x00,
    0x00, 0x20, 0xa8, 0xa8, 0x70, 0xa8, 0xa8, 0x20, 0x00, 0x00, 0x00, 0x00,
    0x00, 0x00, 0x20, 0xa8, 0xa8, 0x70, 0xa8, 0xa8, 0x20, 0x00, 0x00, 0x00,
    0x00, 0x00, 0x00, 0x20, 0xa8, 0xa8, 0x70, 0xa8, 0xa8, 0x20, 0x00, 0x00,
    0x00, 0x00, 0x00, 0x00, 0x20, 0xa8, 0x70, 0xf8, 0x70, 0xa8, 0x20, 0x00,
    0x00, 0x00, 0x00, 0x00, 0x00, 0x20, 0xa8, 0x70, 0xf8, 0x70, 0xa8, 0x20,
    0x00, 0x00, 0x00, 0x00, 0x00, 0x00, 0x20, 0xa8, 0xa8, 0x70, 0xa8, 0xa8,
    0x20, 0x00, 0x00, 0x00, 0x00, 0x00, 0x00, 0x20, 0xa8, 0x70, 0xf8, 0x70,
    0xa8, 0x20, 0x00, 0x00, 0x00, 0x00, 0x00, 0x00, 0x20, 0xa8, 0x70, 0xf8,
    0x70, 0xa8, 0x20, 0x00, 0x00, 0x00, 0x00, 0x00, 0x00, 0x00, 0x00, 0x78,
    0x8c, 0x8c, 0x8c, 0x8c, 0x78, 0x00, 0x00, 0x00, 0x00, 0x00, 0x00, 0x00,
    0xf8, 0x88, 0x8c, 0x8c, 0xfc, 0x3c, 0x00, 0x00, 0x00, 0x00, 0x00, 0x00,
    0x00, 0x3c, 0xfc, 0x8c, 0x8c, 0x88, 0xf8, 0x00, 0x00, 0x00, 0x00, 0x00,
    0x00, 0x00, 0xf8, 0x8c, 0x8c, 0x8c, 0xfc, 0x7c, 0x00, 0x00, 0x00, 0x00,
    0x00, 0x00, 0x00, 0x7c, 0xfc, 0x8c, 0x8c, 0x8c, 0xf8, 0x00, 0x00, 0x00,
    0x00, 0x20, 0x70, 0x20, 0x50, 0xf8, 0x50, 0x20, 0x70, 0x20, 0x00, 0x00,
    0x00, 0x00, 0x20, 0x20, 0x20, 0x20, 0x20, 0x20, 0x20, 0x20, 0x20, 0x00,
    0x00, 0x00, 0x00, 0x70, 0x70, 0x70, 0x70, 0x70, 0x70, 0x70, 0x70, 0x70,
    0x00, 0x00, 0x00, 0x00, 0xf8, 0xf8, 0xf8, 0xf8, 0xf8, 0xf8, 0xf8, 0xf8,
    0xf8, 0x00, 0x00, 0x00, 0x30, 0x40, 0x70, 0x70, 0x20, 0x00, 0x00, 0x00,
    0x00, 0x00, 0x00, 0x00, 0x00, 0x20, 0x70, 0x70, 0x10, 0x60, 0x00, 0x00,
    0x00, 0x00, 0x00, 0x00, 0x00, 0x00, 0x6c, 0x90, 0xfc, 0xfc, 0x48, 0x00,
    0x00, 0x00, 0x00, 0x00, 0x00, 0x00, 0x00, 0x48, 0xfc, 0xfc, 0x24, 0xd8,
    0x00, 0x00, 0x00, 0x00, 0x00, 0x00, 0x00, 0x00, 0x08, 0x7c, 0xe8, 0xe8,
    0x78, 0x08, 0x68, 0x68, 0x48, 0x30, 0x00, 0x00, 0x00, 0x00, 0x20, 0x70,
    0x70, 0x20, 0x20, 0x00, 0x20, 0x70, 0x20, 0x00, 0x00, 0x00, 0x00, 0x50,
    0xf8, 0xf8, 0x70, 0x20, 0x00, 0x20, 0x70, 0x20, 0x00, 0x00, 0x00, 0x00,
    0x00, 0x00, 0x50, 0xf8, 0xf8, 0xf8, 0x70, 0x20, 0x20, 0x00, 0x00, 0x00,
    0x00, 0x00, 0x00, 0x60, 0xf0, 0xf8, 0x7c, 0xf8, 0xf0, 0x60, 0x00, 0x00,
    0x00, 0x00, 0x68, 0xb0, 0x10, 0xd8, 0xf8, 0xf0, 0x60, 0x68, 0x30, 0x00,
    0x00, 0x00, 0x00, 0x00, 0x40, 0x90, 0xb8, 0x7c, 0x5c, 0xbc, 0xb8, 0x50,
    0x00, 0x00, 0x00, 0x00, 0x70, 0xf8, 0xd8, 0x98, 0xd8, 0xd8, 0x88, 0xf8,
    0x70, 0x00, 0x00, 0x00, 0x00, 0x70, 0xf8, 0xd8, 0xa8, 0xe8, 0xd8, 0x88,
    0xf8, 0x70, 0x00, 0x00, 0x00, 0x00, 0x70, 0xf8, 0xd8, 0xa8, 0xd8, 0xe8,
    0x98, 0xf8, 0x70, 0x00, 0x00, 0x00, 0x00, 0x70, 0xf8, 0xb8, 0xb8, 0x98,
    0x88, 0xd8, 0xf8, 0x70, 0x00, 0x00, 0x00, 0x00, 0x70, 0xf8, 0x88, 0xb8,
    0x98, 0xe8, 0x98, 0xf8, 0x70, 0x00, 0x00, 0x00, 0x00, 0x70, 0xf8, 0xc8,
    0xb8, 0x98, 0xa8, 0xd8, 0xf8, 0x70, 0x00, 0x00, 0x00, 0x00, 0x70, 0xf8,
    0x88, 0xe8, 0xd8, 0xd8, 0xd8, 0xf8, 0x70, 0x00, 0x00, 0x00, 0x00, 0x70,
    0xf8, 0xd8, 0xa8, 0xd8, 0xa8, 0xd8, 0xf8, 0x70, 0x00, 0x00, 0x00, 0x00,
    0x70, 0xf8, 0xd8, 0xa8, 0xc8, 0xe8, 0x98, 0xf8, 0x70, 0x00, 0x00, 0x00,
    0x00, 0x78, 0xfc, 0xac, 0x94, 0x94, 0x94, 0xac, 0xfc, 0x78, 0x00, 0x00,
    0x00, 0x00, 0x70, 0x88, 0xa8, 0xe8, 0xa8, 0xa8, 0xa8, 0x88, 0x70, 0x00,
    0x00, 0x00, 0x00, 0x70, 0x88, 0xa8, 0xd8, 0x98, 0xa8, 0xf8, 0x88, 0x70,
    0x00, 0x00, 0x00, 0x00, 0x70, 0x88, 0xa8, 0xd8, 0xa8, 0x98, 0xe8, 0x88,
    0x70, 0x00, 0x00, 0x00, 0x00, 0x70, 0x88, 0xc8, 0xc8, 0xe8, 0xf8, 0xa8,
    0x88, 0x70, 0x00, 0x00, 0x00, 0x00, 0x70, 0x88, 0xf8, 0xc8, 0xe8, 0x98,
    0xe8, 0x88, 0x70, 0x00, 0x00, 0x00, 0x00, 0x70, 0x88, 0xb8, 0xc8, 0xe8,
    0xd8, 0xa8, 0x88, 0x70, 0x00, 0x00, 0x00, 0x00, 0x70, 0x88, 0xf8, 0x98,
    0xa8, 0xa8, 0xa8, 0x88, 0x70, 0x00, 0x00, 0x00, 0x00, 0x70, 0x88, 0xa8,
    0xd8, 0xa8, 0xd8, 0xa8, 0x88, 0x70, 0x00, 0x00, 0x00, 0x00, 0x70, 0x88,
    0xa8, 0xd8, 0xb8, 0x98, 0xe8, 0x88, 0x70, 0x00, 0x00, 0x00, 0x00, 0x78,
    0x84, 0xd4, 0xec, 0xec, 0xec, 0xd4, 0x84, 0x78, 0x00, 0x00, 0x00, 0x00,
    0x70, 0xf8, 0xd8, 0x98, 0xd8, 0xd8, 0xd8, 0xf8, 0x70, 0x00, 0x00, 0x00,
    0x00, 0x70, 0xf8, 0xd8, 0xa8, 0xe8, 0xd8, 0x88, 0xf8, 0x70, 0x00, 0x00,
    0x00, 0x00, 0x70, 0xf8, 0xd8, 0xa8, 0xd8, 0xe8, 0x98, 0xf8, 0x70, 0x00,
    0x00, 0x00, 0x00, 0x70, 0xf8, 0xb8, 0xb8, 0x98, 0x88, 0xd8, 0xf8, 0x70,
    0x00, 0x00, 0x00, 0x00, 0x70, 0xf8, 0x88, 0xb8, 0x98, 0xe8, 0x98, 0xf8,
    0x70, 0x00, 0x00, 0x00, 0x00, 0x70, 0xf8, 0xc8, 0xb8, 0x98, 0xa8, 0xd8,
    0xf8, 0x70, 0x00, 0x00, 0x00, 0x00, 0x70, 0xf8, 0x88, 0xe8, 0xd8, 0xd8,
    0xd8, 0xf8, 0x70, 0x00, 0x00, 0x00, 0x00, 0x70, 0xf8, 0xd8, 0xa8, 0xd8,
    0xa8, 0xd8, 0xf8, 0x70, 0x00, 0x00, 0x00, 0x00, 0x70, 0xf8, 0xd8, 0xa8,
    0xc8, 0xe8, 0x98, 0xf8, 0x70, 0x00, 0x00, 0x00, 0x00, 0x78, 0xfc, 0xac,
    0x94, 0x94, 0x94, 0xac, 0xfc, 0x78, 0x00, 0x00, 0x00, 0x00, 0x00, 0x30,
    0x18, 0xfc, 0xfc, 0x18, 0x30, 0x00, 0x00, 0x00, 0x00, 0x00, 0x00, 0x00,
    0x00, 0x80, 0x40, 0x28, 0x18, 0x38, 0x00, 0x00, 0x00, 0x00, 0x00, 0x00,
    0x00, 0x00, 0x20, 0x30, 0xf8, 0x30, 0x20, 0x00, 0x00, 0x00, 0x00, 0x00,
    0x00, 0x00, 0x00, 0x38, 0x18, 0x28, 0x40, 0x80, 0x00, 0x00, 0x00, 0x00,
    0x00, 0x00, 0x00, 0x40, 0x20, 0x30, 0xfc, 0x30, 0x20, 0x40, 0x00, 0x00,
    0x00, 0x00, 0x00, 0x20, 0x30, 0x18, 0xfc, 0xfc, 0x18, 0x30, 0x20, 0x00,
    0x00, 0x00, 0x00, 0x00, 0x00, 0x00, 0x10, 0x18, 0xfc, 0x18, 0x10, 0x00,
    0x00, 0x00, 0x00, 0x00, 0x00, 0x00, 0x10, 0x18, 0xfc, 0xfc, 0x18, 0x10,
    0x00, 0x00, 0x00, 0x00, 0x00, 0x00, 0x00, 0x10, 0x18, 0xbc, 0xbc, 0x18,
    0x10, 0x00, 0x00, 0x00, 0x00, 0x00, 0x00, 0x00, 0x20, 0x30, 0xb8, 0xbc,
    0xb8, 0x30, 0x20, 0x00, 0x00, 0x00, 0x00, 0x00, 0x00, 0x20, 0x30, 0xf8,
    0xfc, 0xf8, 0x30, 0x20, 0x00, 0x00, 0x00, 0x00, 0x00, 0x00, 0x00, 0xc0,
    0x70, 0x3c, 0x70, 0xc0, 0x00, 0x00, 0x00, 0x00, 0x00, 0x00, 0x00, 0x20,
    0xb0, 0xf8, 0xfc, 0x78, 0x30, 0x20, 0x00, 0x00, 0x00, 0x00, 0x00, 0x00,
    0x20, 0x30, 0x78, 0xfc, 0xf8, 0xb0, 0x20, 0x00, 0x00, 0x00, 0x20, 0x20,
    0x30, 0xf0, 0xf8, 0xf8, 0xfc, 0xf8, 0xf8, 0xf0, 0x30, 0x20, 0x20, 0x00,
    0x78, 0xfc, 0xdc, 0xcc, 0x04, 0x00, 0x04, 0xcc, 0xdc, 0xf8, 0x78, 0x00,
    0x00, 0x00, 0x00, 0x20, 0x20, 0xe0, 0x14, 0x0c, 0x1c, 0x00, 0x00, 0x00,
    0x00, 0x00, 0x00, 0x00, 0x00, 0x90, 0xc8, 0x7c, 0xc8, 0x90, 0x00, 0x00,
    0x00, 0x00, 0x00, 0x00, 0x00, 0x1c, 0x0c, 0x14, 0xe0, 0x20, 0x20, 0x00,
    0x00, 0x00, 0x00, 0x00, 0x00, 0x00, 0x20, 0x20, 0xe0, 0x14, 0x0c, 0x1c,
    0x00, 0x00, 0x00, 0x00, 0x00, 0x00, 0x00, 0x00, 0x90, 0xc8, 0x7c, 0xc8,
    0x90, 0x00, 0x00, 0x00, 0x00, 0x00, 0x00, 0x00, 0x1c, 0x0c, 0x14, 0xe0,
    0x20, 0x20, 0x00, 0x00, 0x00, 0x00, 0x00, 0x00, 0x00, 0x00, 0x10, 0x08,
    0xfc, 0x08, 0x10, 0x00, 0x00, 0x00, 0x00, 0x00, 0x00, 0x00, 0x00, 0x10,
    0xc8, 0xfc, 0xc8, 0x10, 0x00, 0x00, 0x00, 0x00, 0x00, 0x00, 0x00, 0x00,
    0x00, 0xe8, 0x7c, 0xe8, 0x00, 0x00, 0x00, 0x00, 0x00, 0x00, 0x00, 0x00,
    0x00, 0xd0, 0xd8, 0x7c, 0xd8, 0xd0, 0x00, 0x00, 0x00, 0x00, 0x00, 0x00,
    0xa0, 0x50, 0x28, 0xf4, 0x04, 0xf4, 0x28, 0x50, 0xa0, 0x00, 0x00, 0x00,
    0xf8, 0xa0, 0xa0, 0xa0, 0xa0, 0xa0, 0xa0, 0xa0, 0xa0, 0xa0, 0xf8, 0x00,
    0x00, 0xf8, 0x28, 0x28, 0x28, 0x28, 0x28, 0x28, 0x28, 0x28, 0x28, 0xf8,
    0x00, 0x00, 0x08, 0x10, 0x10, 0x20, 0x20, 0x40, 0x20, 0x20, 0x10, 0x10,
    0x08, 0x00, 0x00, 0x40, 0x20, 0x20, 0x10, 0x10, 0x08, 0x10, 0x10, 0x20,
    0x20, 0x40, 0x00, 0x00, 0x14, 0x28, 0x28, 0x50, 0x50, 0xa0, 0x50, 0x50,
    0x28, 0x28, 0x14, 0x00, 0x00, 0xa0, 0x50, 0x50, 0x28, 0x28, 0x14, 0x28,
    0x28, 0x50, 0x50, 0xa0, 0x00, 0x00, 0x00, 0x00, 0x00, 0x00, 0x20, 0x40,
    0xfc, 0x40, 0x20, 0x00, 0x00, 0x00, 0x00, 0x00, 0x00, 0x00, 0x00, 0x10,
    0x08, 0xfc, 0x08, 0x10, 0x00, 0x00, 0x00, 0x00, 0x00, 0x00, 0x00, 0x00,
    0x00, 0x48, 0xfc, 0x48, 0x00, 0x00, 0x00, 0x00, 0x00, 0x00, 0x00, 0x00,
    0x10, 0x20, 0x7c, 0x80, 0x7c, 0x20, 0x10, 0x00, 0x00, 0x00, 0x00, 0x00,
    0x00, 0x20, 0x10, 0xf8, 0x04, 0xf8, 0x10, 0x20, 0x00, 0x00, 0x00, 0x00,
    0x00, 0x00, 0x00, 0x48, 0xfc, 0x84, 0xfc, 0x48, 0x00, 0x00, 0x00, 0x00,
    0x00, 0x00, 0x00, 0x00, 0x24, 0x44, 0xfc, 0x44, 0x24, 0x00, 0x00, 0x00,
    0x00, 0x00, 0x00, 0x00, 0x00, 0x90, 0x88, 0xfc, 0x88, 0x90, 0x00, 0x00,
    0x00, 0x00, 0x00, 0x00, 0x00, 0x14, 0x24, 0x7c, 0x84, 0x7c, 0x24, 0x14,
    0x00, 0x00, 0x00, 0x00, 0x00, 0x00, 0xa0, 0x90, 0xf8, 0x84, 0xf8, 0x90,
    0xa0, 0x00, 0x00, 0x00, 0x00, 0x00, 0x00, 0x00, 0x08, 0x5c, 0xac, 0x08,
    0x00, 0x00, 0x00, 0x00, 0x00, 0x00, 0x00, 0x00, 0x00, 0x00, 0x00, 0x00,
    0x00, 0x00, 0x00, 0x00, 0x00, 0x00, 0xc0, 0xc0, 0x00, 0x00, 0x00, 0x00,
    0x00, 0x00, 0x00, 0x00, 0x00, 0x00, 0x00, 0x00, 0x00, 0x00, 0xc0, 0xc0,
    0x00, 0x00, 0x00, 0x00, 0x00, 0x00, 0x00, 0x00, 0xc0, 0xc0, 0x00, 0xc0,
    0xc0, 0x00, 0x00, 0x00, 0x00, 0x00, 0x00, 0x00, 0x00, 0x00, 0x00, 0x00,
    0x00, 0x00, 0x00, 0xc0, 0xc0, 0x00, 0x00, 0x00, 0x00, 0x00, 0xc0, 0xc0,
    0x00, 0x00, 0x00, 0x00, 0xc0, 0xc0, 0x00, 0x00, 0x00, 0x00, 0x00, 0x00,
    0x00, 0x00, 0xc0, 0xc0, 0x00, 0xc0, 0xc0, 0x00, 0x00, 0x00, 0x00, 0x00,
    0xc0, 0xc0, 0x00, 0xc0, 0xc0, 0x00, 0xc0, 0xc0, 0x00, 0x00, 0x00, 0x00,
    0x00, 0x18, 0x18, 0x00, 0x00, 0x00, 0x00, 0x00, 0x00, 0x00, 0x00, 0x00,
    0x00, 0x00, 0xd8, 0xd8, 0x00, 0x00, 0x00, 0x00, 0x00, 0x00, 0x00, 0x00,
    0x00, 0x00, 0x00, 0x18, 0x18, 0x00, 0xc0, 0xc0, 0x00, 0x00, 0x00, 0x00,
    0x00, 0x00, 0x00, 0x00, 0xd8, 0xd8, 0x00, 0xc0, 0xc0, 0x00, 0x00, 0x00,
    0x00, 0x00, 0x00, 0x00, 0x00, 0x18, 0x18, 0x00, 0x00, 0x00, 0x00, 0xc0,
    0xc0, 0x00, 0x00, 0x00, 0x00, 0x00, 0xd8, 0xd8, 0x00, 0x00, 0x00, 0x00,
    0xc0, 0xc0, 0x00, 0x00, 0x00, 0x00, 0x00, 0x18, 0x18, 0x00, 0xc0, 0xc0,
    0x00, 0xc0, 0xc0, 0x00, 0x00, 0x00, 0x00, 0x00, 0xd8, 0xd8, 0x00, 0xc0,
    0xc0, 0x00, 0xc0, 0xc0, 0x00, 0x00, 0x00, 0x00, 0x00, 0x00, 0x00, 0x00,
    0x18, 0x18, 0x00, 0x00, 0x00, 0x00, 0x00, 0x00, 0x00, 0x00, 0xc0, 0xc0,
    0x00, 0x18, 0x18, 0x00, 0x00, 0x00, 0x00, 0x00, 0x00, 0x00, 0x00, 0x00,
    0x00, 0x00, 0xd8, 0xd8, 0x00, 0x00, 0x00, 0x00, 0x00, 0x00, 0x00, 0x00,
    0xc0, 0xc0, 0x00, 0xd8, 0xd8, 0x00, 0x00, 0x00, 0x00, 0x00, 0x00, 0x00,
    0x00, 0x00, 0x00, 0x00, 0x18, 0x18, 0x00, 0xc0, 0xc0, 0x00, 0x00, 0x00,
    0x00, 0x00, 0xc0, 0xc0, 0x00, 0x18, 0x18, 0x00, 0xc0, 0xc0, 0x00, 0x00,
    0x00, 0x00, 0x00, 0x00, 0x00, 0x00, 0xd8, 0xd8, 0x00, 0xc0, 0xc0, 0x00,
    0x00, 0x00, 0x00, 0x00, 0xc0, 0xc0, 0x00, 0xd8, 0xd8, 0x00, 0xc0, 0xc0,
    0x00, 0x00, 0x00, 0x00, 0x00, 0x18, 0x18, 0x00, 0x18, 0x18, 0x00, 0x00,
    0x00, 0x00, 0x00, 0x00, 0x00, 0x00, 0xd8, 0xd8, 0x00, 0x18, 0x18, 0x00,
    0x00, 0x00, 0x00, 0x00, 0x00, 0x00, 0x00, 0x18, 0x18, 0x00, 0xd8, 0xd8,
    0x00, 0x00, 0x00, 0x00, 0x00, 0x00, 0x00, 0x00, 0xd8, 0xd8, 0x00, 0xd8,
    0xd8, 0x00, 0x00, 0x00, 0x00, 0x00, 0x00, 0x00, 0x00, 0x18, 0x18, 0x00,
    0x18, 0x18, 0x00, 0xc0, 0xc0, 0x00, 0x00, 0x00, 0x00, 0x00, 0xd8, 0xd8,
    0x00, 0x18, 0x18, 0x00, 0xc0, 0xc0, 0x00, 0x00, 0x00, 0x00, 0x00, 0x18,
    0x18, 0x00, 0xd8, 0xd8, 0x00, 0xc0, 0xc0, 0x00, 0x00, 0x00, 0x00, 0x00,
    0xd8, 0xd8, 0x00, 0xd8, 0xd8, 0x00, 0xc0, 0xc0, 0x00, 0x00, 0x00, 0x00,
    0x00, 0x00, 0x00, 0x00, 0x00, 0x00, 0x00, 0x18, 0x18, 0x00, 0x00, 0x00,
    0x00, 0x00, 0xc0, 0xc0, 0x00, 0x00, 0x00, 0x00, 0x18, 0x18, 0x00, 0x00,
    0x00, 0x00, 0x00, 0x00, 0x00, 0x00, 0xc0, 0xc0, 0x00, 0x18, 0x18, 0x00,
    0x00, 0x00, 0x00, 0x00, 0xc0, 0xc0, 0x00, 0xc0, 0xc0, 0x00, 0x18, 0x18,
    0x00, 0x00, 0x00, 0x00, 0x00, 0x00, 0x00, 0x00, 0x00, 0x00, 0x00, 0xd8,
    0xd8, 0x00, 0x00, 0x00, 0x00, 0x00, 0xc0, 0xc0, 0x00, 0x00, 0x00, 0x00,
    0xd8, 0xd8, 0x00, 0x00, 0x00, 0x00, 0x00, 0x00, 0x00, 0x00, 0xc0, 0xc0,
    0x00, 0xd8, 0xd8, 0x00, 0x00, 0x00, 0x00, 0x00, 0xc0, 0xc0, 0x00, 0xc0,
    0xc0, 0x00, 0xd8, 0xd8, 0x00, 0x00, 0x00, 0x00, 0x00, 0x18, 0x18, 0x00,
    0x00, 0x00, 0x00, 0x18, 0x18, 0x00, 0x00, 0x00, 0x00, 0x00, 0xd8, 0xd8,
    0x00, 0x00, 0x00, 0x00, 0x18, 0x18, 0x00, 0x00, 0x00, 0x00, 0x00, 0x18,
    0x18, 0x00, 0xc0, 0xc0, 0x00, 0x18, 0x18, 0x00, 0x00, 0x00, 0x00, 0x00,
    0xd8, 0xd8, 0x00, 0xc0, 0xc0, 0x00, 0x18, 0x18, 0x00, 0x00, 0x00, 0x00,
    0x00, 0x18, 0x18, 0x00, 0x00, 0x00, 0x00, 0xd8, 0xd8, 0x00, 0x00, 0x00,
    0x00, 0x00, 0xd8, 0xd8, 0x00, 0x00, 0x00, 0x00, 0xd8, 0xd8, 0x00, 0x00,
    0x00, 0x00, 0x00, 0x18, 0x18, 0x00, 0xc0, 0xc0, 0x00, 0xd8, 0xd8, 0x00,
    0x00, 0x00, 0x00, 0x00, 0xd8, 0xd8, 0x00, 0xc0, 0xc0, 0x00, 0xd8, 0xd8,
    0x00, 0x00, 0x00, 0x00, 0x00, 0x00, 0x00, 0x00, 0x18, 0x18, 0x00, 0x18,
    0x18, 0x00, 0x00, 0x00, 0x00, 0x00, 0xc0, 0xc0, 0x00, 0x18, 0x18, 0x00,
    0x18, 0x18, 0x00, 0x00, 0x00, 0x00, 0x00, 0x00, 0x00, 0x00, 0xd8, 0xd8,
    0x00, 0x18, 0x18, 0x00, 0x00, 0x00, 0x00, 0x00, 0xc0, 0xc0, 0x00, 0xd8,
    0xd8, 0x00, 0x18, 0x18, 0x00, 0x00, 0x00, 0x00, 0x00, 0x00, 0x00, 0x00,
    0x18, 0x18, 0x00, 0xd8, 0xd8, 0x00, 0x00, 0x00, 0x00, 0x00, 0xc0, 0xc0,
    0x00, 0x18, 0x18, 0x00, 0xd8, 0xd8, 0x00, 0x00, 0x00, 0x00, 0x00, 0x00,
    0x00, 0x00, 0xd8, 0xd8, 0x00, 0xd8, 0xd8, 0x00, 0x00, 0x00, 0x00, 0x00,
    0xc0, 0xc0, 0x00, 0xd8, 0xd8, 0x00, 0xd8, 0xd8, 0x00, 0x00, 0x00, 0x00,
    0x00, 0x18, 0x18, 0x00, 0x18, 0x18, 0x00, 0x18, 0x18, 0x00, 0x00, 0x00,
    0x00, 0x00, 0xd8, 0xd8, 0x00, 0x18, 0x18, 0x00, 0x18, 0x18, 0x00, 0x00,
    0x00, 0x00, 0x00, 0x18, 0x18, 0x00, 0xd8, 0xd8, 0x00, 0x18, 0x18, 0x00,
    0x00, 0x00, 0x00, 0x00, 0xd8, 0xd8, 0x00, 0xd8, 0xd8, 0x00, 0x18, 0x18,
    0x00, 0x00, 0x00, 0x00, 0x00, 0x18, 0x18, 0x00, 0x18, 0x18, 0x00, 0xd8,
    0xd8, 0x00, 0x00, 0x00, 0x00, 0x00, 0xd8, 0xd8, 0x00, 0x18, 0x18, 0x00,
    0xd8, 0xd8, 0x00, 0x00, 0x00, 0x00, 0x00, 0x18, 0x18, 0x00, 0xd8, 0xd8,
    0x00, 0xd8, 0xd8, 0x00, 0x00, 0x00, 0x00, 0x00, 0xd8, 0xd8, 0x00, 0xd8,
    0xd8, 0x00, 0xd8, 0xd8, 0x00, 0x00, 0x00, 0x00, 0x00, 0x00, 0x00, 0x00,
    0x00, 0x00, 0x00, 0x00, 0x00, 0x00, 0xc0, 0xc0, 0x00, 0x00, 0xc0, 0xc0,
    0x00, 0x00, 0x00, 0x00, 0x00, 0x00, 0x00, 0xc0, 0xc0, 0x00, 0x00, 0x00,
    0x00, 0x00, 0xc0, 0xc0, 0x00, 0x00, 0x00, 0x00, 0xc0, 0xc0, 0x00, 0x00,
    0xc0, 0xc0, 0x00, 0xc0, 0xc0, 0x00, 0x00, 0x00, 0x00, 0xc0, 0xc0, 0x00,
    0x00, 0x00, 0x00, 0x00, 0x00, 0x00, 0x00, 0xc0, 0xc0, 0x00, 0xc0, 0xc0,
    0x00, 0x00, 0xc0, 0xc0, 0x00, 0x00, 0x00, 0x00, 0xc0, 0xc0, 0x00, 0xc0,
    0xc0, 0x00, 0x00, 0x00, 0x00, 0x00, 0xc0, 0xc0, 0x00, 0xc0, 0xc0, 0x00,
    0xc0, 0xc0, 0x00, 0x00, 0xc0, 0xc0, 0x00, 0xc0, 0xc0, 0x00, 0xc0, 0xc0,
    0x00, 0xc0, 0xc0, 0x00, 0x00, 0x18, 0x18, 0x00, 0x00, 0x00, 0x00, 0x00,
    0x00, 0x00, 0xc0, 0xc0, 0x00, 0x00, 0xd8, 0xd8, 0x00, 0x00, 0x00, 0x00,
    0x00, 0x00, 0x00, 0xc0, 0xc0, 0x00, 0x00, 0x18, 0x18, 0x00, 0xc0, 0xc0,
    0x00, 0x00, 0x00, 0x00, 0xc0, 0xc0, 0x00, 0x00, 0xd8, 0xd8, 0x00, 0xc0,
    0xc0, 0x00, 0x00, 0x00, 0x00, 0xc0, 0xc0, 0x00, 0x00, 0x18, 0x18, 0x00,
    0x00, 0x00, 0x00, 0xc0, 0xc0, 0x00, 0xc0, 0xc0, 0x00, 0x00, 0xd8, 0xd8,
    0x00, 0x00, 0x00, 0x00, 0xc0, 0xc0, 0x00, 0xc0, 0xc0, 0x00, 0x00, 0x18,
    0x18, 0x00, 0xc0, 0xc0, 0x00, 0xc0, 0xc0, 0x00, 0xc0, 0xc0, 0x00, 0x00,
    0xd8, 0xd8, 0x00, 0xc0, 0xc0, 0x00, 0xc0, 0xc0, 0x00, 0xc0, 0xc0, 0x00,
    0x00, 0x00, 0x00, 0x00, 0x18, 0x18, 0x00, 0x00, 0x00, 0x00, 0xc0, 0xc0,
    0x00, 0x00, 0xc0, 0xc0, 0x00, 0x18, 0x18, 0x00, 0x00, 0x00, 0x00, 0xc0,
    0xc0, 0x00, 0x00, 0x00, 0x00, 0x00, 0xd8, 0xd8, 0x00, 0x00, 0x00, 0x00,
    0xc0, 0xc0, 0x00, 0x00, 0xc0, 0xc0, 0x00, 0xd8, 0xd8, 0x00, 0x00, 0x00,
    0x00, 0xc0, 0xc0, 0x00, 0x00, 0x00, 0x00, 0x00, 0x18, 0x18, 0x00, 0xc0,
    0xc0, 0x00, 0xc0, 0xc0, 0x00, 0x00, 0xc0, 0xc0, 0x00, 0x18, 0x18, 0x00,
    0xc0, 0xc0, 0x00, 0xc0, 0xc0, 0x00, 0x00, 0x00, 0x00, 0x00, 0xd8, 0xd8,
    0x00, 0xc0, 0xc0, 0x00, 0xc0, 0xc0, 0x00, 0x00, 0xc0, 0xc0, 0x00, 0xd8,
    0xd8, 0x00, 0xc0, 0xc0, 0x00, 0xc0, 0xc0, 0x00, 0x00, 0x18, 0x18, 0x00,
    0x18, 0x18, 0x00, 0x00, 0x00, 0x00, 0xc0, 0xc0, 0x00, 0x00, 0xd8, 0xd8,
    0x00, 0x18, 0x18, 0x00, 0x00, 0x00, 0x00, 0xc0, 0xc0, 0x00, 0x00, 0x18,
    0x18, 0x00, 0xd8, 0xd8, 0x00, 0x00, 0x00, 0x00, 0xc0, 0xc0, 0x00, 0x00,
    0xd8, 0xd8, 0x00, 0xd8, 0xd8, 0x00, 0x00, 0x00, 0x00, 0xc0, 0xc0, 0x00,
    0x00, 0x18, 0x18, 0x00, 0x18, 0x18, 0x00, 0xc0, 0xc0, 0x00, 0xc0, 0xc0,
    0x00, 0x00, 0xd8, 0xd8, 0x00, 0x18, 0x18, 0x00, 0xc0, 0xc0, 0x00, 0xc0,
    0xc0, 0x00, 0x00, 0x18, 0x18, 0x00, 0xd8, 0xd8, 0x00, 0xc0, 0xc0, 0x00,
    0xc0, 0xc0, 0x00, 0x00, 0xd8, 0xd8, 0x00, 0xd8, 0xd8, 0x00, 0xc0, 0xc0,
    0x00, 0xc0, 0xc0, 0x00, 0x00, 0x00, 0x00, 0x00, 0x00, 0x00, 0x00, 0x18,
    0x18, 0x00, 0xc0, 0xc0, 0x00, 0x00, 0xc0, 0xc0, 0x00, 0x00, 0x00, 0x00,
    0x18, 0x18, 0x00, 0xc0, 0xc0, 0x00, 0x00, 0x00, 0x00, 0x00, 0xc0, 0xc0,
    0x00, 0x18, 0x18, 0x00, 0xc0, 0xc0, 0x00, 0x00, 0xc0, 0xc0, 0x00, 0xc0,
    0xc0, 0x00, 0x18, 0x18, 0x00, 0xc0, 0xc0, 0x00, 0x00, 0x00, 0x00, 0x00,
    0x00, 0x00, 0x00, 0xd8, 0xd8, 0x00, 0xc0, 0xc0, 0x00, 0x00, 0xc0, 0xc0,
    0x00, 0x00, 0x00, 0x00, 0xd8, 0xd8, 0x00, 0xc0, 0xc0, 0x00, 0x00, 0x00,
    0x00, 0x00, 0xc0, 0xc0, 0x00, 0xd8, 0xd8, 0x00, 0xc0, 0xc0, 0x00, 0x00,
    0xc0, 0xc0, 0x00, 0xc0, 0xc0, 0x00, 0xd8, 0xd8, 0x00, 0xc0, 0xc0, 0x00,
    0x00, 0x18, 0x18, 0x00, 0x00, 0x00, 0x00, 0x18, 0x18, 0x00, 0xc0, 0xc0,
    0x00, 0x00, 0xd8, 0xd8, 0x00, 0x00, 0x00, 0x00, 0x18, 0x18, 0x00, 0xc0,
    0xc0, 0x00, 0x00, 0x18, 0x18, 0x00, 0xc0, 0xc0, 0x00, 0x18, 0x18, 0x00,
    0xc0, 0xc0, 0x00, 0x00, 0xd8, 0xd8, 0x00, 0xc0, 0xc0, 0x00, 0x18, 0x18,
    0x00, 0xc0, 0xc0, 0x00, 0x00, 0x18, 0x18, 0x00, 0x00, 0x00, 0x00, 0xd8,
    0xd8, 0x00, 0xc0, 0xc0, 0x00, 0x00, 0xd8, 0xd8, 0x00, 0x00, 0x00, 0x00,
    0xd8, 0xd8, 0x00, 0xc0, 0xc0, 0x00, 0x00, 0x18, 0x18, 0x00, 0xc0, 0xc0,
    0x00, 0xd8, 0xd8, 0x00, 0xc0, 0xc0, 0x00, 0x00, 0xd8, 0xd8, 0x00, 0xc0,
    0xc0, 0x00, 0xd8, 0xd8, 0x00, 0xc0, 0xc0, 0x00, 0x00, 0x00, 0x00, 0x00,
    0x18, 0x18, 0x00, 0x18, 0x18, 0x00, 0xc0, 0xc0, 0x00, 0x00, 0xc0, 0xc0,
    0x00, 0x18, 0x18, 0x00, 0x18, 0x18, 0x00, 0xc0, 0xc0, 0x00, 0x00, 0x00,
    0x00, 0x00, 0xd8, 0xd8, 0x00, 0x18, 0x18, 0x00, 0xc0, 0xc0, 0x00, 0x00,
    0xc0, 0xc0, 0x00, 0xd8, 0xd8, 0x00, 0x18, 0x18, 0x00, 0xc0, 0xc0, 0x00,
    0x00, 0x00, 0x00, 0x00, 0x18, 0x18, 0x00, 0xd8, 0xd8, 0x00, 0xc0, 0xc0,
    0x00, 0x00, 0xc0, 0xc0, 0x00, 0x18, 0x18, 0x00, 0xd8, 0xd8, 0x00, 0xc0,
    0xc0, 0x00, 0x00, 0x00, 0x00, 0x00, 0xd8, 0xd8, 0x00, 0xd8, 0xd8, 0x00,
    0xc0, 0xc0, 0x00, 0x00, 0xc0, 0xc0, 0x00, 0xd8, 0xd8, 0x00, 0xd8, 0xd8,
    0x00, 0xc0, 0xc0, 0x00, 0x00, 0x18, 0x18, 0x00, 0x18, 0x18, 0x00, 0x18,
    0x18, 0x00, 0xc0, 0xc0, 0x00, 0x00, 0xd8, 0xd8, 0x00, 0x18, 0x18, 0x00,
    0x18, 0x18, 0x00, 0xc0, 0xc0, 0x00, 0x00, 0x18, 0x18, 0x00, 0xd8, 0xd8,
    0x00, 0x18, 0x18, 0x00, 0xc0, 0xc0, 0x00, 0x00, 0xd8, 0xd8, 0x00, 0xd8,
    0xd8, 0x00, 0x18, 0x18, 0x00, 0xc0, 0xc0, 0x00, 0x00, 0x18, 0x18, 0x00,
    0x18, 0x18, 0x00, 0xd8, 0xd8, 0x00, 0xc0, 0xc0, 0x00, 0x00, 0xd8, 0xd8,
    0x00, 0x18, 0x18, 0x00, 0xd8, 0xd8, 0x00, 0xc0, 0xc0, 0x00, 0x00, 0x18,
    0x18, 0x00, 0xd8, 0xd8, 0x00, 0xd8, 0xd8, 0x00, 0xc0, 0xc0, 0x00, 0x00,
    0xd8, 0xd8, 0x00, 0xd8, 0xd8, 0x00, 0xd8, 0xd8, 0x00, 0xc0, 0xc0, 0x00,
    0x00, 0x00, 0x00, 0x00, 0x00, 0x00, 0x00, 0x00, 0x00, 0x00, 0x18, 0x18,
    0x00, 0x00, 0xc0, 0xc0, 0x00, 0x00, 0x00, 0x00, 0x00, 0x00, 0x00, 0x18,
    0x18, 0x00, 0x00, 0x00, 0x00, 0x00, 0xc0, 0xc0, 0x00, 0x00, 0x00, 0x00,
    0x18, 0x18, 0x00, 0x00, 0xc0, 0xc0, 0x00, 0xc0, 0xc0, 0x00, 0x00, 0x00,
    0x00, 0x18, 0x18, 0x00, 0x00, 0x00, 0x00, 0x00, 0x00, 0x00, 0x00, 0xc0,
    0xc0, 0x00, 0x18, 0x18, 0x00, 0x00, 0xc0, 0xc0, 0x00, 0x00, 0x00, 0x00,
    0xc0, 0xc0, 0x00, 0x18, 0x18, 0x00, 0x00, 0x00, 0x00, 0x00, 0xc0, 0xc0,
    0x00, 0xc0, 0xc0, 0x00, 0x18, 0x18, 0x00, 0x00, 0xc0, 0xc0, 0x00, 0xc0,
    0xc0, 0x00, 0xc0, 0xc0, 0x00, 0x18, 0x18, 0x00, 0x00, 0x18, 0x18, 0x00,
    0x00, 0x00, 0x00, 0x00, 0x00, 0x00, 0x18, 0x18, 0x00, 0x00, 0xd8, 0xd8,
    0x00, 0x00, 0x00, 0x00, 0x00, 0x00, 0x00, 0x18, 0x18, 0x00, 0x00, 0x18,
    0x18, 0x00, 0xc0, 0xc0, 0x00, 0x00, 0x00, 0x00, 0x18, 0x18, 0x00, 0x00,
    0xd8, 0xd8, 0x00, 0xc0, 0xc0, 0x00, 0x00, 0x00, 0x00, 0x18, 0x18, 0x00,
    0x00, 0x18, 0x18, 0x00, 0x00, 0x00, 0x00, 0xc0, 0xc0, 0x00, 0x18, 0x18,
    0x00, 0x00, 0xd8, 0xd8, 0x00, 0x00, 0x00, 0x00, 0xc0, 0xc0, 0x00, 0x18,
    0x18, 0x00, 0x00, 0x18, 0x18, 0x00, 0xc0, 0xc0, 0x00, 0xc0, 0xc0, 0x00,
    0x18, 0x18, 0x00, 0x00, 0xd8, 0xd8, 0x00, 0xc0, 0xc0, 0x00, 0xc0, 0xc0,
    0x00, 0x18, 0x18, 0x00, 0x00, 0x00, 0x00, 0x00, 0x18, 0x18, 0x00, 0x00,
    0x00, 0x00, 0x18, 0x18, 0x00, 0x00, 0xc0, 0xc0, 0x00, 0x18, 0x18, 0x00,
    0x00, 0x00, 0x00, 0x18, 0x18, 0x00, 0x00, 0x00, 0x00, 0x00, 0xd8, 0xd8,
    0x00, 0x00, 0x00, 0x00, 0x18, 0x18, 0x00, 0x00, 0xc0, 0xc0, 0x00, 0xd8,
    0xd8, 0x00, 0x00, 0x00, 0x00, 0x18, 0x18, 0x00, 0x00, 0x00, 0x00, 0x00,
    0x18, 0x18, 0x00, 0xc0, 0xc0, 0x00, 0x18, 0x18, 0x00, 0x00, 0xc0, 0xc0,
    0x00, 0x18, 0x18, 0x00, 0xc0, 0xc0, 0x00, 0x18, 0x18, 0x00, 0x00, 0x00,
    0x00, 0x00, 0xd8, 0xd8, 0x00, 0xc0, 0xc0, 0x00, 0x18, 0x18, 0x00, 0x00,
    0xc0, 0xc0, 0x00, 0xd8, 0xd8, 0x00, 0xc0, 0xc0, 0x00, 0x18, 0x18, 0x00,
    0x00, 0x18, 0x18, 0x00, 0x18, 0x18, 0x00, 0x00, 0x00, 0x00, 0x18, 0x18,
    0x00, 0x00, 0xd8, 0xd8, 0x00, 0x18, 0x18, 0x00, 0x00, 0x00, 0x00, 0x18,
    0x18, 0x00, 0x00, 0x18, 0x18, 0x00, 0xd8, 0xd8, 0x00, 0x00, 0x00, 0x00,
    0x18, 0x18, 0x00, 0x00, 0xd8, 0xd8, 0x00, 0xd8, 0xd8, 0x00, 0x00, 0x00,
    0x00, 0x18, 0x18, 0x00, 0x00, 0x18, 0x18, 0x00, 0x18, 0x18, 0x00, 0xc0,
    0xc0, 0x00, 0x18, 0x18, 0x00, 0x00, 0xd8, 0xd8, 0x00, 0x18, 0x18, 0x00,
    0xc0, 0xc0, 0x00, 0x18, 0x18, 0x00, 0x00, 0x18, 0x18, 0x00, 0xd8, 0xd8,
    0x00, 0xc0, 0xc0, 0x00, 0x18, 0x18, 0x00, 0x00, 0xd8, 0xd8, 0x00, 0xd8,
    0xd8, 0x00, 0xc0, 0xc0, 0x00, 0x18, 0x18, 0x00, 0x00, 0x00, 0x00, 0x00,
    0x00, 0x00, 0x00, 0x18, 0x18, 0x00, 0x18, 0x18, 0x00, 0x00, 0xc0, 0xc0,
    0x00, 0x00, 0x00, 0x00, 0x18, 0x18, 0x00, 0x18, 0x18, 0x00, 0x00, 0x00,
    0x00, 0x00, 0xc0, 0xc0, 0x00, 0x18, 0x18, 0x00, 0x18, 0x18, 0x00, 0x00,
    0xc0, 0xc0, 0x00, 0xc0, 0xc0, 0x00, 0x18, 0x18, 0x00, 0x18, 0x18, 0x00,
    0x00, 0x00, 0x00, 0x00, 0x00, 0x00, 0x00, 0xd8, 0xd8, 0x00, 0x18, 0x18,
    0x00, 0x00, 0xc0, 0xc0, 0x00, 0x00, 0x00, 0x00, 0xd8, 0xd8, 0x00, 0x18,
    0x18, 0x00, 0x00, 0x00, 0x00, 0x00, 0xc0, 0xc0, 0x00, 0xd8, 0xd8, 0x00,
    0x18, 0x18, 0x00, 0x00, 0xc0, 0xc0, 0x00, 0xc0, 0xc0, 0x00, 0xd8, 0xd8,
    0x00, 0x18, 0x18, 0x00, 0x00, 0x18, 0x18, 0x00, 0x00, 0x00, 0x00, 0x18,
    0x18, 0x00, 0x18, 0x18, 0x00, 0x00, 0xd8, 0xd8, 0x00, 0x00, 0x00, 0x00,
    0x18, 0x18, 0x00, 0x18, 0x18, 0x00, 0x00, 0x18, 0x18, 0x00, 0xc0, 0xc0,
    0x00, 0x18, 0x18, 0x00, 0x18, 0x18, 0x00, 0x00, 0xd8, 0xd8, 0x00, 0xc0,
    0xc0, 0x00, 0x18, 0x18, 0x00, 0x18, 0x18, 0x00, 0x00, 0x18, 0x18, 0x00,
    0x00, 0x00, 0x00, 0xd8, 0xd8, 0x00, 0x18, 0x18, 0x00, 0x00, 0xd8, 0xd8,
    0x00, 0x00, 0x00, 0x00, 0xd8, 0xd8, 0x00, 0x18, 0x18, 0x00, 0x00, 0x18,
    0x18, 0x00, 0xc0, 0xc0, 0x00, 0xd8, 0xd8, 0x00, 0x18, 0x18, 0x00, 0x00,
    0xd8, 0xd8, 0x00, 0xc0, 0xc0, 0x00, 0xd8, 0xd8, 0x00, 0x18, 0x18, 0x00,
    0x00, 0x00, 0x00, 0x00, 0x18, 0x18, 0x00, 0x18, 0x18, 0x00, 0x18, 0x18,
    0x00, 0x00, 0xc0, 0xc0, 0x00, 0x18, 0x18, 0x00, 0x18, 0x18, 0x00, 0x18,
    0x18, 0x00, 0x00, 0x00, 0x00, 0x00, 0xd8, 0xd8, 0x00, 0x18, 0x18, 0x00,
    0x18, 0x18, 0x00, 0x00, 0xc0, 0xc0, 0x00, 0xd8, 0xd8, 0x00, 0x18, 0x18,
    0x00, 0x18, 0x18, 0x00, 0x00, 0x00, 0x00, 0x00, 0x18, 0x18, 0x00, 0xd8,
    0xd8, 0x00, 0x18, 0x18, 0x00, 0x00, 0xc0, 0xc0, 0x00, 0x18, 0x18, 0x00,
    0xd8, 0xd8, 0x00, 0x18, 0x18, 0x00, 0x00, 0x00, 0x00, 0x00, 0xd8, 0xd8,
    0x00, 0xd8, 0xd8, 0x00, 0x18, 0x18, 0x00, 0x00, 0xc0, 0xc0, 0x00, 0xd8,
    0xd8, 0x00, 0xd8, 0xd8, 0x00, 0x18, 0x18, 0x00, 0x00, 0x18, 0x18, 0x00,
    0x18, 0x18, 0x00, 0x18, 0x18, 0x00, 0x18, 0x18, 0x00, 0x00, 0xd8, 0xd8,
    0x00, 0x18, 0x18, 0x00, 0x18, 0x18, 0x00, 0x18, 0x18, 0x00, 0x00, 0x18,
    0x18, 0x00, 0xd8, 0xd8, 0x00, 0x18, 0x18, 0x00, 0x18, 0x18, 0x00, 0x00,
    0xd8, 0xd8, 0x00, 0xd8, 0xd8, 0x00, 0x18, 0x18, 0x00, 0x18, 0x18, 0x00,
    0x00, 0x18, 0x18, 0x00, 0x18, 0x18, 0x00, 0xd8, 0xd8, 0x00, 0x18, 0x18,
    0x00, 0x00, 0xd8, 0xd8, 0x00, 0x18, 0x18, 0x00, 0xd8, 0xd8, 0x00, 0x18,
    0x18, 0x00, 0x00, 0x18, 0x18, 0x00, 0xd8, 0xd8, 0x00, 0xd8, 0xd8, 0x00,
    0x18, 0x18, 0x00, 0x00, 0xd8, 0xd8, 0x00, 0xd8, 0xd8, 0x00, 0xd8, 0xd8,
    0x00, 0x18, 0x18, 0x00, 0x00, 0x00, 0x00, 0x00, 0x00, 0x00, 0x00, 0x00,
    0x00, 0x00, 0xd8, 0xd8, 0x00, 0x00, 0xc0, 0xc0, 0x00, 0x00, 0x00, 0x00,
    0x00, 0x00, 0x00, 0xd8, 0xd8, 0x00, 0x00, 0x00, 0x00, 0x00, 0xc0, 0xc0,
    0x00, 0x00, 0x00, 0x00, 0xd8, 0xd8, 0x00, 0x00, 0xc0, 0xc0, 0x00, 0xc0,
    0xc0, 0x00, 0x00, 0x00, 0x00, 0xd8, 0xd8, 0x00, 0x00, 0x00, 0x00, 0x00,
    0x00, 0x00, 0x00, 0xc0, 0xc0, 0x00, 0xd8, 0xd8, 0x00, 0x00, 0xc0, 0xc0,
    0x00, 0x00, 0x00, 0x00, 0xc0, 0xc0, 0x00, 0xd8, 0xd8, 0x00, 0x00, 0x00,
    0x00, 0x00, 0xc0, 0xc0, 0x00, 0xc0, 0xc0, 0x00, 0xd8, 0xd8, 0x00, 0x00,
    0xc0, 0xc0, 0x00, 0xc0, 0xc0, 0x00, 0xc0, 0xc0, 0x00, 0xd8, 0xd8, 0x00,
    0x00, 0x18, 0x18, 0x00, 0x00, 0x00, 0x00, 0x00, 0x00, 0x00, 0xd8, 0xd8,
    0x00, 0x00, 0xd8, 0xd8, 0x00, 0x00, 0x00, 0x00, 0x00, 0x00, 0x00, 0xd8,
    0xd8, 0x00, 0x00, 0x18, 0x18, 0x00, 0xc0, 0xc0, 0x00, 0x00, 0x00, 0x00,
    0xd8, 0xd8, 0x00, 0x00, 0xd8, 0xd8, 0x00, 0xc0, 0xc0, 0x00, 0x00, 0x00,
    0x00, 0xd8, 0xd8, 0x00, 0x00, 0x18, 0x18, 0x00, 0x00, 0x00, 0x00, 0xc0,
    0xc0, 0x00, 0xd8, 0xd8, 0x00, 0x00, 0xd8, 0xd8, 0x00, 0x00, 0x00, 0x00,
    0xc0, 0xc0, 0x00, 0xd8, 0xd8, 0x00, 0x00, 0x18, 0x18, 0x00, 0xc0, 0xc0,
    0x00, 0xc0, 0xc0, 0x00, 0xd8, 0xd8, 0x00, 0x00, 0xd8, 0xd8, 0x00, 0xc0,
    0xc0, 0x00, 0xc0, 0xc0, 0x00, 0xd8, 0xd8, 0x00, 0x00, 0x00, 0x00, 0x00,
    0x18, 0x18, 0x00, 0x00, 0x00, 0x00, 0xd8, 0xd8, 0x00, 0x00, 0xc0, 0xc0,
    0x00, 0x18, 0x18, 0x00, 0x00, 0x00, 0x00, 0xd8, 0xd8, 0x00, 0x00, 0x00,
    0x00, 0x00, 0xd8, 0xd8, 0x00, 0x00, 0x00, 0x00, 0xd8, 0xd8, 0x00, 0x00,
    0xc0, 0xc0, 0x00, 0xd8, 0xd8, 0x00, 0x00, 0x00, 0x00, 0xd8, 0xd8, 0x00,
    0x00, 0x00, 0x00, 0x00, 0x18, 0x18, 0x00, 0xc0, 0xc0, 0x00, 0xd8, 0xd8,
    0x00, 0x00, 0xc0, 0xc0, 0x00, 0x18, 0x18, 0x00, 0xc0, 0xc0, 0x00, 0xd8,
    0xd8, 0x00, 0x00, 0x00, 0x00, 0x00, 0xd8, 0xd8, 0x00, 0xc0, 0xc0, 0x00,
    0xd8, 0xd8, 0x00, 0x00, 0xc0, 0xc0, 0x00, 0xd8, 0xd8, 0x00, 0xc0, 0xc0,
    0x00, 0xd8, 0xd8, 0x00, 0x00, 0x18, 0x18, 0x00, 0x18, 0x18, 0x00, 0x00,
    0x00, 0x00, 0xd8, 0xd8, 0x00, 0x00, 0xd8, 0xd8, 0x00, 0x18, 0x18, 0x00,
    0x00, 0x00, 0x00, 0xd8, 0xd8, 0x00, 0x00, 0x18, 0x18, 0x00, 0xd8, 0xd8,
    0x00, 0x00, 0x00, 0x00, 0xd8, 0xd8, 0x00, 0x00, 0xd8, 0xd8, 0x00, 0xd8,
    0xd8, 0x00, 0x00, 0x00, 0x00, 0xd8, 0xd8, 0x00, 0x00, 0x18, 0x18, 0x00,
    0x18, 0x18, 0x00, 0xc0, 0xc0, 0x00, 0xd8, 0xd8, 0x00, 0x00, 0xd8, 0xd8,
    0x00, 0x18, 0x18, 0x00, 0xc0, 0xc0, 0x00, 0xd8, 0xd8, 0x00, 0x00, 0x18,
    0x18, 0x00, 0xd8, 0xd8, 0x00, 0xc0, 0xc0, 0x00, 0xd8, 0xd8, 0x00, 0x00,
    0xd8, 0xd8, 0x00, 0xd8, 0xd8, 0x00, 0xc0, 0xc0, 0x00, 0xd8, 0xd8, 0x00,
    0x00, 0x00, 0x00, 0x00, 0x00, 0x00, 0x00, 0x18, 0x18, 0x00, 0xd8, 0xd8,
    0x00, 0x00, 0xc0, 0xc0, 0x00, 0x00, 0x00, 0x00, 0x18, 0x18, 0x00, 0xd8,
    0xd8, 0x00, 0x00, 0x00, 0x00, 0x00, 0xc0, 0xc0, 0x00, 0x18, 0x18, 0x00,
    0xd8, 0xd8, 0x00, 0x00, 0xc0, 0xc0, 0x00, 0xc0, 0xc0, 0x00, 0x18, 0x18,
    0x00, 0xd8, 0xd8, 0x00, 0x00, 0x00, 0x00, 0x00, 0x00, 0x00, 0x00, 0xd8,
    0xd8, 0x00, 0xd8, 0xd8, 0x00, 0x00, 0xc0, 0xc0, 0x00, 0x00, 0x00, 0x00,
    0xd8, 0xd8, 0x00, 0xd8, 0xd8, 0x00, 0x00, 0x00, 0x00, 0x00, 0xc0, 0xc0,
    0x00, 0xd8, 0xd8, 0x00, 0xd8, 0xd8, 0x00, 0x00, 0xc0, 0xc0, 0x00, 0xc0,
    0xc0, 0x00, 0xd8, 0xd8, 0x00, 0xd8, 0xd8, 0x00, 0x00, 0x18, 0x18, 0x00,
    0x00, 0x00, 0x00, 0x18, 0x18, 0x00, 0xd8, 0xd8, 0x00, 0x00, 0xd8, 0xd8,
    0x00, 0x00, 0x00, 0x00, 0x18, 0x18, 0x00, 0xd8, 0xd8, 0x00, 0x00, 0x18,
    0x18, 0x00, 0xc0, 0xc0, 0x00, 0x18, 0x18, 0x00, 0xd8, 0xd8, 0x00, 0x00,
    0xd8, 0xd8, 0x00, 0xc0, 0xc0, 0x00, 0x18, 0x18, 0x00, 0xd8, 0xd8, 0x00,
    0x00, 0x18, 0x18, 0x00, 0x00, 0x00, 0x00, 0xd8, 0xd8, 0x00, 0xd8, 0xd8,
    0x00, 0x00, 0xd8, 0xd8, 0x00, 0x00, 0x00, 0x00, 0xd8, 0xd8, 0x00, 0xd8,
    0xd8, 0x00, 0x00, 0x18, 0x18, 0x00, 0xc0, 0xc0, 0x00, 0xd8, 0xd8, 0x00,
    0xd8, 0xd8, 0x00, 0x00, 0xd8, 0xd8, 0x00, 0xc0, 0xc0, 0x00, 0xd8, 0xd8,
    0x00, 0xd8, 0xd8, 0x00, 0x00, 0x00, 0x00, 0x00, 0x18, 0x18, 0x00, 0x18,
    0x18, 0x00, 0xd8, 0xd8, 0x00, 0x00, 0xc0, 0xc0, 0x00, 0x18, 0x18, 0x00,
    0x18, 0x18, 0x00, 0xd8, 0xd8, 0x00, 0x00, 0x00, 0x00, 0x00, 0xd8, 0xd8,
    0x00, 0x18, 0x18, 0x00, 0xd8, 0xd8, 0x00, 0x00, 0xc0, 0xc0, 0x00, 0xd8,
    0xd8, 0x00, 0x18, 0x18, 0x00, 0xd8, 0xd8, 0x00, 0x00, 0x00, 0x00, 0x00,
    0x18, 0x18, 0x00, 0xd8, 0xd8, 0x00, 0xd8, 0xd8, 0x00, 0x00, 0xc0, 0xc0,
    0x00, 0x18, 0x18, 0x00, 0xd8, 0xd8, 0x00, 0xd8, 0xd8, 0x00, 0x00, 0x00,
    0x00, 0x00, 0xd8, 0xd8, 0x00, 0xd8, 0xd8, 0x00, 0xd8, 0xd8, 0x00, 0x00,
    0xc0, 0xc0, 0x00, 0xd8, 0xd8, 0x00, 0xd8, 0xd8, 0x00, 0xd8, 0xd8, 0x00,
    0x00, 0x18, 0x18, 0x00, 0x18, 0x18, 0x00, 0x18, 0x18, 0x00, 0xd8, 0xd8,
    0x00, 0x00, 0xd8, 0xd8, 0x00, 0x18, 0x18, 0x00, 0x18, 0x18, 0x00, 0xd8,
    0xd8, 0x00, 0x00, 0x18, 0x18, 0x00, 0xd8, 0xd8, 0x00, 0x18, 0x18, 0x00,
    0xd8, 0xd8, 0x00, 0x00, 0xd8, 0xd8, 0x00, 0xd8, 0xd8, 0x00, 0x18, 0x18,
    0x00, 0xd8, 0xd8, 0x00, 0x00, 0x18, 0x18, 0x00, 0x18, 0x18, 0x00, 0xd8,
    0xd8, 0x00, 0xd8, 0xd8, 0x00, 0x00, 0xd8, 0xd8, 0x00, 0x18, 0x18, 0x00,
    0xd8, 0xd8, 0x00, 0xd8, 0xd8, 0x00, 0x00, 0x18, 0x18, 0x00, 0xd8, 0xd8,
    0x00, 0xd8, 0xd8, 0x00, 0xd8, 0xd8, 0x00, 0x00, 0xd8, 0xd8, 0x00, 0xd8,
    0xd8, 0x00, 0xd8, 0xd8, 0x00, 0xd8, 0xd8, 0x00, 0x00, 0x00, 0x00, 0x00,
    0x14, 0x24, 0x7c, 0x84, 0x7c, 0x24, 0x14, 0x00, 0x00, 0x00, 0x00, 0x00,
    0x00, 0xa0, 0x90, 0xf8, 0x84, 0xf8, 0x90, 0xa0, 0x00, 0x00, 0x00, 0x38,
    0x50, 0x50, 0x50, 0x50, 0x90, 0x50, 0x50, 0x50, 0x50, 0x38, 0x00, 0x00,
    0xe0, 0x50, 0x50, 0x50, 0x50, 0x48, 0x50, 0x50, 0x50, 0x50, 0xe0, 0x00,
    0x00, 0x08, 0x10, 0x30, 0x30, 0x50, 0x50, 0x50, 0x30, 0x30, 0x10, 0x08,
    0x00, 0x00, 0x40, 0x20, 0x30, 0x30, 0x28, 0x28, 0x28, 0x30, 0x30, 0x20,
    0x40, 0x00, 0x00, 0x10, 0x30, 0x30, 0x50, 0x50, 0x50, 0x50, 0x50, 0x30,
    0x30, 0x10, 0x00, 0x00, 0x40, 0x60, 0x60, 0x50, 0x50, 0x50, 0x50, 0x50,
    0x60, 0x60, 0x40, 0x00, 0x00, 0x08, 0x18, 0x18, 0x28, 0x28, 0x48, 0x28,
    0x28, 0x18, 0x18, 0x08, 0x00, 0x00, 0x40, 0x60, 0x60, 0x50, 0x50, 0x48,
    0x50, 0x50, 0x60, 0x60, 0x40, 0x00, 0x00, 0x70, 0x40, 0x40, 0x40, 0x40,
    0x40, 0x40, 0x40, 0x40, 0x70, 0x00, 0x70, 0x00, 0x70, 0x10, 0x10, 0x10,
    0x10, 0x10, 0x10, 0x10, 0x10, 0x70, 0x00, 0x70, 0x00, 0x70, 0x60, 0x50,
    0x40, 0x40, 0x40, 0x40, 0x40, 0x40, 0x40, 0x70, 0x00, 0x00, 0x70, 0x10,
    0x10, 0x10, 0x10, 0x10, 0x10, 0x10, 0x50, 0x30, 0x70, 0x00, 0x00, 0x70,
    0x40, 0x40, 0x40, 0x40, 0x40, 0x40, 0x40, 0x50, 0x60, 0x70, 0x00, 0x00,
    0x70, 0x30, 0x50, 0x10, 0x10, 0x10, 0x10, 0x10, 0x10, 0x10, 0x70, 0x00,
    0x00, 0x08, 0x10, 0x10, 0x20, 0x20, 0x48, 0x20, 0x20, 0x10, 0x10, 0x08,
    0x00, 0x00, 0x40, 0x20, 0x20, 0x10, 0x10, 0x48, 0x10, 0x10, 0x20, 0x20,
    0x40, 0x00, 0x00, 0x00, 0x10, 0x20, 0x38, 0x60, 0xa0, 0x60, 0x38, 0x20,
    0x10, 0x00, 0x00, 0x00, 0x00, 0x40, 0x20, 0xe0, 0x30, 0x28, 0x30, 0xe0,
    0x20, 0x40, 0x00, 0x00, 0x00, 0x00, 0x28, 0x50, 0xd0, 0x70, 0x58, 0x70,
    0xd0, 0x50, 0x28, 0x00, 0x00, 0x00, 0x00, 0xa0, 0x50, 0x58, 0x70, 0xd0,
    0x70, 0x58, 0x50, 0xa0, 0x00, 0x00, 0x00, 0x10, 0x20, 0x60, 0x60, 0x60,
    0x60, 0x60, 0x60, 0x60, 0x20, 0x10, 0x00, 0x00, 0x40, 0x20, 0x30, 0x30,
    0x30, 0x30, 0x30, 0x30, 0x30, 0x20, 0x40, 0x00, 0x00, 0x08, 0x08, 0x10,
    0x10, 0x20, 0x40, 0x20, 0x10, 0x10, 0x08, 0x08, 0x00, 0x00, 0x40, 0x40,
    0x20, 0x20, 0x10, 0x08, 0x10, 0x20, 0x20, 0x40, 0x40, 0x00, 0x00, 0x70,
    0x88, 0x88, 0x88, 0xa8, 0xa8, 0x88, 0x88, 0x88, 0x88, 0x70, 0x00, 0x00,
    0x70, 0xa8, 0xa8, 0xa8, 0xa8, 0xf8, 0xa8, 0xa8, 0xa8, 0xa8, 0x70, 0x00,
    0x00, 0x70, 0x88, 0xd8, 0xd8, 0xa8, 0xa8, 0xa8, 0xd8, 0xd8, 0x88, 0x70,
    0x00, 0x00, 0x88, 0x88, 0x88, 0x88, 0x88, 0x88, 0x88, 0xa8, 0xa8, 0x88,
    0x70, 0x00, 0x00, 0x88, 0x88, 0x88, 0x88, 0x88, 0xa8, 0xa8, 0xf8, 0xa8,
    0xa8, 0x70, 0x00, 0x00, 0xf8, 0x88, 0x88, 0x88, 0x88, 0x88, 0x88, 0x88,
    0x88, 0x88, 0x88, 0x00, 0x00, 0x88, 0x88, 0x88, 0x88, 0x88, 0x88, 0x88,
    0x88, 0x88, 0x88, 0xf8, 0x00, 0x00, 0x88, 0x88, 0x50, 0x50, 0x20, 0x20,
    0x20, 0x50, 0x50, 0x88, 0x88, 0x00, 0x00, 0x00, 0x00, 0x84, 0xcc, 0xb4,
    0xb4, 0xb4, 0xcc, 0x84, 0x00, 0x00, 0x00, 0x00, 0x00, 0xec, 0x48, 0x48,
    0x48, 0x48, 0x48, 0x48, 0x48, 0xfc, 0x00, 0x00, 0x00, 0x00, 0x20, 0x00,
    0x20, 0x20, 0x60, 0xa0, 0xa0, 0xa8, 0x70, 0x00, 0x00, 0x00, 0x28, 0x50,
    0x50, 0xa0, 0xa0, 0xa0, 0xa0, 0xa0, 0x50, 0x50, 0x28, 0x00, 0x00, 0xa0,
    0x50, 0x50, 0x28, 0x28, 0x28, 0x28, 0x28, 0x50, 0x50, 0xa0, 0x00, 0x00,
    0x00, 0x70, 0x88, 0x88, 0x80, 0x40, 0x20, 0x20, 0x00, 0x20, 0x00, 0x00,
    0x00, 0x00, 0xf8, 0xd8, 0xd8, 0xa8, 0xa8, 0xa8, 0xd8, 0xd8, 0xf8, 0x00,
    0x00, 0x00, 0x00, 0x00, 0x00, 0x00, 0x00, 0xb0, 0xc8, 0x88, 0xa8, 0xb0,
    0x80, 0x80, 0x00, 0x00, 0x00, 0x00, 0x00, 0x00, 0xb0, 0xc8, 0x88, 0x90,
    0xf8, 0x80, 0x80, 0x00, 0x00, 0x00, 0x00, 0x00, 0x00, 0x68, 0x98, 0x88,
    0x98, 0x68, 0x08, 0x08, 0x00, 0x00, 0x00, 0x00, 0x00, 0x00, 0x78, 0x88,
    0x88, 0x88, 0x78, 0x08, 0x08, 0x00, 0x00, 0x00, 0x00, 0x00, 0x00, 0xd0,
    0xa8, 0xa8, 0xa8, 0xd0, 0x80, 0x80, 0x00, 0x00, 0x00, 0x00, 0x00, 0x00,
    0xd0, 0xa8, 0xa8, 0xa8, 0xf8, 0x80, 0x80, 0x00, 0x00, 0x00, 0x00, 0x00,
    0x00, 0x58, 0xa8, 0xa8, 0xa8, 0x58, 0x08, 0x08, 0x00, 0x00, 0x00, 0x00,
    0x00, 0x00, 0xf8, 0xa8, 0xa8, 0xa8, 0xf8, 0x08, 0x08, 0x00, 0x00, 0x00,
    0x00, 0x80, 0x80, 0xb0, 0xc8, 0x88, 0xa8, 0xb0, 0x00, 0x00, 0x00, 0x00,
    0x00, 0x00, 0x80, 0x80, 0xb0, 0xc8, 0x88, 0x90, 0xf8, 0x00, 0x00, 0x00,
    0x00, 0x00, 0x00, 0x08, 0x08, 0x38, 0x48, 0x88, 0x98, 0x68, 0x00, 0x00,
    0x00, 0x00, 0x00, 0x00, 0x08, 0x08, 0x78, 0x88, 0x88, 0x88, 0x78, 0x00,
    0x00, 0x00, 0x00, 0x00, 0x00, 0x80, 0x80, 0xd0, 0xa8, 0xa8, 0xa8, 0xd0,
    0x00, 0x00, 0x00, 0x00, 0x00, 0x00, 0x80, 0x80, 0xd0, 0xa8, 0xa8, 0xa8,
    0xf8, 0x00, 0x00, 0x00, 0x00, 0x00, 0x00, 0x08, 0x08, 0x58, 0xa8, 0xa8,
    0xa8, 0x58, 0x00, 0x00, 0x00, 0x00, 0x00, 0x00, 0x08, 0x08, 0xf8, 0xa8,
    0xa8, 0xa8, 0x58, 0x00, 0x00, 0x00, 0x00, 0x00, 0x00, 0x00, 0x00, 0xd0,
    0xa8, 0xa8, 0xa8, 0xd0, 0x00, 0x00, 0x00, 0x00, 0x00, 0x00, 0x00, 0x00,
    0xd0, 0xa8, 0xa8, 0xa8, 0xf8, 0x00, 0x00, 0x00, 0x00, 0x00, 0x00, 0x00,
    0x00, 0x58, 0xa8, 0xa8, 0xa8, 0x58, 0x00, 0x00, 0x00, 0x00, 0x00, 0x00,
    0x00, 0x00, 0xf8, 0xa8, 0xa8, 0xa8, 0x58, 0x00, 0x00, 0x00, 0x00, 0x00,
    0x00, 0x00, 0x00, 0xb0, 0xc8, 0x88, 0xa8, 0xb0, 0x00, 0x00, 0x00, 0x00,
    0x00, 0x00, 0x00, 0x00, 0xb0, 0xc8, 0x88, 0x90, 0xf8, 0x00, 0x00, 0x00,
    0x00, 0x00, 0x00, 0x00, 0x00, 0x78, 0x88, 0x88, 0x98, 0x68, 0x00, 0x00,
    0x00, 0x00, 0x00, 0x00, 0x00, 0x00, 0xf8, 0x88, 0x88, 0x98, 0x68, 0x08,
    0x00, 0x00, 0x00, 0x00, 0x00, 0x00, 0xe0, 0x50, 0x50, 0x20, 0x20, 0x40,
    0x98, 0x60, 0x00, 0x00, 0x00, 0x00, 0x00, 0xe0, 0x50, 0x50, 0xa0, 0x20,
    0x40, 0x98, 0x60, 0x00, 0x00, 0x00, 0x00, 0x00, 0xf8, 0x40, 0x80, 0x80,
    0x80, 0x48, 0x30, 0x00, 0x00, 0x00, 0x00, 0x00, 0x00, 0xf8, 0x40, 0x80,
    0x60, 0x10, 0x08, 0x88, 0x70, 0x00, 0x00, 0x00, 0x10, 0x20, 0x40, 0x80,
    0x80, 0x98, 0x88, 0x70, 0x00, 0x00, 0x00, 0x00, 0x00, 0x00, 0x00, 0x70,
    0x88, 0xc8, 0x08, 0x08, 0x10, 0x20, 0x40, 0x00, 0x00, 0x00, 0x00, 0x30,
    0x40, 0x80, 0x90, 0x90, 0x60, 0x88, 0x88, 0x70, 0x00, 0x00, 0x00, 0x00,
    0x70, 0x88, 0x88, 0x30, 0x48, 0x48, 0x08, 0x10, 0x60, 0x00, 0x00, 0x00,
    0x00, 0x40, 0x40, 0x20, 0x50, 0x50, 0x88, 0x88, 0x00, 0x00, 0x00, 0x00,
    0x00, 0x00, 0x10, 0x10, 0x70, 0xb0, 0x90, 0x90, 0x78, 0x00, 0x00, 0x00,
    0x00, 0x00, 0x00, 0x00, 0x00, 0x00, 0x40, 0x20, 0x50, 0x88, 0x00, 0x00,
    0x00, 0x00, 0x00, 0x00, 0x00, 0x00, 0x70, 0x88, 0x88, 0x88, 0x70, 0x00,
    0x00, 0x00, 0x00, 0x00, 0x00, 0x20, 0x20, 0x20, 0x20, 0x20, 0x20, 0x20,
    0x00, 0x00, 0x00, 0x00, 0x00, 0x00, 0x00, 0x00, 0x20, 0x20, 0x20, 0x20,
    0x20, 0x00, 0x00, 0x00, 0x00, 0x00, 0x00, 0x00, 0x00, 0x20, 0x20, 0x20,
    0x20, 0x20, 0x20, 0x20, 0x00, 0x00, 0x00, 0x00, 0x00, 0x00, 0x78, 0x90,
    0x90, 0xb0, 0x48, 0x00, 0x00, 0x00, 0x00, 0x00, 0x00, 0x80, 0x80, 0xf0,
    0x88, 0x88, 0xa8, 0xb0, 0x80, 0x80, 0x00, 0x00, 0x00, 0x00, 0x80, 0x80,
    0xf0, 0x88, 0x88, 0x90, 0xf8, 0x80, 0x80, 0x00, 0x00, 0x00, 0x00, 0x08,
    0x08, 0x78, 0x88, 0x88, 0x98, 0x68, 0x08, 0x08, 0x00, 0x00, 0x00, 0x00,
    0x08, 0x08, 0xf8, 0x88, 0x88, 0x88, 0x78, 0x08, 0x08, 0x00, 0x00, 0x00,
    0x00, 0x00, 0x00, 0x70, 0x08, 0x08, 0x48, 0x30, 0x00, 0x00, 0x00, 0x00,
    0x00, 0x00, 0x00, 0x00, 0x70, 0x08, 0x08, 0x10, 0x70, 0x00, 0x00, 0x00,
    0x00, 0x00, 0x00, 0x00, 0x00, 0x38, 0x40, 0x40, 0x48, 0x30, 0x00, 0x00,
    0x00, 0x00, 0x00, 0x00, 0x00, 0x00, 0x78, 0x20, 0x40, 0x48, 0x30, 0x00,
    0x00, 0x00, 0x00, 0x00, 0x00, 0x00, 0x00, 0x00, 0x00, 0x00, 0x00, 0x00,
    0x00, 0x00, 0x00, 0x00, 0x00, 0x00, 0x00, 0x00, 0x00, 0x00, 0x00, 0x00,
    0x00, 0x00, 0x00, 0x00, 0x00, 0x00, 0x00, 0x00, 0x00, 0x00, 0x00, 0x00,
    0x00, 0x00, 0x00, 0x00, 0x00, 0x00, 0x00, 0x00, 0x00, 0x00, 0x00, 0x00,
    0x00, 0x00, 0x00, 0x00, 0x00, 0x00, 0x00, 0x00, 0x00, 0x00, 0x00, 0x00,
    0x00, 0x00, 0x00, 0x00, 0x00, 0x00, 0x00, 0x00, 0x00, 0x00, 0x00, 0x00,
    0x00, 0x00, 0x00, 0x00, 0x00, 0x00, 0x00, 0x00, 0x00, 0x00, 0x00, 0x00,
    0x00, 0x00, 0x00, 0x00, 0x00, 0x00, 0x00, 0x00, 0x00, 0x00, 0x00, 0x00,
    0x00, 0x00, 0x00, 0x00, 0x00, 0x00, 0x00, 0x00, 0x00, 0x00, 0x00, 0x00,
    0x00, 0x00, 0x00, 0x00, 0x00, 0x00, 0x00, 0x00, 0x00, 0x00, 0x00, 0x00,
    0x00, 0x00, 0x00, 0x00, 0x00, 0x00, 0x00, 0x00, 0x00, 0x00, 0x00, 0x00,
    0x00, 0x00, 0x00, 0x00, 0x00, 0x00, 0x00, 0x00, 0x00, 0x00, 0x00, 0x00,
    0x00, 0x00, 0x00, 0x00, 0x00, 0x00, 0x00, 0x00, 0x00, 0x00, 0x00, 0x00,
    0x00, 0x00, 0x00, 0x00, 0x20, 0x50, 0x00, 0x00, 0x00, 0x00, 0x00, 0x00,
    0x00, 0x00, 0x00, 0x00, 0x00, 0x00, 0x00, 0x00, 0x00, 0x00, 0x00, 0x00,
    0x00, 0x50, 0x20, 0x00, 0x00, 0x00, 0x00, 0x50, 0x00, 0x00, 0x00, 0x00,
    0x00, 0x00, 0x00, 0x00, 0x00, 0x00, 0x00, 0x00, 0x00, 0x00, 0x00, 0x00,
    0x00, 0x00, 0x00, 0x50, 0x00, 0x00, 0x00, 0x00, 0x00, 0x20, 0x00, 0x00,
    0x00, 0x00, 0x00, 0x00, 0x00, 0x00, 0x00, 0x00, 0x00, 0x00, 0x00, 0x00,
    0x00, 0x00, 0x00, 0x00, 0x00, 0x20, 0x00, 0x00, 0x10, 0x10, 0x20, 0x20,
    0x00, 0x00, 0x00, 0x00, 0x00, 0x00, 0x00, 0x00, 0x00, 0x00, 0x00, 0x48,
    0x90, 0x00, 0x00, 0x00, 0x00, 0x00, 0x00, 0x00, 0x00, 0x00, 0x20, 0x50,
    0x60, 0x40, 0x00, 0x00, 0x00, 0x00, 0x00, 0x00, 0x00, 0x00, 0x00, 0x70,
    0xa8, 0xb0, 0xa0, 0x00, 0x00, 0x00, 0x00, 0x00, 0x00, 0x00, 0x00, 0x00,
    0x20, 0x50, 0x30, 0x10, 0x00, 0x00, 0x00, 0x00, 0x00, 0x00, 0x00, 0x00,
    0x00, 0x70, 0xa8, 0x68, 0x28, 0x00, 0x00, 0x00, 0x00, 0x00, 0x00, 0x00,
    0x00, 0x00, 0x00, 0x00, 0x78, 0x00, 0x00, 0x00, 0x00, 0x00, 0x00, 0x00,
    0x00, 0x00, 0x00, 0x00, 0x00, 0x00, 0x00, 0x00, 0x00, 0x00, 0x00, 0x00,
    0x00, 0x00, 0x78, 0x00, 0x40, 0x20, 0x10, 0x08, 0x00, 0x00, 0x00, 0x00,
    0x00, 0x00, 0x00, 0x00, 0x00, 0x00, 0x00, 0x50, 0x20, 0x00, 0x00, 0x00,
    0x00, 0x00, 0x00, 0x00, 0x00, 0x00, 0x00, 0x00, 0x00, 0x00, 0x00, 0x00,
    0x00, 0x20, 0x00, 0x00, 0x00, 0x00, 0x00, 0x00, 0x00, 0x00, 0x00, 0x00,
    0x00, 0x20, 0x00, 0x20, 0x00, 0x00, 0x00, 0x00, 0x00, 0x00, 0x00, 0x00,
    0x10, 0x20, 0x20, 0x10, 0x10, 0x20, 0x00, 0x00, 0x00, 0x00, 0xa0, 0xd0,
    0x88, 0xa8, 0xd0, 0x88, 0x88, 0xa8, 0xb0, 0x80, 0x80, 0x00, 0x00, 0x00,
    0x00, 0x00, 0x00, 0x00, 0x40, 0xa8, 0x10, 0x00, 0x00, 0x00, 0x00, 0x00,
    0x00, 0x00, 0x00, 0x00, 0x00, 0x40, 0xf8, 0x10, 0x00, 0x00, 0x00, 0x00,
    0x00, 0x00, 0x00, 0x00, 0x00, 0x00, 0x00, 0x00, 0x00, 0x00, 0x20, 0x20,
    0x00, 0x00, 0x00, 0x00, 0x00, 0x00, 0x00, 0x00, 0x00, 0x00, 0x00, 0x48,
    0x90, 0x00, 0x00, 0x00, 0x00, 0x00, 0x00, 0x00, 0x00, 0x00, 0x40, 0x60,
    0x50, 0x60, 0x00, 0x00, 0x00, 0x00, 0x00, 0x00, 0x00, 0x00, 0x00, 0x00,
    0x00, 0x00, 0x00, 0x00, 0x00, 0x00, 0x00, 0x00, 0x00, 0x00, 0x00, 0x10,
    0x10, 0x30, 0x50, 0x30, 0x00, 0x00, 0x00, 0x00, 0x00, 0x00, 0x00, 0x00,
    0x00, 0x00, 0x00, 0x00, 0x00, 0x00, 0x00, 0x00, 0x00, 0x00, 0x00, 0x00,
    0x00, 0x00, 0x00, 0x10, 0x08, 0x18, 0x00, 0x00, 0x00, 0x00, 0x00, 0x00,
    0x00, 0x00, 0x00, 0x00, 0x20, 0x40, 0x60, 0x00, 0x00, 0x00, 0x00, 0x00,
    0x00, 0x00, 0x00, 0x00, 0x00, 0x00, 0x00, 0x00, 0x00, 0x00, 0x00, 0x00,
    0x00, 0x00, 0x00, 0x00, 0x00, 0x00, 0x00, 0x00, 0x00, 0x00, 0x00, 0x00,
    0x00, 0x00, 0x00, 0x00, 0x00, 0x00, 0x00, 0x00, 0x00, 0x00, 0x00, 0x00,
    0x00, 0x00, 0x00, 0x00, 0x00, 0x00, 0x00, 0x00, 0x00, 0x00, 0x00, 0x00,
    0x00, 0x00, 0x00, 0x00, 0x00, 0xf8, 0x50, 0x50, 0x50, 0x28, 0x00, 0x00,
    0x00, 0x00, 0x00, 0x00, 0x00, 0x00, 0x7c, 0xa8, 0xa8, 0xa8, 0x54, 0x00,
    0x00, 0x00, 0x00, 0x00, 0x00, 0x40, 0x40, 0x40, 0x40, 0x40, 0x40, 0x40,
    0x48, 0x30, 0x00, 0x00, 0x00, 0x00, 0x80, 0x80, 0x80, 0xf0, 0xa0, 0xa0,
    0xb8, 0x90, 0x60, 0x00, 0x00, 0x00, 0x00, 0x80, 0x80, 0xfc, 0xa8, 0xa8,
    0xa8, 0x9c, 0x90, 0x70, 0x00, 0x00, 0x00, 0x00, 0x10, 0x10, 0x10, 0x10,
    0x10, 0x10, 0x10, 0x50, 0x20, 0x00, 0x00, 0x00, 0x00, 0x00, 0x20, 0x20,
    0x20, 0x30, 0x28, 0x38, 0xa0, 0x40, 0x00, 0x00, 0x00, 0x00, 0x40, 0x40,
    0x68, 0x54, 0x54, 0x54, 0x7c, 0x80, 0x00, 0x00, 0x00, 0x00, 0x00, 0xc0,
    0x20, 0x10, 0x08, 0x48, 0x88, 0x70, 0x00, 0x00, 0x00, 0x00, 0x00, 0x00,
    0xc0, 0x20, 0x10, 0x08, 0x48, 0x88, 0x70, 0x08, 0x70, 0x00, 0x00, 0x00,
    0x00, 0x20, 0x00, 0x00, 0x00, 0x00, 0x00, 0x00, 0x00, 0x00, 0x00, 0x00,
    0x00, 0x00, 0x00, 0x00, 0x00, 0x00, 0x00, 0x00, 0x00, 0x00, 0x20, 0x00,
    0x00, 0x00, 0x00, 0x00, 0x00, 0x00, 0x00, 0x00, 0x00, 0x20, 0x50, 0x20,
    0x00, 0x00, 0x28, 0x54, 0x50, 0x50, 0xf8, 0x50, 0x50, 0x50, 0x50, 0x00,
    0x00, 0x00, 0x00, 0x30, 0x48, 0x48, 0x40, 0xf8, 0x48, 0x48, 0x48, 0x48,
    0x00, 0x00, 0x00, 0x00, 0x38, 0x48, 0x48, 0x48, 0xf8, 0x48, 0x48, 0x48,
    0x48, 0x00, 0x00, 0x00, 0x00, 0x50, 0xa8, 0xa0, 0xa8, 0xf8, 0xa8, 0xa8,
    0xa8, 0xa8, 0x00, 0x00, 0x00, 0x00, 0x58, 0xa8, 0xa8, 0xa8, 0xf8, 0xa8,
    0xa8, 0xa8, 0xa8, 0x00, 0x00, 0x00, 0x00, 0x30, 0x50, 0x50, 0x50, 0x58,
    0x50, 0x50, 0x50, 0x48, 0x00, 0x00, 0x00, 0x00, 0x30, 0x50, 0x50, 0xb8,
    0x90, 0x50, 0x30, 0x30, 0xc8, 0x00, 0x00, 0x00, 0x00, 0x58, 0x60, 0x20,
    0xb4, 0xb4, 0xb4, 0xb4, 0xb4, 0x6c, 0x00, 0x00, 0x00, 0x00, 0x10, 0x38,
    0x30, 0xb4, 0xb4, 0xb4, 0xb4, 0xbc, 0x74, 0x00, 0x00, 0x00, 0x00, 0x10,
    0x30, 0x30, 0xb8, 0xb4, 0xb4, 0xb4, 0xb4, 0x74, 0x10, 0x10, 0x00, 0x00,
    0x60, 0x60, 0x70, 0xb4, 0xb4, 0xb4, 0xb4, 0xb4, 0x6c, 0x20, 0x30, 0x00,
    0x00, 0x20, 0x60, 0x60, 0xf4, 0xf4, 0xf4, 0xf4, 0xf4, 0x6c, 0x20, 0x20,
    0x00, 0x00, 0x00, 0x00, 0x00, 0x30, 0x10, 0x10, 0x00, 0x10, 0x00, 0x00,
    0x00, 0x00, 0x88, 0x70, 0x00, 0x00, 0x00, 0x00, 0x00, 0x00, 0x00, 0x00,
    0x00, 0x00, 0x00, 0x00, 0x00, 0x00, 0x00, 0xd8, 0x48, 0x48, 0x00, 0xf8,
    0x00, 0x00, 0x00, 0x00, 0x00, 0x00, 0x00, 0x00, 0x98, 0x48, 0x48, 0x28,
    0x28, 0xf0, 0x00, 0x00, 0x00, 0x00, 0x00, 0x00, 0x00, 0x90, 0x48, 0x68,
    0x90, 0x88, 0xc8, 0x00, 0x00, 0x00, 0x00, 0x00, 0x00, 0x00, 0xf8, 0x10,
    0x10, 0x10, 0x10, 0x10, 0x00, 0x00, 0x00, 0x00, 0x00, 0x00, 0x00, 0xf8,
    0x08, 0x08, 0x88, 0x88, 0x88, 0x00, 0x00, 0x00, 0x00, 0x00, 0x00, 0x00,
    0xf8, 0x08, 0x08, 0x08, 0x08, 0xf0, 0x00, 0x00, 0x00, 0x00, 0x80, 0x80,
    0x80, 0xf8, 0x08, 0x08, 0x08, 0x10, 0x60, 0x00, 0x00, 0x00, 0x00, 0x00,
    0x00, 0x00, 0xf8, 0x48, 0x48, 0x48, 0x48, 0x78, 0x00, 0x00, 0x00, 0x00,
    0x00, 0x00, 0x00, 0xf0, 0x08, 0x08, 0x08, 0x08, 0x08, 0x00, 0x00, 0x00,
    0x00, 0x00, 0x00, 0x00, 0xf8, 0x48, 0x48, 0x48, 0x48, 0xc8, 0x00, 0x00,
    0x00, 0x00, 0x00, 0x00, 0x00, 0x00, 0x00, 0x00, 0x20, 0x20, 0xf8, 0x00,
    0x00, 0x00, 0x00, 0x00, 0x10, 0x00, 0xa8, 0xa8, 0xa8, 0xe8, 0x88, 0xf0,
    0x00, 0x00, 0x00, 0x00, 0x00, 0x80, 0x00, 0xa8, 0xa8, 0xa8, 0xe8, 0x88,
    0xf0, 0x00, 0x00, 0x00, 0x00, 0x00, 0x10, 0x00, 0xa8, 0xa8, 0xb8, 0xe8,
    0x88, 0xf0, 0x00, 0x00, 0x00, 0x00, 0x00, 0x80, 0x00, 0xa8, 0xa8, 0xb8,
    0xe8, 0x88, 0xf0, 0x00, 0x00, 0x00, 0x00, 0x00, 0x00, 0x90, 0x48, 0x68,
    0x90, 0x88, 0xc8, 0x00, 0x70, 0x00, 0x00, 0x00, 0x00, 0x00, 0x90, 0x48,
    0x68, 0x90, 0x88, 0xc8, 0x00, 0x70, 0x20, 0x00, 0x00, 0x00, 0x00, 0x00,
    0x90, 0x48, 0x68, 0x90, 0x88, 0xc8, 0x00, 0x20, 0x00, 0x00, 0x00, 0x00,
    0x00, 0xf0, 0x10, 0x50, 0x10, 0x10, 0xf8, 0x00, 0x00, 0x00, 0x00, 0x00,
    0x00, 0x00, 0x40, 0x20, 0x10, 0x90, 0x28, 0x48, 0x00, 0x00, 0x00, 0x00,
    0x00, 0x00, 0x00, 0xf8, 0x10, 0x10, 0x50, 0x10, 0x10, 0x00, 0x00, 0x00,
    0x00, 0x00, 0x00, 0x00, 0xf8, 0x08, 0x08, 0xa8, 0x88, 0x88, 0x00, 0x00,
    0x00, 0x00, 0x00, 0x00, 0x00, 0x30, 0x10, 0x10, 0x50, 0x10, 0x10, 0x00,
    0x00, 0x00, 0x00, 0x00, 0x00, 0x00, 0xf8, 0x20, 0x20, 0x10, 0x50, 0x10,
    0x00, 0x00, 0x00, 0x00, 0x00, 0x00, 0x00, 0x98, 0x88, 0xa8, 0x88, 0x88,
    0xf8, 0x00, 0x00, 0x00, 0x00, 0x00, 0x00, 0x00, 0x30, 0x10, 0x50, 0x00,
    0x00, 0x00, 0x00, 0x00, 0x00, 0x00, 0x00, 0x00, 0x00, 0xf8, 0x08, 0x08,
    0x28, 0x08, 0x08, 0x08, 0x08, 0x00, 0x00, 0x00, 0x00, 0x00, 0xf8, 0x08,
    0x48, 0x08, 0x08, 0xf0, 0x00, 0x00, 0x00, 0x00, 0x80, 0x80, 0x80, 0xf8,
    0x08, 0x48, 0x08, 0x10, 0x60, 0x00, 0x00, 0x00, 0x00, 0x00, 0x00, 0x00,
    0xb0, 0x48, 0x88, 0xa8, 0x88, 0xb8, 0x00, 0x00, 0x00, 0x00, 0x00, 0x00,
    0x00, 0x18, 0x08, 0x28, 0x08, 0x08, 0x78, 0x00, 0x00, 0x00, 0x00, 0x00,
    0x00, 0x00, 0xf8, 0x88, 0xa8, 0x88, 0x90, 0xe0, 0x00, 0x00, 0x00, 0x00,
    0x00, 0x00, 0x00, 0x78, 0x88, 0x88, 0x28, 0x08, 0x08, 0x08, 0x08, 0x00,
    0x00, 0x00, 0x00, 0x00, 0x78, 0x88, 0xa8, 0x08, 0x08, 0xf0, 0x00, 0x00,
    0x00, 0x00, 0x00, 0x00, 0x00, 0x90, 0x48, 0x28, 0x90, 0x08, 0xf8, 0x00,
    0x00, 0x00, 0x00, 0x00, 0x00, 0x00, 0xf8, 0x08, 0xa8, 0x88, 0x88, 0xb0,
    0x80, 0x80, 0x00, 0x00, 0x00, 0x00, 0x00, 0xf0, 0x08, 0x28, 0x08, 0x08,
    0x08, 0x00, 0x00, 0x00, 0x00, 0x00, 0x00, 0x00, 0xa8, 0xa8, 0xb8, 0xe8,
    0x88, 0xf0, 0x00, 0x00, 0x00, 0x00, 0x00, 0x00, 0x00, 0xf8, 0x48, 0x58,
    0x48, 0x48, 0xc8, 0x00, 0x00, 0x00, 0x00, 0x00, 0x20, 0x00, 0x30, 0x10,
    0x10, 0x10, 0x10, 0x10, 0x00, 0x00, 0x00, 0x00, 0x00, 0x70, 0x00, 0xf0,
    0x10, 0x10, 0x10, 0x10, 0xf8, 0x00, 0x00, 0x00, 0x00, 0x00, 0x70, 0x00,
    0xf8, 0x08, 0x08, 0x08, 0x08, 0xf0, 0x00, 0x00, 0x00, 0x00, 0x00, 0x70,
    0x00, 0x78, 0x88, 0x88, 0x08, 0x08, 0xf0, 0x00, 0x00, 0x00, 0x00, 0x80,
    0x80, 0x80, 0x90, 0x48, 0x68, 0x90, 0x88, 0xc8, 0x00, 0x00, 0x00, 0x3c,
    0xc0, 0x00, 0x00, 0x00, 0x00, 0x00, 0x00, 0x00, 0x00, 0x00, 0x00, 0x00,
    0xe0, 0x18, 0x00, 0x00, 0x00, 0x00, 0x00, 0x00, 0x00, 0x00, 0x00, 0x00,
    0x00, 0x3c, 0x40, 0x00, 0x00, 0x00, 0x00, 0x00, 0x00, 0x00, 0x00, 0x00,
    0x00, 0x00, 0x08, 0xf0, 0x00, 0x00, 0x00, 0x00, 0x00, 0x00, 0x00, 0x00,
    0x00, 0x00, 0x00, 0x00, 0x00, 0x00, 0x00, 0x00, 0x00, 0x00, 0x20, 0x50,
    0x20, 0x00, 0x00, 0x00, 0x00, 0x70, 0x40, 0x40, 0x40, 0x40, 0x00, 0x00,
    0x00, 0x00, 0x00, 0x00, 0x00, 0x00, 0x00, 0x00, 0x00, 0x00, 0x10, 0x10,
    0x10, 0x10, 0x70, 0x00, 0x00, 0x00, 0x00, 0x00, 0x00, 0x00, 0x00, 0x00,
    0x00, 0x00, 0x40, 0x20, 0x00, 0x00, 0x00, 0x00, 0x00, 0x00, 0x00, 0x20,
    0x70, 0x20, 0x00, 0x00, 0x00, 0x00, 0x00, 0x00, 0x00, 0x00, 0xf8, 0x08,
    0xf8, 0x08, 0x08, 0x10, 0x20, 0xc0, 0x00, 0x00, 0x00, 0x00, 0x00, 0x00,
    0x00, 0x00, 0xf0, 0x10, 0x50, 0x40, 0x80, 0x00, 0x00, 0x00, 0x00, 0x00,
    0x00, 0x00, 0x00, 0x10, 0x20, 0x60, 0xa0, 0x20, 0x00, 0x00, 0x00, 0x00,
    0x00, 0x00, 0x00, 0x00, 0x40, 0xe0, 0xa0, 0x20, 0x40, 0x00, 0x00, 0x00,
    0x00, 0x00, 0x00, 0x00, 0x00, 0x70, 0x20, 0x20, 0x20, 0xf8, 0x00, 0x00,
    0x00, 0x00, 0x00, 0x00, 0x00, 0x00, 0x20, 0xf0, 0x20, 0x60, 0xa0, 0x00,
    0x00, 0x00, 0x00, 0x00, 0x00, 0x00, 0x00, 0x40, 0x78, 0xc8, 0x20, 0x20,
    0x00, 0x00, 0x00, 0x00, 0x00, 0x00, 0x00, 0x00, 0x60, 0x20, 0x20, 0x20,
    0xf8, 0x00, 0x00, 0x00, 0x00, 0x00, 0x00, 0x00, 0x00, 0xf0, 0x10, 0x70,
    0x10, 0xf0, 0x00, 0x00, 0x00, 0x00, 0x00, 0x00, 0x00, 0x00, 0xa8, 0xa8,
    0x08, 0x10, 0xe0, 0x00, 0x00, 0x00, 0x00, 0x00, 0x00, 0x00, 0x00, 0xf8,
    0x00, 0x00, 0x00, 0x00, 0x00, 0x00, 0x00, 0x00, 0xf8, 0x08, 0x08, 0x28,
    0x30, 0x20, 0x20, 0x40, 0x80, 0x00, 0x00, 0x00, 0x00, 0x08, 0x10, 0x20,
    0x60, 0xa0, 0x20, 0x20, 0x20, 0x20, 0x00, 0x00, 0x00, 0x20, 0x20, 0xf8,
    0x88, 0x88, 0x08, 0x08, 0x10, 0x20, 0x40, 0x00, 0x00, 0x00, 0x00, 0x00,
    0x70, 0x20, 0x20, 0x20, 0x20, 0x20, 0x20, 0xf8, 0x00, 0x00, 0x00, 0x10,
    0x10, 0xf8, 0x10, 0x10, 0x30, 0x50, 0x90, 0x10, 0x10, 0x00, 0x00, 0x00,
    0x00, 0x20, 0x20, 0xfc, 0x24, 0x24, 0x24, 0x44, 0x44, 0x98, 0x00, 0x00,
    0x00, 0x00, 0x40, 0x40, 0x58, 0xe0, 0x20, 0x38, 0xd0, 0x10, 0x10, 0x00,
    0x00, 0x00, 0x00, 0x40, 0x78, 0x48, 0x88, 0x08, 0x10, 0x10, 0x20, 0x40,
    0x00, 0x00, 0x00, 0x00, 0x40, 0x40, 0x7c, 0x88, 0x08, 0x08, 0x10, 0x10,
    0x20, 0x00, 0x00, 0x00, 0x00, 0x00, 0xf8, 0x08, 0x08, 0x08, 0x08, 0x08,
    0x08, 0xf8, 0x00, 0x00, 0x00, 0x00, 0x48, 0x48, 0xfc, 0x48, 0x48, 0x08,
    0x10, 0x10, 0x20, 0x00, 0x00, 0x00, 0x00, 0x00, 0x80, 0x40, 0x00, 0x88,
    0x48, 0x10, 0x20, 0xc0, 0x00, 0x00, 0x00, 0x00, 0xf8, 0x08, 0x08, 0x08,
    0x10, 0x10, 0x30, 0x48, 0x84, 0x00, 0x00, 0x00, 0x00, 0x40, 0x40, 0x7c,
    0xc4, 0x48, 0x40, 0x40, 0x40, 0x3c, 0x00, 0x00, 0x00, 0x00, 0x00, 0x88,
    0x48, 0x48, 0x10, 0x10, 0x20, 0x20, 0x40, 0x00, 0x00, 0x00, 0x00, 0x40,
    0x78, 0x48, 0x88, 0x28, 0x10, 0x10, 0x20, 0x40, 0x00, 0x00, 0x00, 0x00,
    0x10, 0x20, 0x60, 0x20, 0xf8, 0x20, 0x20, 0x40, 0x80, 0x00, 0x00, 0x00,
    0x00, 0x00, 0xa0, 0xa8, 0xa8, 0x08, 0x08, 0x10, 0x20, 0xc0, 0x00, 0x00,
    0x00, 0x00, 0x78, 0x00, 0x00, 0xfc, 0x10, 0x10, 0x20, 0x20, 0xc0, 0x00,
    0x00, 0x00, 0x00, 0x80, 0x80, 0x80, 0xc0, 0xa0, 0x90, 0x80, 0x80, 0x80,
    0x00, 0x00, 0x00, 0x00, 0x20, 0x20, 0xf8, 0x20, 0x20, 0x20, 0x40, 0x40,
    0x80, 0x00, 0x00, 0x00, 0x00, 0x00, 0x70, 0x00, 0x00, 0x00, 0x00, 0x00,
    0x00, 0xf8, 0x00, 0x00, 0x00, 0x00, 0x00, 0xf8, 0x08, 0x48, 0x30, 0x10,
    0x28, 0x40, 0x80, 0x00, 0x00, 0x00, 0x00, 0x20, 0x20, 0xf8, 0x08, 0x10,
    0x30, 0x68, 0xa4, 0x20, 0x00, 0x00, 0x00, 0x00, 0x00, 0x08, 0x08, 0x08,
    0x10, 0x10, 0x20, 0x40, 0x80, 0x00, 0x00, 0x00, 0x00, 0x00, 0x50, 0x50,
    0x50, 0x48, 0x48, 0x88, 0x88, 0x88, 0x00, 0x00, 0x00, 0x00, 0x80, 0x80,
    0xf8, 0x80, 0x80, 0x80, 0x80, 0x80, 0x78, 0x00, 0x00, 0x00, 0x00, 0xf8,
    0x08, 0x08, 0x08, 0x08, 0x10, 0x10, 0x20, 0xc0, 0x00, 0x00, 0x00, 0x00,
    0x00, 0x20, 0x20, 0x50, 0x50, 0x88, 0x88, 0x04, 0x04, 0x00, 0x00, 0x00,
    0x00, 0x20, 0x20, 0xf8, 0x20, 0x20, 0xa8, 0xa8, 0x20, 0x20, 0x00, 0x00,
    0x00, 0x00, 0xf8, 0x08, 0x08, 0x10, 0x50, 0x60, 0x20, 0x10, 0x10, 0x00,
    0x00, 0x00, 0x00, 0xc0, 0x30, 0x00, 0xc0, 0x30, 0x00, 0x80, 0x60, 0x18,
    0x00, 0x00, 0x00, 0x00, 0x00, 0x10, 0x10, 0x20, 0x20, 0x50, 0x48, 0xb8,
    0xc4, 0x00, 0x00, 0x00, 0x00, 0x08, 0x08, 0x48, 0x28, 0x10, 0x10, 0x28,
    0x40, 0x80, 0x00, 0x00, 0x00, 0x00, 0xf0, 0x40, 0x40, 0xf8, 0x40, 0x40,
    0x40, 0x40, 0x38, 0x00, 0x00, 0x00, 0x00, 0x40, 0x40, 0x5c, 0xe4, 0x24,
    0x28, 0x10, 0x10, 0x10, 0x00, 0x00, 0x00, 0x00, 0x00, 0x78, 0x08, 0x08,
    0x08, 0x10, 0x10, 0x10, 0xfc, 0x00, 0x00, 0x00, 0x00, 0x00, 0xf8, 0x08,
    0x08, 0xf8, 0x08, 0x08, 0x08, 0xf8, 0x00, 0x00, 0x00, 0x00, 0xf8, 0x00,
    0x00, 0xf8, 0x08, 0x08, 0x10, 0x20, 0xc0, 0x00, 0x00, 0x00, 0x00, 0x88,
    0x88, 0x88, 0x88, 0x08, 0x10, 0x10, 0x20, 0x40, 0x00, 0x00, 0x00, 0x00,
    0x00, 0x50, 0x50, 0x50, 0x50, 0x90, 0x90, 0x94, 0x98, 0x00, 0x00, 0x00,
    0x00, 0x80, 0x80, 0x80, 0x80, 0x80, 0x80, 0x88, 0x90, 0xe0, 0x00, 0x00,
    0x00, 0x00, 0x00, 0xf8, 0x88, 0x88, 0x88, 0x88, 0x88, 0x88, 0xf8, 0x00,
    0x00, 0x00, 0x00, 0xf8, 0x88, 0x88, 0x88, 0x10, 0x10, 0x20, 0x20, 0x40,
    0x00, 0x00, 0x00, 0x00, 0x00, 0x00, 0x80, 0x40, 0x00, 0x04, 0x08, 0x30,
    0xc0, 0x00, 0x00, 0x40, 0x20, 0x80, 0x40, 0x00, 0x00, 0x00, 0x00, 0x00,
    0x00, 0x00, 0x00, 0x00, 0x40, 0xa0, 0x40, 0x00, 0x00, 0x00, 0x00, 0x00,
    0x00, 0x00, 0x00, 0x00, 0x00, 0x00, 0x00, 0x00, 0xf8, 0x08, 0x08, 0x08,
    0x08, 0x08, 0x10, 0x00, 0x00, 0x00, 0x00, 0x00, 0x00, 0xf8, 0x28, 0x28,
    0x28, 0x28, 0x28, 0x50, 0x00, 0x00, 0x00, 0x00, 0x00, 0x00, 0xc8, 0x48,
    0x50, 0x50, 0x58, 0x68, 0xa8, 0x00, 0x00, 0x00, 0x00, 0x00, 0x00, 0x80,
    0x80, 0x80, 0x80, 0x80, 0x80, 0xf8, 0x00, 0x00, 0x00, 0x00, 0x00, 0x00,
    0xb8, 0x90, 0x90, 0x90, 0xa8, 0xa8, 0xe8, 0x00, 0x00, 0x00, 0x00, 0x00,
    0x00, 0xb8, 0x80, 0xb8, 0x80, 0xb8, 0xa8, 0xd8, 0x00, 0x00, 0x00, 0x00,
    0x00, 0x00, 0xf8, 0x80, 0x80, 0x80, 0x80, 0x80, 0xf8, 0x00, 0x00, 0x00,
    0x00, 0x00, 0x00, 0xf8, 0xa0, 0xa0, 0xa0, 0xa0, 0xa0, 0xf8, 0x00, 0x00,
    0x00, 0x00, 0x00, 0x00, 0xf8, 0x08, 0x08, 0xf8, 0x80, 0x80, 0xf8, 0x00,
    0x00, 0x00, 0x00, 0x00, 0x00, 0xf8, 0x28, 0x28, 0xe8, 0x88, 0xa8, 0xc8,
    0x00, 0x00, 0x00, 0x00, 0x00, 0x00, 0xdc, 0x54, 0x54, 0xd4, 0x94, 0xb4,
    0xdc, 0x00, 0x00, 0x00, 0x00, 0x00, 0x00, 0xd4, 0x54, 0x54, 0xdc, 0x94,
    0xb4, 0xdc, 0x00, 0x00, 0x00, 0x00, 0x00, 0x00, 0xe4, 0x24, 0x28, 0xe8,
    0x94, 0xb4, 0xd4, 0x00, 0x00, 0x00, 0x00, 0x00, 0x00, 0xd8, 0x50, 0x50,
    0xd8, 0x90, 0xb0, 0xd8, 0x00, 0x00, 0x00, 0x00, 0x00, 0x00, 0xdc, 0x40,
    0x54, 0xd4, 0x94, 0xa8, 0xdc, 0x00, 0x00, 0x00, 0x00, 0x00, 0x00, 0xec,
    0x20, 0x3c, 0xe8, 0x9c, 0xb4, 0xd8, 0x00, 0x00, 0x00, 0x00, 0x00, 0x00,
    0xf8, 0x88, 0x88, 0x88, 0x88, 0x88, 0xf8, 0x00, 0x00, 0x00, 0x00, 0x00,
    0x00, 0x88, 0x88, 0x88, 0xf8, 0x88, 0x88, 0xf8, 0x00, 0x00, 0x00, 0x00,
    0x00, 0x00, 0xa8, 0xa8, 0xa8, 0xf8, 0xa8, 0xa8, 0xf8, 0x00, 0x00, 0x00,
    0x00, 0x00, 0x00, 0xa8, 0xa8, 0xa8, 0xe8, 0xb4, 0xb4, 0xd4, 0x00, 0x00,
    0x00, 0x00, 0x00, 0x00, 0x10, 0x10, 0x20, 0x20, 0x50, 0x50, 0x88, 0x00,
    0x00, 0x00, 0x00, 0x00, 0x00, 0x28, 0x28, 0x50, 0x50, 0x58, 0xa8, 0xa4,
    0x00, 0x00, 0x00, 0x00, 0x00, 0x00, 0x30, 0x48, 0x84, 0x84, 0x84, 0x48,
    0x30, 0x00, 0x00, 0x00, 0x00, 0x00, 0x00, 0xf8, 0x08, 0x10, 0x30, 0x48,
    0x48, 0x84, 0x00, 0x00, 0x00, 0x00, 0x00, 0x00, 0xf8, 0x50, 0x50, 0x50,
    0xa8, 0xa8, 0xa8, 0x00, 0x00, 0x00, 0x00, 0x00, 0x00, 0x70, 0x00, 0xf8,
    0x20, 0x20, 0x50, 0x88, 0x00, 0x00, 0x00, 0x00, 0x00, 0x00, 0xf8, 0x08,
    0x08, 0xf8, 0x08, 0x08, 0x10, 0x00, 0x00, 0x00, 0x00, 0x00, 0x00, 0xf8,
    0x80, 0x80, 0xf8, 0x80, 0x80, 0xf8, 0x00, 0x00, 0x00, 0x00, 0x00, 0x00,
    0xf8, 0x50, 0x50, 0x50, 0x50, 0x50, 0xf8, 0x00, 0x00, 0x00, 0x00, 0x00,
    0x70, 0x00, 0xf8, 0x00, 0x70, 0x88, 0x88, 0x70, 0x00, 0x00, 0x00, 0x00,
    0x00, 0x20, 0x20, 0x20, 0x38, 0x20, 0x20, 0x20, 0x20, 0x00, 0x00, 0x00,
    0x00, 0x00, 0x08, 0x48, 0x48, 0x78, 0x48, 0x48, 0x48, 0x08, 0x00, 0x00,
    0x00, 0x00, 0x00, 0x20, 0x20, 0x38, 0x20, 0x38, 0x20, 0x20, 0x20, 0x00,
    0x00, 0x00, 0x00, 0x00, 0x08, 0x48, 0x78, 0x48, 0x78, 0x48, 0x48, 0x08,
    0x00, 0x00, 0x00, 0x00, 0x00, 0x08, 0x08, 0x08, 0x38, 0x08, 0x08, 0x08,
    0x08, 0x00, 0x00, 0x00, 0x00, 0x00, 0x08, 0x28, 0x28, 0xe8, 0x28, 0x28,
    0x28, 0x08, 0x00, 0x00, 0x00, 0x00, 0x00, 0x08, 0x08, 0x38, 0x08, 0x38,
    0x08, 0x08, 0x08, 0x00, 0x00, 0x00, 0x00, 0x00, 0x08, 0x28, 0xe8, 0x28,
    0xe8, 0x28, 0x28, 0x08, 0x00, 0x00, 0x00, 0x00, 0x00, 0x00, 0x00, 0x00,
    0x20, 0x20, 0x20, 0xf8, 0x00, 0x00, 0x00, 0x00, 0x00, 0x00, 0x08, 0x08,
    0x08, 0x48, 0x4c, 0x58, 0xe8, 0x08, 0x00, 0x00, 0x00, 0x00, 0x00, 0x04,
    0x14, 0x14, 0x5c, 0x54, 0x74, 0xd4, 0x04, 0x00, 0x00, 0x00, 0x00, 0x00,
    0x08, 0x08, 0x48, 0x48, 0x58, 0xe8, 0x08, 0x08, 0x00, 0x00, 0x00, 0x00,
    0x00, 0x00, 0x00, 0x00, 0x50, 0x50, 0x50, 0xf8, 0x00, 0x00, 0x00, 0x00,
    0x00, 0x00, 0x00, 0x00, 0x00, 0x00, 0xf8, 0x20, 0x20, 0x20, 0x00, 0x00,
    0x00, 0x00, 0x00, 0x08, 0x08, 0x08, 0x18, 0xe8, 0x48, 0x78, 0x48, 0x00,
    0x00, 0x00, 0x00, 0x00, 0x04, 0x14, 0x14, 0x14, 0xf4, 0x54, 0x74, 0x54,
    0x00, 0x00, 0x00, 0x00, 0x00, 0x08, 0x08, 0x08, 0x18, 0xe8, 0x48, 0x48,
    0x48, 0x00, 0x00, 0x00, 0x00, 0x00, 0x00, 0x00, 0x00, 0x00, 0xf8, 0x50,
    0x50, 0x50, 0x00, 0x00, 0x00, 0x00, 0x00, 0x00, 0x00, 0x00, 0x00, 0xf8,
    0x00, 0x00, 0x00, 0x00, 0x00, 0x00, 0x00, 0x00, 0x08, 0x08, 0x08, 0x08,
    0x08, 0x18, 0xe8, 0x08, 0x00, 0x00, 0x00, 0x00, 0x00, 0x08, 0x08, 0x08,
    0x08, 0x08, 0x08, 0x08, 0x08, 0x00, 0x00, 0x00, 0x20, 0x20, 0x20, 0x20,
    0x20, 0x20, 0x20, 0x20, 0x20, 0x20, 0x20, 0x20, 0x20, 0x00, 0x00, 0x00,
    0x00, 0x00, 0x20, 0x40, 0xf8, 0x40, 0x20, 0x00, 0x00, 0x00, 0x00, 0x00,
    0x20, 0x70, 0xa8, 0x20, 0x20, 0x20, 0x20, 0x20, 0x20, 0x00, 0x00, 0x00,
    0x00, 0x00, 0x00, 0x00, 0x20, 0x10, 0xf8, 0x10, 0x20, 0x00, 0x00, 0x00,
    0x00, 0x00, 0x20, 0x20, 0x20, 0x20, 0x20, 0x20, 0xa8, 0x70, 0x20, 0x00,
    0x00, 0x00, 0x00, 0x00, 0x00, 0x00, 0xf8, 0xf8, 0xf8, 0xf8, 0xf8, 0x00,
    0x00, 0x00, 0x00, 0x00, 0x00, 0x00, 0x30, 0x48, 0x84, 0x84, 0x48, 0x30,
    0x00, 0x00, 0x00, 0x54, 0xa0, 0xa4, 0xa0, 0x74, 0x28, 0xb4, 0x28, 0xbc,
    0x04, 0x84, 0x14, 0xa8, 0x00, 0x00, 0x70, 0xd8, 0xa8, 0xe8, 0xd8, 0xd8,
    0xf8, 0xd8, 0x70, 0x00, 0x00,
};

static const TinyXDecodedGlyph tinyxEmbeddedFixedFontGlyphs[] = {
    { 0, 6, 6, 11, 2, 0, 0, 1, 6, 13 },
    { 0, 6, 6, 11, 2, 0, 13, 1, 6, 13 },
    { 0, 6, 6, 11, 2, 0, 26, 1, 6, 13 },
    { 0, 6, 6, 11, 2, 0, 39, 1, 6, 13 },
    { 0, 6, 6, 11, 2, 0, 52, 1, 6, 13 },
    { 0, 6, 6, 11, 2, 0, 65, 1, 6, 13 },
    { 0, 6, 6, 11, 2, 0, 78, 1, 6, 13 },
    { 0, 6, 6, 11, 2, 0, 91, 1, 6, 13 },
    { 0, 6, 6, 11, 2, 0, 104, 1, 6, 13 },
    { 0, 6, 6, 11, 2, 0, 117, 1, 6, 13 },
    { 0, 6, 6, 11, 2, 0, 130, 1, 6, 13 },
    { 0, 6, 6, 11, 2, 0, 143, 1, 6, 13 },
    { 0, 6, 6, 11, 2, 0, 156, 1, 6, 13 },
    { 0, 6, 6, 11, 2, 0, 169, 1, 6, 13 },
    { 0, 6, 6, 11, 2, 0, 182, 1, 6, 13 },
    { 0, 6, 6, 11, 2, 0, 195, 1, 6, 13 },
    { 0, 6, 6, 11, 2, 0, 208, 1, 6, 13 },
    { 0, 6, 6, 11, 2, 0, 221, 1, 6, 13 },
    { 0, 6, 6, 11, 2, 0, 234, 1, 6, 13 },
    { 0, 6, 6, 11, 2, 0, 247, 1, 6, 13 },
    { 0, 6, 6, 11, 2, 0, 260, 1, 6, 13 },
    { 0, 6, 6, 11, 2, 0, 273, 1, 6, 13 },
    { 0, 6, 6, 11, 2, 0, 286, 1, 6, 13 },
    { 0, 6, 6, 11, 2, 0, 299, 1, 6, 13 },
    { 0, 6, 6, 11, 2, 0, 312, 1, 6, 13 },
    { 0, 6, 6, 11, 2, 0, 325, 1, 6, 13 },
    { 0, 6, 6, 11, 2, 0, 338, 1, 6, 13 },
    { 0, 6, 6, 11, 2, 0, 351, 1, 6, 13 },
    { 0, 6, 6, 11, 2, 0, 364, 1, 6, 13 },
    { 0, 6, 6, 11, 2, 0, 377, 1, 6, 13 },
    { 0, 6, 6, 11, 2, 0, 390, 1, 6, 13 },
    { 0, 6, 6, 11, 2, 0, 403, 1, 6, 13 },
    { 0, 6, 6, 11, 2, 0, 416, 1, 6, 13 },
    { 0, 6, 6, 11, 2, 0, 429, 1, 6, 13 },
    { 0, 6, 6, 11, 2, 0, 442, 1, 6, 13 },
    { 0, 6, 6, 11, 2, 0, 455, 1, 6, 13 },
    { 0, 6, 6, 11, 2, 0, 468, 1, 6, 13 },
    { 0, 6, 6, 11, 2, 0, 481, 1, 6, 13 },
    { 0, 6, 6, 11, 2, 0, 494, 1, 6, 13 },
    { 0, 6, 6, 11, 2, 0, 507, 1, 6, 13 },
    { 0, 6, 6, 11, 2, 0, 520, 1, 6, 13 },
    { 0, 6, 6, 11, 2, 0, 533, 1, 6, 13 },
    { 0, 6, 6, 11, 2, 0, 546, 1, 6, 13 },
    { 0, 6, 6, 11, 2, 0, 559, 1, 6, 13 },
    { 0, 6, 6, 11, 2, 0, 572, 1, 6, 13 },
    { 0, 6, 6, 11, 2, 0, 585, 1, 6, 13 },
    { 0, 6, 6, 11, 2, 0, 598, 1, 6, 13 },
    { 0, 6, 6, 11, 2, 0, 611, 1, 6, 13 },
    { 0, 6, 6, 11, 2, 0, 624, 1, 6, 13 },
    { 0, 6, 6, 11, 2, 0, 637, 1, 6, 13 },
    { 0, 6, 6, 11, 2, 0, 650, 1, 6, 13 },
    { 0, 6, 6, 11, 2, 0, 663, 1, 6, 13 },
    { 0, 6, 6, 11, 2, 0, 676, 1, 6, 13 },
    { 0, 6, 6, 11, 2, 0, 689, 1, 6, 13 },
    { 0, 6, 6, 11, 2, 0, 702, 1, 6, 13 },
    { 0, 6, 6, 11, 2, 0, 715, 1, 6, 13 },
    { 0, 6, 6, 11, 2, 0, 728, 1, 6, 13 },
    { 0, 6, 6, 11, 2, 0, 741, 1, 6, 13 },
    { 0, 6, 6, 11, 2, 0, 754, 1, 6, 13 },
    { 0, 6, 6, 11, 2, 0, 767, 1, 6, 13 },
    { 0, 6, 6, 11, 2, 0, 780, 1, 6, 13 },
    { 0, 6, 6, 11, 2, 0, 793, 1, 6, 13 },
    { 0, 6, 6, 11, 2, 0, 806, 1, 6, 13 },
    { 0, 6, 6, 11, 2, 0, 819, 1, 6, 13 },
    { 0, 6, 6, 11, 2, 0, 832, 1, 6, 13 },
    { 0, 6, 6, 11, 2, 0, 845, 1, 6, 13 },
    { 0, 6, 6, 11, 2, 0, 858, 1, 6, 13 },
    { 0, 6, 6, 11, 2, 0, 871, 1, 6, 13 },
    { 0, 6, 6, 11, 2, 0, 884, 1, 6, 13 },
    { 0, 6, 6, 11, 2, 0, 897, 1, 6, 13 },
    { 0, 6, 6, 11, 2, 0, 910, 1, 6, 13 },
    { 0, 6, 6, 11, 2, 0, 923, 1, 6, 13 },
    { 0, 6, 6, 11, 2, 0, 936, 1, 6, 13 },
    { 0, 6, 6, 11, 2, 0, 949, 1, 6, 13 },
    { 0, 6, 6, 11, 2, 0, 962, 1, 6, 13 },
    { 0, 6, 6, 11, 2, 0, 975, 1, 6, 13 },
    { 0, 6, 6, 11, 2, 0, 988, 1, 6, 13 },
    { 0, 6, 6, 11, 2, 0, 1001, 1, 6, 13 },
    { 0, 6, 6, 11, 2, 0, 1014, 1, 6, 13 },
    { 0, 6, 6, 11, 2, 0, 1027, 1, 6, 13 },
    { 0, 6, 6, 11, 2, 0, 1040, 1, 6, 13 },
    { 0, 6, 6, 11, 2, 0, 1053, 1, 6, 13 },
    { 0, 6, 6, 11, 2, 0, 1066, 1, 6, 13 },
    { 0, 6, 6, 11, 2, 0, 1079, 1, 6, 13 },
    { 0, 6, 6, 11, 2, 0, 1092, 1, 6, 13 },
    { 0, 6, 6, 11, 2, 0, 1105, 1, 6, 13 },
    { 0, 6, 6, 11, 2, 0, 1118, 1, 6, 13 },
    { 0, 6, 6, 11, 2, 0, 1131, 1, 6, 13 },
    { 0, 6, 6, 11, 2, 0, 1144, 1, 6, 13 },
    { 0, 6, 6, 11, 2, 0, 1157, 1, 6, 13 },
    { 0, 6, 6, 11, 2, 0, 1170, 1, 6, 13 },
    { 0, 6, 6, 11, 2, 0, 1183, 1, 6, 13 },
    { 0, 6, 6, 11, 2, 0, 1196, 1, 6, 13 },
    { 0, 6, 6, 11, 2, 0, 1209, 1, 6, 13 },
    { 0, 6, 6, 11, 2, 0, 1222, 1, 6, 13 },
    { 0, 6, 6, 11, 2, 0, 1235, 1, 6, 13 },
    { 0, 6, 6, 11, 2, 0, 1248, 1, 6, 13 },
    { 0, 6, 6, 11, 2, 0, 1261, 1, 6, 13 },
    { 0, 6, 6, 11, 2, 0, 1274, 1, 6, 13 },
    { 0, 6, 6, 11, 2, 0, 1287, 1, 6, 13 },
    { 0, 6, 6, 11, 2, 0, 1300, 1, 6, 13 },
    { 0, 6, 6, 11, 2, 0, 1313, 1, 6, 13 },
    { 0, 6, 6, 11, 2, 0, 1326, 1, 6, 13 },
    { 0, 6, 6, 11, 2, 0, 1339, 1, 6, 13 },
    { 0, 6, 6, 11, 2, 0, 1352, 1, 6, 13 },
    { 0, 6, 6, 11, 2, 0, 1365, 1, 6, 13 },
    { 0, 6, 6, 11, 2, 0, 1378, 1, 6, 13 },
    { 0, 6, 6, 11, 2, 0, 1391, 1, 6, 13 },
    { 0, 6, 6, 11, 2, 0, 1404, 1, 6, 13 },
    { 0, 6, 6, 11, 2, 0, 1417, 1, 6, 13 },
    { 0, 6, 6, 11, 2, 0, 1430, 1, 6, 13 },
    { 0, 6, 6, 11, 2, 0, 1443, 1, 6, 13 },
    { 0, 6, 6, 11, 2, 0, 1456, 1, 6, 13 },
    { 0, 6, 6, 11, 2, 0, 1469, 1, 6, 13 },
    { 0, 6, 6, 11, 2, 0, 1482, 1, 6, 13 },
    { 0, 6, 6, 11, 2, 0, 1495, 1, 6, 13 },
    { 0, 6, 6, 11, 2, 0, 1508, 1, 6, 13 },
    { 0, 6, 6, 11, 2, 0, 1521, 1, 6, 13 },
    { 0, 6, 6, 11, 2, 0, 1534, 1, 6, 13 },
    { 0, 6, 6, 11, 2, 0, 1547, 1, 6, 13 },
    { 0, 6, 6, 11, 2, 0, 1560, 1, 6, 13 },
    { 0, 6, 6, 11, 2, 0, 1573, 1, 6, 13 },
    { 0, 6, 6, 11, 2, 0, 1586, 1, 6, 13 },
    { 0, 6, 6, 11, 2, 0, 1599, 1, 6, 13 },
    { 0, 6, 6, 11, 2, 0, 1612, 1, 6, 13 },
    { 0, 6, 6, 11, 2, 0, 1625, 1, 6, 13 },
    { 0, 6, 6, 11, 2, 0, 1638, 1, 6, 13 },
    { 0, 6, 6, 11, 2, 0, 1651, 1, 6, 13 },
    { 0, 6, 6, 11, 2, 0, 1664, 1, 6, 13 },
    { 0, 6, 6, 11, 2, 0, 1677, 1, 6, 13 },
    { 0, 6, 6, 11, 2, 0, 1690, 1, 6, 13 },
    { 0, 6, 6, 11, 2, 0, 1703, 1, 6, 13 },
    { 0, 6, 6, 11, 2, 0, 1716, 1, 6, 13 },
    { 0, 6, 6, 11, 2, 0, 1729, 1, 6, 13 },
    { 0, 6, 6, 11, 2, 0, 1742, 1, 6, 13 },
    { 0, 6, 6, 11, 2, 0, 1755, 1, 6, 13 },
    { 0, 6, 6, 11, 2, 0, 1768, 1, 6, 13 },
    { 0, 6, 6, 11, 2, 0, 1781, 1, 6, 13 },
    { 0, 6, 6, 11, 2, 0, 1794, 1, 6, 13 },
    { 0, 6, 6, 11, 2, 0, 1807, 1, 6, 13 },
    { 0, 6, 6, 11, 2, 0, 1820, 1, 6, 13 },
    { 0, 6, 6, 11, 2, 0, 1833, 1, 6, 13 },
    { 0, 6, 6, 11, 2, 0, 1846, 1, 6, 13 },
    { 0, 6, 6, 11, 2, 0, 1859, 1, 6, 13 },
    { 0, 6, 6, 11, 2, 0, 1872, 1, 6, 13 },
    { 0, 6, 6, 11, 2, 0, 1885, 1, 6, 13 },
    { 0, 6, 6, 11, 2, 0, 1898, 1, 6, 13 },
    { 0, 6, 6, 11, 2, 0, 1911, 1, 6, 13 },
    { 0, 6, 6, 11, 2, 0, 1924, 1, 6, 13 },
    { 0, 6, 6, 11, 2, 0, 1937, 1, 6, 13 },
    { 0, 6, 6, 11, 2, 0, 1950, 1, 6, 13 },
    { 0, 6, 6, 11, 2, 0, 1963, 1, 6, 13 },
    { 0, 6, 6, 11, 2, 0, 1976, 1, 6, 13 },
    { 0, 6, 6, 11, 2, 0, 1989, 1, 6, 13 },
    { 0, 6, 6, 11, 2, 0, 2002, 1, 6, 13 },
    { 0, 6, 6, 11, 2, 0, 2015, 1, 6, 13 },
    { 0, 6, 6, 11, 2, 0, 2028, 1, 6, 13 },
    { 0, 6, 6, 11, 2, 0, 2041, 1, 6, 13 },
    { 0, 6, 6, 11, 2, 0, 2054, 1, 6, 13 },
    { 0, 6, 6, 11, 2, 0, 2067, 1, 6, 13 },
    { 0, 6, 6, 11, 2, 0, 2080, 1, 6, 13 },
    { 0, 6, 6, 11, 2, 0, 2093, 1, 6, 13 },
    { 0, 6, 6, 11, 2, 0, 2106, 1, 6, 13 },
    { 0, 6, 6, 11, 2, 0, 2119, 1, 6, 13 },
    { 0, 6, 6, 11, 2, 0, 2132, 1, 6, 13 },
    { 0, 6, 6, 11, 2, 0, 2145, 1, 6, 13 },
    { 0, 6, 6, 11, 2, 0, 2158, 1, 6, 13 },
    { 0, 6, 6, 11, 2, 0, 2171, 1, 6, 13 },
    { 0, 6, 6, 11, 2, 0, 2184, 1, 6, 13 },
    { 0, 6, 6, 11, 2, 0, 2197, 1, 6, 13 },
    { 0, 6, 6, 11, 2, 0, 2210, 1, 6, 13 },
    { 0, 6, 6, 11, 2, 0, 2223, 1, 6, 13 },
    { 0, 6, 6, 11, 2, 0, 2236, 1, 6, 13 },
    { 0, 6, 6, 11, 2, 0, 2249, 1, 6, 13 },
    { 0, 6, 6, 11, 2, 0, 2262, 1, 6, 13 },
    { 0, 6, 6, 11, 2, 0, 2275, 1, 6, 13 },
    { 0, 6, 6, 11, 2, 0, 2288, 1, 6, 13 },
    { 0, 6, 6, 11, 2, 0, 2301, 1, 6, 13 },
    { 0, 6, 6, 11, 2, 0, 2314, 1, 6, 13 },
    { 0, 6, 6, 11, 2, 0, 2327, 1, 6, 13 },
    { 0, 6, 6, 11, 2, 0, 2340, 1, 6, 13 },
    { 0, 6, 6, 11, 2, 0, 2353, 1, 6, 13 },
    { 0, 6, 6, 11, 2, 0, 2366, 1, 6, 13 },
    { 0, 6, 6, 11, 2, 0, 2379, 1, 6, 13 },
    { 0, 6, 6, 11, 2, 0, 2392, 1, 6, 13 },
    { 0, 6, 6, 11, 2, 0, 2405, 1, 6, 13 },
    { 0, 6, 6, 11, 2, 0, 2418, 1, 6, 13 },
    { 0, 6, 6, 11, 2, 0, 2431, 1, 6, 13 },
    { 0, 6, 6, 11, 2, 0, 2444, 1, 6, 13 },
    { 0, 6, 6, 11, 2, 0, 2457, 1, 6, 13 },
    { 0, 6, 6, 11, 2, 0, 2470, 1, 6, 13 },
    { 0, 6, 6, 11, 2, 0, 2483, 1, 6, 13 },
    { 0, 6, 6, 11, 2, 0, 2496, 1, 6, 13 },
    { 0, 6, 6, 11, 2, 0, 2509, 1, 6, 13 },
    { 0, 6, 6, 11, 2, 0, 2522, 1, 6, 13 },
    { 0, 6, 6, 11, 2, 0, 2535, 1, 6, 13 },
    { 0, 6, 6, 11, 2, 0, 2548, 1, 6, 13 },
    { 0, 6, 6, 11, 2, 0, 2561, 1, 6, 13 },
    { 0, 6, 6, 11, 2, 0, 2574, 1, 6, 13 },
    { 0, 6, 6, 11, 2, 0, 2587, 1, 6, 13 },
    { 0, 6, 6, 11, 2, 0, 2600, 1, 6, 13 },
    { 0, 6, 6, 11, 2, 0, 2613, 1, 6, 13 },
    { 0, 6, 6, 11, 2, 0, 2626, 1, 6, 13 },
    { 0, 6, 6, 11, 2, 0, 2639, 1, 6, 13 },
    { 0, 6, 6, 11, 2, 0, 2652, 1, 6, 13 },
    { 0, 6, 6, 11, 2, 0, 2665, 1, 6, 13 },
    { 0, 6, 6, 11, 2, 0, 2678, 1, 6, 13 },
    { 0, 6, 6, 11, 2, 0, 2691, 1, 6, 13 },
    { 0, 6, 6, 11, 2, 0, 2704, 1, 6, 13 },
    { 0, 6, 6, 11, 2, 0, 2717, 1, 6, 13 },
    { 0, 6, 6, 11, 2, 0, 2730, 1, 6, 13 },
    { 0, 6, 6, 11, 2, 0, 2743, 1, 6, 13 },
    { 0, 6, 6, 11, 2, 0, 2756, 1, 6, 13 },
    { 0, 6, 6, 11, 2, 0, 2769, 1, 6, 13 },
    { 0, 6, 6, 11, 2, 0, 2782, 1, 6, 13 },
    { 0, 6, 6, 11, 2, 0, 2795, 1, 6, 13 },
    { 0, 6, 6, 11, 2, 0, 2808, 1, 6, 13 },
    { 0, 6, 6, 11, 2, 0, 2821, 1, 6, 13 },
    { 0, 6, 6, 11, 2, 0, 2834, 1, 6, 13 },
    { 0, 6, 6, 11, 2, 0, 2847, 1, 6, 13 },
    { 0, 6, 6, 11, 2, 0, 2860, 1, 6, 13 },
    { 0, 6, 6, 11, 2, 0, 2873, 1, 6, 13 },
    { 0, 6, 6, 11, 2, 0, 2886, 1, 6, 13 },
    { 0, 6, 6, 11, 2, 0, 2899, 1, 6, 13 },
    { 0, 6, 6, 11, 2, 0, 2912, 1, 6, 13 },
    { 0, 6, 6, 11, 2, 0, 2925, 1, 6, 13 },
    { 0, 6, 6, 11, 2, 0, 2938, 1, 6, 13 },
    { 0, 6, 6, 11, 2, 0, 2951, 1, 6, 13 },
    { 0, 6, 6, 11, 2, 0, 2964, 1, 6, 13 },
    { 0, 6, 6, 11, 2, 0, 2977, 1, 6, 13 },
    { 0, 6, 6, 11, 2, 0, 2990, 1, 6, 13 },
    { 0, 6, 6, 11, 2, 0, 3003, 1, 6, 13 },
    { 0, 6, 6, 11, 2, 0, 3016, 1, 6, 13 },
    { 0, 6, 6, 11, 2, 0, 3029, 1, 6, 13 },
    { 0, 6, 6, 11, 2, 0, 3042, 1, 6, 13 },
    { 0, 6, 6, 11, 2, 0, 3055, 1, 6, 13 },
    { 0, 6, 6, 11, 2, 0, 3068, 1, 6, 13 },
    { 0, 6, 6, 11, 2, 0, 3081, 1, 6, 13 },
    { 0, 6, 6, 11, 2, 0, 3094, 1, 6, 13 },
    { 0, 6, 6, 11, 2, 0, 3107, 1, 6, 13 },
    { 0, 6, 6, 11, 2, 0, 3120, 1, 6, 13 },
    { 0, 6, 6, 11, 2, 0, 3133, 1, 6, 13 },
    { 0, 6, 6, 11, 2, 0, 3146, 1, 6, 13 },
    { 0, 6, 6, 11, 2, 0, 3159, 1, 6, 13 },
    { 0, 6, 6, 11, 2, 0, 3172, 1, 6, 13 },
    { 0, 6, 6, 11, 2, 0, 3185, 1, 6, 13 },
    { 0, 6, 6, 11, 2, 0, 3198, 1, 6, 13 },
    { 0, 6, 6, 11, 2, 0, 3211, 1, 6, 13 },
    { 0, 6, 6, 11, 2, 0, 3224, 1, 6, 13 },
    { 0, 6, 6, 11, 2, 0, 3237, 1, 6, 13 },
    { 0, 6, 6, 11, 2, 0, 3250, 1, 6, 13 },
    { 0, 6, 6, 11, 2, 0, 3263, 1, 6, 13 },
    { 0, 6, 6, 11, 2, 0, 3276, 1, 6, 13 },
    { 0, 6, 6, 11, 2, 0, 3289, 1, 6, 13 },
    { 0, 6, 6, 11, 2, 0, 3302, 1, 6, 13 },
    { 0, 6, 6, 11, 2, 0, 3315, 1, 6, 13 },
    { 0, 6, 6, 11, 2, 0, 3328, 1, 6, 13 },
    { 0, 6, 6, 11, 2, 0, 3341, 1, 6, 13 },
    { 0, 6, 6, 11, 2, 0, 3354, 1, 6, 13 },
    { 0, 6, 6, 11, 2, 0, 3367, 1, 6, 13 },
    { 0, 6, 6, 11, 2, 0, 3380, 1, 6, 13 },
    { 0, 6, 6, 11, 2, 0, 3393, 1, 6, 13 },
    { 0, 6, 6, 11, 2, 0, 3406, 1, 6, 13 },
    { 0, 6, 6, 11, 2, 0, 3419, 1, 6, 13 },
    { 0, 6, 6, 11, 2, 0, 3432, 1, 6, 13 },
    { 0, 6, 6, 11, 2, 0, 3445, 1, 6, 13 },
    { 0, 6, 6, 11, 2, 0, 3458, 1, 6, 13 },
    { 0, 6, 6, 11, 2, 0, 3471, 1, 6, 13 },
    { 0, 6, 6, 11, 2, 0, 3484, 1, 6, 13 },
    { 0, 6, 6, 11, 2, 0, 3497, 1, 6, 13 },
    { 0, 6, 6, 11, 2, 0, 3510, 1, 6, 13 },
    { 0, 6, 6, 11, 2, 0, 3523, 1, 6, 13 },
    { 0, 6, 6, 11, 2, 0, 3536, 1, 6, 13 },
    { 0, 6, 6, 11, 2, 0, 3549, 1, 6, 13 },
    { 0, 6, 6, 11, 2, 0, 3562, 1, 6, 13 },
    { 0, 6, 6, 11, 2, 0, 3575, 1, 6, 13 },
    { 0, 6, 6, 11, 2, 0, 3588, 1, 6, 13 },
    { 0, 6, 6, 11, 2, 0, 3601, 1, 6, 13 },
    { 0, 6, 6, 11, 2, 0, 3614, 1, 6, 13 },
    { 0, 6, 6, 11, 2, 0, 3627, 1, 6, 13 },
    { 0, 6, 6, 11, 2, 0, 3640, 1, 6, 13 },
    { 0, 6, 6, 11, 2, 0, 3653, 1, 6, 13 },
    { 0, 6, 6, 11, 2, 0, 3666, 1, 6, 13 },
    { 0, 6, 6, 11, 2, 0, 3679, 1, 6, 13 },
    { 0, 6, 6, 11, 2, 0, 3692, 1, 6, 13 },
    { 0, 6, 6, 11, 2, 0, 3705, 1, 6, 13 },
    { 0, 6, 6, 11, 2, 0, 3718, 1, 6, 13 },
    { 0, 6, 6, 11, 2, 0, 3731, 1, 6, 13 },
    { 0, 6, 6, 11, 2, 0, 3744, 1, 6, 13 },
    { 0, 6, 6, 11, 2, 0, 3757, 1, 6, 13 },
    { 0, 6, 6, 11, 2, 0, 3770, 1, 6, 13 },
    { 0, 6, 6, 11, 2, 0, 3783, 1, 6, 13 },
    { 0, 6, 6, 11, 2, 0, 3796, 1, 6, 13 },
    { 0, 6, 6, 11, 2, 0, 3809, 1, 6, 13 },
    { 0, 6, 6, 11, 2, 0, 3822, 1, 6, 13 },
    { 0, 6, 6, 11, 2, 0, 3835, 1, 6, 13 },
    { 0, 6, 6, 11, 2, 0, 3848, 1, 6, 13 },
    { 0, 6, 6, 11, 2, 0, 3861, 1, 6, 13 },
    { 0, 6, 6, 11, 2, 0, 3874, 1, 6, 13 },
    { 0, 6, 6, 11, 2, 0, 3887, 1, 6, 13 },
    { 0, 6, 6, 11, 2, 0, 3900, 1, 6, 13 },
    { 0, 6, 6, 11, 2, 0, 3913, 1, 6, 13 },
    { 0, 6, 6, 11, 2, 0, 3926, 1, 6, 13 },
    { 0, 6, 6, 11, 2, 0, 3939, 1, 6, 13 },
    { 0, 6, 6, 11, 2, 0, 3952, 1, 6, 13 },
    { 0, 6, 6, 11, 2, 0, 3965, 1, 6, 13 },
    { 0, 6, 6, 11, 2, 0, 3978, 1, 6, 13 },
    { 0, 6, 6, 11, 2, 0, 3991, 1, 6, 13 },
    { 0, 6, 6, 11, 2, 0, 4004, 1, 6, 13 },
    { 0, 6, 6, 11, 2, 0, 4017, 1, 6, 13 },
    { 0, 6, 6, 11, 2, 0, 4030, 1, 6, 13 },
    { 0, 6, 6, 11, 2, 0, 4043, 1, 6, 13 },
    { 0, 6, 6, 11, 2, 0, 4056, 1, 6, 13 },
    { 0, 6, 6, 11, 2, 0, 4069, 1, 6, 13 },
    { 0, 6, 6, 11, 2, 0, 4082, 1, 6, 13 },
    { 0, 6, 6, 11, 2, 0, 4095, 1, 6, 13 },
    { 0, 6, 6, 11, 2, 0, 4108, 1, 6, 13 },
    { 0, 6, 6, 11, 2, 0, 4121, 1, 6, 13 },
    { 0, 6, 6, 11, 2, 0, 4134, 1, 6, 13 },
    { 0, 6, 6, 11, 2, 0, 4147, 1, 6, 13 },
    { 0, 6, 6, 11, 2, 0, 4160, 1, 6, 13 },
    { 0, 6, 6, 11, 2, 0, 4173, 1, 6, 13 },
    { 0, 6, 6, 11, 2, 0, 4186, 1, 6, 13 },
    { 0, 6, 6, 11, 2, 0, 4199, 1, 6, 13 },
    { 0, 6, 6, 11, 2, 0, 4212, 1, 6, 13 },
    { 0, 6, 6, 11, 2, 0, 4225, 1, 6, 13 },
    { 0, 6, 6, 11, 2, 0, 4238, 1, 6, 13 },
    { 0, 6, 6, 11, 2, 0, 4251, 1, 6, 13 },
    { 0, 6, 6, 11, 2, 0, 4264, 1, 6, 13 },
    { 0, 6, 6, 11, 2, 0, 4277, 1, 6, 13 },
    { 0, 6, 6, 11, 2, 0, 4290, 1, 6, 13 },
    { 0, 6, 6, 11, 2, 0, 4303, 1, 6, 13 },
    { 0, 6, 6, 11, 2, 0, 4316, 1, 6, 13 },
    { 0, 6, 6, 11, 2, 0, 4329, 1, 6, 13 },
    { 0, 6, 6, 11, 2, 0, 4342, 1, 6, 13 },
    { 0, 6, 6, 11, 2, 0, 4355, 1, 6, 13 },
    { 0, 6, 6, 11, 2, 0, 4368, 1, 6, 13 },
    { 0, 6, 6, 11, 2, 0, 4381, 1, 6, 13 },
    { 0, 6, 6, 11, 2, 0, 4394, 1, 6, 13 },
    { 0, 6, 6, 11, 2, 0, 4407, 1, 6, 13 },
    { 0, 6, 6, 11, 2, 0, 4420, 1, 6, 13 },
    { 0, 6, 6, 11, 2, 0, 4433, 1, 6, 13 },
    { 0, 6, 6, 11, 2, 0, 4446, 1, 6, 13 },
    { 0, 6, 6, 11, 2, 0, 4459, 1, 6, 13 },
    { 0, 6, 6, 11, 2, 0, 4472, 1, 6, 13 },
    { 0, 6, 6, 11, 2, 0, 4485, 1, 6, 13 },
    { 0, 6, 6, 11, 2, 0, 4498, 1, 6, 13 },
    { 0, 6, 6, 11, 2, 0, 4511, 1, 6, 13 },
    { 0, 6, 6, 11, 2, 0, 4524, 1, 6, 13 },
    { 0, 6, 6, 11, 2, 0, 4537, 1, 6, 13 },
    { 0, 6, 6, 11, 2, 0, 4550, 1, 6, 13 },
    { 0, 6, 6, 11, 2, 0, 4563, 1, 6, 13 },
    { 0, 6, 6, 11, 2, 0, 4576, 1, 6, 13 },
    { 0, 6, 6, 11, 2, 0, 4589, 1, 6, 13 },
    { 0, 6, 6, 11, 2, 0, 4602, 1, 6, 13 },
    { 0, 6, 6, 11, 2, 0, 4615, 1, 6, 13 },
    { 0, 6, 6, 11, 2, 0, 4628, 1, 6, 13 },
    { 0, 6, 6, 11, 2, 0, 4641, 1, 6, 13 },
    { 0, 6, 6, 11, 2, 0, 4654, 1, 6, 13 },
    { 0, 6, 6, 11, 2, 0, 4667, 1, 6, 13 },
    { 0, 6, 6, 11, 2, 0, 4680, 1, 6, 13 },
    { 0, 6, 6, 11, 2, 0, 4693, 1, 6, 13 },
    { 0, 6, 6, 11, 2, 0, 4706, 1, 6, 13 },
    { 0, 6, 6, 11, 2, 0, 4719, 1, 6, 13 },
    { 0, 6, 6, 11, 2, 0, 4732, 1, 6, 13 },
    { 0, 6, 6, 11, 2, 0, 4745, 1, 6, 13 },
    { 0, 6, 6, 11, 2, 0, 4758, 1, 6, 13 },
    { 0, 6, 6, 11, 2, 0, 4771, 1, 6, 13 },
    { 0, 6, 6, 11, 2, 0, 4784, 1, 6, 13 },
    { 0, 6, 6, 11, 2, 0, 4797, 1, 6, 13 },
    { 0, 6, 6, 11, 2, 0, 4810, 1, 6, 13 },
    { 0, 6, 6, 11, 2, 0, 4823, 1, 6, 13 },
    { 0, 6, 6, 11, 2, 0, 4836, 1, 6, 13 },
    { 0, 6, 6, 11, 2, 0, 4849, 1, 6, 13 },
    { 0, 6, 6, 11, 2, 0, 4862, 1, 6, 13 },
    { 0, 6, 6, 11, 2, 0, 4875, 1, 6, 13 },
    { 0, 6, 6, 11, 2, 0, 4888, 1, 6, 13 },
    { 0, 6, 6, 11, 2, 0, 4901, 1, 6, 13 },
    { 0, 6, 6, 11, 2, 0, 4914, 1, 6, 13 },
    { 0, 6, 6, 11, 2, 0, 4927, 1, 6, 13 },
    { 0, 6, 6, 11, 2, 0, 4940, 1, 6, 13 },
    { 0, 6, 6, 11, 2, 0, 4953, 1, 6, 13 },
    { 0, 6, 6, 11, 2, 0, 4966, 1, 6, 13 },
    { 0, 6, 6, 11, 2, 0, 4979, 1, 6, 13 },
    { 0, 6, 6, 11, 2, 0, 4992, 1, 6, 13 },
    { 0, 6, 6, 11, 2, 0, 5005, 1, 6, 13 },
    { 0, 6, 6, 11, 2, 0, 5018, 1, 6, 13 },
    { 0, 6, 6, 11, 2, 0, 5031, 1, 6, 13 },
    { 0, 6, 6, 11, 2, 0, 5044, 1, 6, 13 },
    { 0, 6, 6, 11, 2, 0, 5057, 1, 6, 13 },
    { 0, 6, 6, 11, 2, 0, 5070, 1, 6, 13 },
    { 0, 6, 6, 11, 2, 0, 5083, 1, 6, 13 },
    { 0, 6, 6, 11, 2, 0, 5096, 1, 6, 13 },
    { 0, 6, 6, 11, 2, 0, 5109, 1, 6, 13 },
    { 0, 6, 6, 11, 2, 0, 5122, 1, 6, 13 },
    { 0, 6, 6, 11, 2, 0, 5135, 1, 6, 13 },
    { 0, 6, 6, 11, 2, 0, 5148, 1, 6, 13 },
    { 0, 6, 6, 11, 2, 0, 5161, 1, 6, 13 },
    { 0, 6, 6, 11, 2, 0, 5174, 1, 6, 13 },
    { 0, 6, 6, 11, 2, 0, 5187, 1, 6, 13 },
    { 0, 6, 6, 11, 2, 0, 5200, 1, 6, 13 },
    { 0, 6, 6, 11, 2, 0, 5213, 1, 6, 13 },
    { 0, 6, 6, 11, 2, 0, 5226, 1, 6, 13 },
    { 0, 6, 6, 11, 2, 0, 5239, 1, 6, 13 },
    { 0, 6, 6, 11, 2, 0, 5252, 1, 6, 13 },
    { 0, 6, 6, 11, 2, 0, 5265, 1, 6, 13 },
    { 0, 6, 6, 11, 2, 0, 5278, 1, 6, 13 },
    { 0, 6, 6, 11, 2, 0, 5291, 1, 6, 13 },
    { 0, 6, 6, 11, 2, 0, 5304, 1, 6, 13 },
    { 0, 6, 6, 11, 2, 0, 5317, 1, 6, 13 },
    { 0, 6, 6, 11, 2, 0, 5330, 1, 6, 13 },
    { 0, 6, 6, 11, 2, 0, 5343, 1, 6, 13 },
    { 0, 6, 6, 11, 2, 0, 5356, 1, 6, 13 },
    { 0, 6, 6, 11, 2, 0, 5369, 1, 6, 13 },
    { 0, 6, 6, 11, 2, 0, 5382, 1, 6, 13 },
    { 0, 6, 6, 11, 2, 0, 5395, 1, 6, 13 },
    { 0, 6, 6, 11, 2, 0, 5408, 1, 6, 13 },
    { 0, 6, 6, 11, 2, 0, 5421, 1, 6, 13 },
    { 0, 6, 6, 11, 2, 0, 5434, 1, 6, 13 },
    { 0, 6, 6, 11, 2, 0, 5447, 1, 6, 13 },
    { 0, 6, 6, 11, 2, 0, 5460, 1, 6, 13 },
    { 0, 6, 6, 11, 2, 0, 5473, 1, 6, 13 },
    { 0, 6, 6, 11, 2, 0, 5486, 1, 6, 13 },
    { 0, 6, 6, 11, 2, 0, 5499, 1, 6, 13 },
    { 0, 6, 6, 11, 2, 0, 5512, 1, 6, 13 },
    { 0, 6, 6, 11, 2, 0, 5525, 1, 6, 13 },
    { 0, 6, 6, 11, 2, 0, 5538, 1, 6, 13 },
    { 0, 6, 6, 11, 2, 0, 5551, 1, 6, 13 },
    { 0, 6, 6, 11, 2, 0, 5564, 1, 6, 13 },
    { 0, 6, 6, 11, 2, 0, 5577, 1, 6, 13 },
    { 0, 6, 6, 11, 2, 0, 5590, 1, 6, 13 },
    { 0, 6, 6, 11, 2, 0, 5603, 1, 6, 13 },
    { 0, 6, 6, 11, 2, 0, 5616, 1, 6, 13 },
    { 0, 6, 6, 11, 2, 0, 5629, 1, 6, 13 },
    { 0, 6, 6, 11, 2, 0, 5642, 1, 6, 13 },
    { 0, 6, 6, 11, 2, 0, 5655, 1, 6, 13 },
    { 0, 6, 6, 11, 2, 0, 5668, 1, 6, 13 },
    { 0, 6, 6, 11, 2, 0, 5681, 1, 6, 13 },
    { 0, 6, 6, 11, 2, 0, 5694, 1, 6, 13 },
    { 0, 6, 6, 11, 2, 0, 5707, 1, 6, 13 },
    { 0, 6, 6, 11, 2, 0, 5720, 1, 6, 13 },
    { 0, 6, 6, 11, 2, 0, 5733, 1, 6, 13 },
    { 0, 6, 6, 11, 2, 0, 5746, 1, 6, 13 },
    { 0, 6, 6, 11, 2, 0, 5759, 1, 6, 13 },
    { 0, 6, 6, 11, 2, 0, 5772, 1, 6, 13 },
    { 0, 6, 6, 11, 2, 0, 5785, 1, 6, 13 },
    { 0, 6, 6, 11, 2, 0, 5798, 1, 6, 13 },
    { 0, 6, 6, 11, 2, 0, 5811, 1, 6, 13 },
    { 0, 6, 6, 11, 2, 0, 5824, 1, 6, 13 },
    { 0, 6, 6, 11, 2, 0, 5837, 1, 6, 13 },
    { 0, 6, 6, 11, 2, 0, 5850, 1, 6, 13 },
    { 0, 6, 6, 11, 2, 0, 5863, 1, 6, 13 },
    { 0, 6, 6, 11, 2, 0, 5876, 1, 6, 13 },
    { 0, 6, 6, 11, 2, 0, 5889, 1, 6, 13 },
    { 0, 6, 6, 11, 2, 0, 5902, 1, 6, 13 },
    { 0, 6, 6, 11, 2, 0, 5915, 1, 6, 13 },
    { 0, 6, 6, 11, 2, 0, 5928, 1, 6, 13 },
    { 0, 6, 6, 11, 2, 0, 5941, 1, 6, 13 },
    { 0, 6, 6, 11, 2, 0, 5954, 1, 6, 13 },
    { 0, 6, 6, 11, 2, 0, 5967, 1, 6, 13 },
    { 0, 6, 6, 11, 2, 0, 5980, 1, 6, 13 },
    { 0, 6, 6, 11, 2, 0, 5993, 1, 6, 13 },
    { 0, 6, 6, 11, 2, 0, 6006, 1, 6, 13 },
    { 0, 6, 6, 11, 2, 0, 6019, 1, 6, 13 },
    { 0, 6, 6, 11, 2, 0, 6032, 1, 6, 13 },
    { 0, 6, 6, 11, 2, 0, 6045, 1, 6, 13 },
    { 0, 6, 6, 11, 2, 0, 6058, 1, 6, 13 },
    { 0, 6, 6, 11, 2, 0, 6071, 1, 6, 13 },
    { 0, 6, 6, 11, 2, 0, 6084, 1, 6, 13 },
    { 0, 6, 6, 11, 2, 0, 6097, 1, 6, 13 },
    { 0, 6, 6, 11, 2, 0, 6110, 1, 6, 13 },
    { 0, 6, 6, 11, 2, 0, 6123, 1, 6, 13 },
    { 0, 6, 6, 11, 2, 0, 6136, 1, 6, 13 },
    { 0, 6, 6, 11, 2, 0, 6149, 1, 6, 13 },
    { 0, 6, 6, 11, 2, 0, 6162, 1, 6, 13 },
    { 0, 6, 6, 11, 2, 0, 6175, 1, 6, 13 },
    { 0, 6, 6, 11, 2, 0, 6188, 1, 6, 13 },
    { 0, 6, 6, 11, 2, 0, 6201, 1, 6, 13 },
    { 0, 6, 6, 11, 2, 0, 6214, 1, 6, 13 },
    { 0, 6, 6, 11, 2, 0, 6227, 1, 6, 13 },
    { 0, 6, 6, 11, 2, 0, 6240, 1, 6, 13 },
    { 0, 6, 6, 11, 2, 0, 6253, 1, 6, 13 },
    { 0, 6, 6, 11, 2, 0, 6266, 1, 6, 13 },
    { 0, 6, 6, 11, 2, 0, 6279, 1, 6, 13 },
    { 0, 6, 6, 11, 2, 0, 6292, 1, 6, 13 },
    { 0, 6, 6, 11, 2, 0, 6305, 1, 6, 13 },
    { 0, 6, 6, 11, 2, 0, 6318, 1, 6, 13 },
    { 0, 6, 6, 11, 2, 0, 6331, 1, 6, 13 },
    { 0, 6, 6, 11, 2, 0, 6344, 1, 6, 13 },
    { 0, 6, 6, 11, 2, 0, 6357, 1, 6, 13 },
    { 0, 6, 6, 11, 2, 0, 6370, 1, 6, 13 },
    { 0, 6, 6, 11, 2, 0, 6383, 1, 6, 13 },
    { 0, 6, 6, 11, 2, 0, 6396, 1, 6, 13 },
    { 0, 6, 6, 11, 2, 0, 6409, 1, 6, 13 },
    { 0, 6, 6, 11, 2, 0, 6422, 1, 6, 13 },
    { 0, 6, 6, 11, 2, 0, 6435, 1, 6, 13 },
    { 0, 6, 6, 11, 2, 0, 6448, 1, 6, 13 },
    { 0, 6, 6, 11, 2, 0, 6461, 1, 6, 13 },
    { 0, 6, 6, 11, 2, 0, 6474, 1, 6, 13 },
    { 0, 6, 6, 11, 2, 0, 6487, 1, 6, 13 },
    { 0, 6, 6, 11, 2, 0, 6500, 1, 6, 13 },
    { 0, 6, 6, 11, 2, 0, 6513, 1, 6, 13 },
    { 0, 6, 6, 11, 2, 0, 6526, 1, 6, 13 },
    { 0, 6, 6, 11, 2, 0, 6539, 1, 6, 13 },
    { 0, 6, 6, 11, 2, 0, 6552, 1, 6, 13 },
    { 0, 6, 6, 11, 2, 0, 6565, 1, 6, 13 },
    { 0, 6, 6, 11, 2, 0, 6578, 1, 6, 13 },
    { 0, 6, 6, 11, 2, 0, 6591, 1, 6, 13 },
    { 0, 6, 6, 11, 2, 0, 6604, 1, 6, 13 },
    { 0, 6, 6, 11, 2, 0, 6617, 1, 6, 13 },
    { 0, 6, 6, 11, 2, 0, 6630, 1, 6, 13 },
    { 0, 6, 6, 11, 2, 0, 6643, 1, 6, 13 },
    { 0, 6, 6, 11, 2, 0, 6656, 1, 6, 13 },
    { 0, 6, 6, 11, 2, 0, 6669, 1, 6, 13 },
    { 0, 6, 6, 11, 2, 0, 6682, 1, 6, 13 },
    { 0, 6, 6, 11, 2, 0, 6695, 1, 6, 13 },
    { 0, 6, 6, 11, 2, 0, 6708, 1, 6, 13 },
    { 0, 6, 6, 11, 2, 0, 6721, 1, 6, 13 },
    { 0, 6, 6, 11, 2, 0, 6734, 1, 6, 13 },
    { 0, 6, 6, 11, 2, 0, 6747, 1, 6, 13 },
    { 0, 6, 6, 11, 2, 0, 6760, 1, 6, 13 },
    { 0, 6, 6, 11, 2, 0, 6773, 1, 6, 13 },
    { 0, 6, 6, 11, 2, 0, 6786, 1, 6, 13 },
    { 0, 6, 6, 11, 2, 0, 6799, 1, 6, 13 },
    { 0, 6, 6, 11, 2, 0, 6812, 1, 6, 13 },
    { 0, 6, 6, 11, 2, 0, 6825, 1, 6, 13 },
    { 0, 6, 6, 11, 2, 0, 6838, 1, 6, 13 },
    { 0, 6, 6, 11, 2, 0, 6851, 1, 6, 13 },
    { 0, 6, 6, 11, 2, 0, 6864, 1, 6, 13 },
    { 0, 6, 6, 11, 2, 0, 6877, 1, 6, 13 },
    { 0, 6, 6, 11, 2, 0, 6890, 1, 6, 13 },
    { 0, 6, 6, 11, 2, 0, 6903, 1, 6, 13 },
    { 0, 6, 6, 11, 2, 0, 6916, 1, 6, 13 },
    { 0, 6, 6, 11, 2, 0, 6929, 1, 6, 13 },
    { 0, 6, 6, 11, 2, 0, 6942, 1, 6, 13 },
    { 0, 6, 6, 11, 2, 0, 6955, 1, 6, 13 },
    { 0, 6, 6, 11, 2, 0, 6968, 1, 6, 13 },
    { 0, 6, 6, 11, 2, 0, 6981, 1, 6, 13 },
    { 0, 6, 6, 11, 2, 0, 6994, 1, 6, 13 },
    { 0, 6, 6, 11, 2, 0, 7007, 1, 6, 13 },
    { 0, 6, 6, 11, 2, 0, 7020, 1, 6, 13 },
    { 0, 6, 6, 11, 2, 0, 7033, 1, 6, 13 },
    { 0, 6, 6, 11, 2, 0, 7046, 1, 6, 13 },
    { 0, 6, 6, 11, 2, 0, 7059, 1, 6, 13 },
    { 0, 6, 6, 11, 2, 0, 7072, 1, 6, 13 },
    { 0, 6, 6, 11, 2, 0, 7085, 1, 6, 13 },
    { 0, 6, 6, 11, 2, 0, 7098, 1, 6, 13 },
    { 0, 6, 6, 11, 2, 0, 7111, 1, 6, 13 },
    { 0, 6, 6, 11, 2, 0, 7124, 1, 6, 13 },
    { 0, 6, 6, 11, 2, 0, 7137, 1, 6, 13 },
    { 0, 6, 6, 11, 2, 0, 7150, 1, 6, 13 },
    { 0, 6, 6, 11, 2, 0, 7163, 1, 6, 13 },
    { 0, 6, 6, 11, 2, 0, 7176, 1, 6, 13 },
    { 0, 6, 6, 11, 2, 0, 7189, 1, 6, 13 },
    { 0, 6, 6, 11, 2, 0, 7202, 1, 6, 13 },
    { 0, 6, 6, 11, 2, 0, 7215, 1, 6, 13 },
    { 0, 6, 6, 11, 2, 0, 7228, 1, 6, 13 },
    { 0, 6, 6, 11, 2, 0, 7241, 1, 6, 13 },
    { 0, 6, 6, 11, 2, 0, 7254, 1, 6, 13 },
    { 0, 6, 6, 11, 2, 0, 7267, 1, 6, 13 },
    { 0, 6, 6, 11, 2, 0, 7280, 1, 6, 13 },
    { 0, 6, 6, 11, 2, 0, 7293, 1, 6, 13 },
    { 0, 6, 6, 11, 2, 0, 7306, 1, 6, 13 },
    { 0, 6, 6, 11, 2, 0, 7319, 1, 6, 13 },
    { 0, 6, 6, 11, 2, 0, 7332, 1, 6, 13 },
    { 0, 6, 6, 11, 2, 0, 7345, 1, 6, 13 },
    { 0, 6, 6, 11, 2, 0, 7358, 1, 6, 13 },
    { 0, 6, 6, 11, 2, 0, 7371, 1, 6, 13 },
    { 0, 6, 6, 11, 2, 0, 7384, 1, 6, 13 },
    { 0, 6, 6, 11, 2, 0, 7397, 1, 6, 13 },
    { 0, 6, 6, 11, 2, 0, 7410, 1, 6, 13 },
    { 0, 6, 6, 11, 2, 0, 7423, 1, 6, 13 },
    { 0, 6, 6, 11, 2, 0, 7436, 1, 6, 13 },
    { 0, 6, 6, 11, 2, 0, 7449, 1, 6, 13 },
    { 0, 6, 6, 11, 2, 0, 7462, 1, 6, 13 },
    { 0, 6, 6, 11, 2, 0, 7475, 1, 6, 13 },
    { 0, 6, 6, 11, 2, 0, 7488, 1, 6, 13 },
    { 0, 6, 6, 11, 2, 0, 7501, 1, 6, 13 },
    { 0, 6, 6, 11, 2, 0, 7514, 1, 6, 13 },
    { 0, 6, 6, 11, 2, 0, 7527, 1, 6, 13 },
    { 0, 6, 6, 11, 2, 0, 7540, 1, 6, 13 },
    { 0, 6, 6, 11, 2, 0, 7553, 1, 6, 13 },
    { 0, 6, 6, 11, 2, 0, 7566, 1, 6, 13 },
    { 0, 6, 6, 11, 2, 0, 7579, 1, 6, 13 },
    { 0, 6, 6, 11, 2, 0, 7592, 1, 6, 13 },
    { 0, 6, 6, 11, 2, 0, 7605, 1, 6, 13 },
    { 0, 6, 6, 11, 2, 0, 7618, 1, 6, 13 },
    { 0, 6, 6, 11, 2, 0, 7631, 1, 6, 13 },
    { 0, 6, 6, 11, 2, 0, 7644, 1, 6, 13 },
    { 0, 6, 6, 11, 2, 0, 7657, 1, 6, 13 },
    { 0, 6, 6, 11, 2, 0, 7670, 1, 6, 13 },
    { 0, 6, 6, 11, 2, 0, 7683, 1, 6, 13 },
    { 0, 6, 6, 11, 2, 0, 7696, 1, 6, 13 },
    { 0, 6, 6, 11, 2, 0, 7709, 1, 6, 13 },
    { 0, 6, 6, 11, 2, 0, 7722, 1, 6, 13 },
    { 0, 6, 6, 11, 2, 0, 7735, 1, 6, 13 },
    { 0, 6, 6, 11, 2, 0, 7748, 1, 6, 13 },
    { 0, 6, 6, 11, 2, 0, 7761, 1, 6, 13 },
    { 0, 6, 6, 11, 2, 0, 7774, 1, 6, 13 },
    { 0, 6, 6, 11, 2, 0, 7787, 1, 6, 13 },
    { 0, 6, 6, 11, 2, 0, 7800, 1, 6, 13 },
    { 0, 6, 6, 11, 2, 0, 7813, 1, 6, 13 },
    { 0, 6, 6, 11, 2, 0, 7826, 1, 6, 13 },
    { 0, 6, 6, 11, 2, 0, 7839, 1, 6, 13 },
    { 0, 6, 6, 11, 2, 0, 7852, 1, 6, 13 },
    { 0, 6, 6, 11, 2, 0, 7865, 1, 6, 13 },
    { 0, 6, 6, 11, 2, 0, 7878, 1, 6, 13 },
    { 0, 6, 6, 11, 2, 0, 7891, 1, 6, 13 },
    { 0, 6, 6, 11, 2, 0, 7904, 1, 6, 13 },
    { 0, 6, 6, 11, 2, 0, 7917, 1, 6, 13 },
    { 0, 6, 6, 11, 2, 0, 7930, 1, 6, 13 },
    { 0, 6, 6, 11, 2, 0, 7943, 1, 6, 13 },
    { 0, 6, 6, 11, 2, 0, 7956, 1, 6, 13 },
    { 0, 6, 6, 11, 2, 0, 7969, 1, 6, 13 },
    { 0, 6, 6, 11, 2, 0, 7982, 1, 6, 13 },
    { 0, 6, 6, 11, 2, 0, 7995, 1, 6, 13 },
    { 0, 6, 6, 11, 2, 0, 8008, 1, 6, 13 },
    { 0, 6, 6, 11, 2, 0, 8021, 1, 6, 13 },
    { 0, 6, 6, 11, 2, 0, 8034, 1, 6, 13 },
    { 0, 6, 6, 11, 2, 0, 8047, 1, 6, 13 },
    { 0, 6, 6, 11, 2, 0, 8060, 1, 6, 13 },
    { 0, 6, 6, 11, 2, 0, 8073, 1, 6, 13 },
    { 0, 6, 6, 11, 2, 0, 8086, 1, 6, 13 },
    { 0, 6, 6, 11, 2, 0, 8099, 1, 6, 13 },
    { 0, 6, 6, 11, 2, 0, 8112, 1, 6, 13 },
    { 0, 6, 6, 11, 2, 0, 8125, 1, 6, 13 },
    { 0, 6, 6, 11, 2, 0, 8138, 1, 6, 13 },
    { 0, 6, 6, 11, 2, 0, 8151, 1, 6, 13 },
    { 0, 6, 6, 11, 2, 0, 8164, 1, 6, 13 },
    { 0, 6, 6, 11, 2, 0, 8177, 1, 6, 13 },
    { 0, 6, 6, 11, 2, 0, 8190, 1, 6, 13 },
    { 0, 6, 6, 11, 2, 0, 8203, 1, 6, 13 },
    { 0, 6, 6, 11, 2, 0, 8216, 1, 6, 13 },
    { 0, 6, 6, 11, 2, 0, 8229, 1, 6, 13 },
    { 0, 6, 6, 11, 2, 0, 8242, 1, 6, 13 },
    { 0, 6, 6, 11, 2, 0, 8255, 1, 6, 13 },
    { 0, 6, 6, 11, 2, 0, 8268, 1, 6, 13 },
    { 0, 6, 6, 11, 2, 0, 8281, 1, 6, 13 },
    { 0, 6, 6, 11, 2, 0, 8294, 1, 6, 13 },
    { 0, 6, 6, 11, 2, 0, 8307, 1, 6, 13 },
    { 0, 6, 6, 11, 2, 0, 8320, 1, 6, 13 },
    { 0, 6, 6, 11, 2, 0, 8333, 1, 6, 13 },
    { 0, 6, 6, 11, 2, 0, 8346, 1, 6, 13 },
    { 0, 6, 6, 11, 2, 0, 8359, 1, 6, 13 },
    { 0, 6, 6, 11, 2, 0, 8372, 1, 6, 13 },
    { 0, 6, 6, 11, 2, 0, 8385, 1, 6, 13 },
    { 0, 6, 6, 11, 2, 0, 8398, 1, 6, 13 },
    { 0, 6, 6, 11, 2, 0, 8411, 1, 6, 13 },
    { 0, 6, 6, 11, 2, 0, 8424, 1, 6, 13 },
    { 0, 6, 6, 11, 2, 0, 8437, 1, 6, 13 },
    { 0, 6, 6, 11, 2, 0, 8450, 1, 6, 13 },
    { 0, 6, 6, 11, 2, 0, 8463, 1, 6, 13 },
    { 0, 6, 6, 11, 2, 0, 8476, 1, 6, 13 },
    { 0, 6, 6, 11, 2, 0, 8489, 1, 6, 13 },
    { 0, 6, 6, 11, 2, 0, 8502, 1, 6, 13 },
    { 0, 6, 6, 11, 2, 0, 8515, 1, 6, 13 },
    { 0, 6, 6, 11, 2, 0, 8528, 1, 6, 13 },
    { 0, 6, 6, 11, 2, 0, 8541, 1, 6, 13 },
    { 0, 6, 6, 11, 2, 0, 8554, 1, 6, 13 },
    { 0, 6, 6, 11, 2, 0, 8567, 1, 6, 13 },
    { 0, 6, 6, 11, 2, 0, 8580, 1, 6, 13 },
    { 0, 6, 6, 11, 2, 0, 8593, 1, 6, 13 },
    { 0, 6, 6, 11, 2, 0, 8606, 1, 6, 13 },
    { 0, 6, 6, 11, 2, 0, 8619, 1, 6, 13 },
    { 0, 6, 6, 11, 2, 0, 8632, 1, 6, 13 },
    { 0, 6, 6, 11, 2, 0, 8645, 1, 6, 13 },
    { 0, 6, 6, 11, 2, 0, 8658, 1, 6, 13 },
    { 0, 6, 6, 11, 2, 0, 8671, 1, 6, 13 },
    { 0, 6, 6, 11, 2, 0, 8684, 1, 6, 13 },
    { 0, 6, 6, 11, 2, 0, 8697, 1, 6, 13 },
    { 0, 6, 6, 11, 2, 0, 8710, 1, 6, 13 },
    { 0, 6, 6, 11, 2, 0, 8723, 1, 6, 13 },
    { 0, 6, 6, 11, 2, 0, 8736, 1, 6, 13 },
    { 0, 6, 6, 11, 2, 0, 8749, 1, 6, 13 },
    { 0, 6, 6, 11, 2, 0, 8762, 1, 6, 13 },
    { 0, 6, 6, 11, 2, 0, 8775, 1, 6, 13 },
    { 0, 6, 6, 11, 2, 0, 8788, 1, 6, 13 },
    { 0, 6, 6, 11, 2, 0, 8801, 1, 6, 13 },
    { 0, 6, 6, 11, 2, 0, 8814, 1, 6, 13 },
    { 0, 6, 6, 11, 2, 0, 8827, 1, 6, 13 },
    { 0, 6, 6, 11, 2, 0, 8840, 1, 6, 13 },
    { 0, 6, 6, 11, 2, 0, 8853, 1, 6, 13 },
    { 0, 6, 6, 11, 2, 0, 8866, 1, 6, 13 },
    { 0, 6, 6, 11, 2, 0, 8879, 1, 6, 13 },
    { 0, 6, 6, 11, 2, 0, 8892, 1, 6, 13 },
    { 0, 6, 6, 11, 2, 0, 8905, 1, 6, 13 },
    { 0, 6, 6, 11, 2, 0, 8918, 1, 6, 13 },
    { 0, 6, 6, 11, 2, 0, 8931, 1, 6, 13 },
    { 0, 6, 6, 11, 2, 0, 8944, 1, 6, 13 },
    { 0, 6, 6, 11, 2, 0, 8957, 1, 6, 13 },
    { 0, 6, 6, 11, 2, 0, 8970, 1, 6, 13 },
    { 0, 6, 6, 11, 2, 0, 8983, 1, 6, 13 },
    { 0, 6, 6, 11, 2, 0, 8996, 1, 6, 13 },
    { 0, 6, 6, 11, 2, 0, 9009, 1, 6, 13 },
    { 0, 6, 6, 11, 2, 0, 9022, 1, 6, 13 },
    { 0, 6, 6, 11, 2, 0, 9035, 1, 6, 13 },
    { 0, 6, 6, 11, 2, 0, 9048, 1, 6, 13 },
    { 0, 6, 6, 11, 2, 0, 9061, 1, 6, 13 },
    { 0, 6, 6, 11, 2, 0, 9074, 1, 6, 13 },
    { 0, 6, 6, 11, 2, 0, 9087, 1, 6, 13 },
    { 0, 6, 6, 11, 2, 0, 9100, 1, 6, 13 },
    { 0, 6, 6, 11, 2, 0, 9113, 1, 6, 13 },
    { 0, 6, 6, 11, 2, 0, 9126, 1, 6, 13 },
    { 0, 6, 6, 11, 2, 0, 9139, 1, 6, 13 },
    { 0, 6, 6, 11, 2, 0, 9152, 1, 6, 13 },
    { 0, 6, 6, 11, 2, 0, 9165, 1, 6, 13 },
    { 0, 6, 6, 11, 2, 0, 9178, 1, 6, 13 },
    { 0, 6, 6, 11, 2, 0, 9191, 1, 6, 13 },
    { 0, 6, 6, 11, 2, 0, 9204, 1, 6, 13 },
    { 0, 6, 6, 11, 2, 0, 9217, 1, 6, 13 },
    { 0, 6, 6, 11, 2, 0, 9230, 1, 6, 13 },
    { 0, 6, 6, 11, 2, 0, 9243, 1, 6, 13 },
    { 0, 6, 6, 11, 2, 0, 9256, 1, 6, 13 },
    { 0, 6, 6, 11, 2, 0, 9269, 1, 6, 13 },
    { 0, 6, 6, 11, 2, 0, 9282, 1, 6, 13 },
    { 0, 6, 6, 11, 2, 0, 9295, 1, 6, 13 },
    { 0, 6, 6, 11, 2, 0, 9308, 1, 6, 13 },
    { 0, 6, 6, 11, 2, 0, 9321, 1, 6, 13 },
    { 0, 6, 6, 11, 2, 0, 9334, 1, 6, 13 },
    { 0, 6, 6, 11, 2, 0, 9347, 1, 6, 13 },
    { 0, 6, 6, 11, 2, 0, 9360, 1, 6, 13 },
    { 0, 6, 6, 11, 2, 0, 9373, 1, 6, 13 },
    { 0, 6, 6, 11, 2, 0, 9386, 1, 6, 13 },
    { 0, 6, 6, 11, 2, 0, 9399, 1, 6, 13 },
    { 0, 6, 6, 11, 2, 0, 9412, 1, 6, 13 },
    { 0, 6, 6, 11, 2, 0, 9425, 1, 6, 13 },
    { 0, 6, 6, 11, 2, 0, 9438, 1, 6, 13 },
    { 0, 6, 6, 11, 2, 0, 9451, 1, 6, 13 },
    { 0, 6, 6, 11, 2, 0, 9464, 1, 6, 13 },
    { 0, 6, 6, 11, 2, 0, 9477, 1, 6, 13 },
    { 0, 6, 6, 11, 2, 0, 9490, 1, 6, 13 },
    { 0, 6, 6, 11, 2, 0, 9503, 1, 6, 13 },
    { 0, 6, 6, 11, 2, 0, 9516, 1, 6, 13 },
    { 0, 6, 6, 11, 2, 0, 9529, 1, 6, 13 },
    { 0, 6, 6, 11, 2, 0, 9542, 1, 6, 13 },
    { 0, 6, 6, 11, 2, 0, 9555, 1, 6, 13 },
    { 0, 6, 6, 11, 2, 0, 9568, 1, 6, 13 },
    { 0, 6, 6, 11, 2, 0, 9581, 1, 6, 13 },
    { 0, 6, 6, 11, 2, 0, 9594, 1, 6, 13 },
    { 0, 6, 6, 11, 2, 0, 9607, 1, 6, 13 },
    { 0, 6, 6, 11, 2, 0, 9620, 1, 6, 13 },
    { 0, 6, 6, 11, 2, 0, 9633, 1, 6, 13 },
    { 0, 6, 6, 11, 2, 0, 9646, 1, 6, 13 },
    { 0, 6, 6, 11, 2, 0, 9659, 1, 6, 13 },
    { 0, 6, 6, 11, 2, 0, 9672, 1, 6, 13 },
    { 0, 6, 6, 11, 2, 0, 9685, 1, 6, 13 },
    { 0, 6, 6, 11, 2, 0, 9698, 1, 6, 13 },
    { 0, 6, 6, 11, 2, 0, 9711, 1, 6, 13 },
    { 0, 6, 6, 11, 2, 0, 9724, 1, 6, 13 },
    { 0, 6, 6, 11, 2, 0, 9737, 1, 6, 13 },
    { 0, 6, 6, 11, 2, 0, 9750, 1, 6, 13 },
    { 0, 6, 6, 11, 2, 0, 9763, 1, 6, 13 },
    { 0, 6, 6, 11, 2, 0, 9776, 1, 6, 13 },
    { 0, 6, 6, 11, 2, 0, 9789, 1, 6, 13 },
    { 0, 6, 6, 11, 2, 0, 9802, 1, 6, 13 },
    { 0, 6, 6, 11, 2, 0, 9815, 1, 6, 13 },
    { 0, 6, 6, 11, 2, 0, 9828, 1, 6, 13 },
    { 0, 6, 6, 11, 2, 0, 9841, 1, 6, 13 },
    { 0, 6, 6, 11, 2, 0, 9854, 1, 6, 13 },
    { 0, 6, 6, 11, 2, 0, 9867, 1, 6, 13 },
    { 0, 6, 6, 11, 2, 0, 9880, 1, 6, 13 },
    { 0, 6, 6, 11, 2, 0, 9893, 1, 6, 13 },
    { 0, 6, 6, 11, 2, 0, 9906, 1, 6, 13 },
    { 0, 6, 6, 11, 2, 0, 9919, 1, 6, 13 },
    { 0, 6, 6, 11, 2, 0, 9932, 1, 6, 13 },
    { 0, 6, 6, 11, 2, 0, 9945, 1, 6, 13 },
    { 0, 6, 6, 11, 2, 0, 9958, 1, 6, 13 },
    { 0, 6, 6, 11, 2, 0, 9971, 1, 6, 13 },
    { 0, 6, 6, 11, 2, 0, 9984, 1, 6, 13 },
    { 0, 6, 6, 11, 2, 0, 9997, 1, 6, 13 },
    { 0, 6, 6, 11, 2, 0, 10010, 1, 6, 13 },
    { 0, 6, 6, 11, 2, 0, 10023, 1, 6, 13 },
    { 0, 6, 6, 11, 2, 0, 10036, 1, 6, 13 },
    { 0, 6, 6, 11, 2, 0, 10049, 1, 6, 13 },
    { 0, 6, 6, 11, 2, 0, 10062, 1, 6, 13 },
    { 0, 6, 6, 11, 2, 0, 10075, 1, 6, 13 },
    { 0, 6, 6, 11, 2, 0, 10088, 1, 6, 13 },
    { 0, 6, 6, 11, 2, 0, 10101, 1, 6, 13 },
    { 0, 6, 6, 11, 2, 0, 10114, 1, 6, 13 },
    { 0, 6, 6, 11, 2, 0, 10127, 1, 6, 13 },
    { 0, 6, 6, 11, 2, 0, 10140, 1, 6, 13 },
    { 0, 6, 6, 11, 2, 0, 10153, 1, 6, 13 },
    { 0, 6, 6, 11, 2, 0, 10166, 1, 6, 13 },
    { 0, 6, 6, 11, 2, 0, 10179, 1, 6, 13 },
    { 0, 6, 6, 11, 2, 0, 10192, 1, 6, 13 },
    { 0, 6, 6, 11, 2, 0, 10205, 1, 6, 13 },
    { 0, 6, 6, 11, 2, 0, 10218, 1, 6, 13 },
    { 0, 6, 6, 11, 2, 0, 10231, 1, 6, 13 },
    { 0, 6, 6, 11, 2, 0, 10244, 1, 6, 13 },
    { 0, 6, 6, 11, 2, 0, 10257, 1, 6, 13 },
    { 0, 6, 6, 11, 2, 0, 10270, 1, 6, 13 },
    { 0, 6, 6, 11, 2, 0, 10283, 1, 6, 13 },
    { 0, 6, 6, 11, 2, 0, 10296, 1, 6, 13 },
    { 0, 6, 6, 11, 2, 0, 10309, 1, 6, 13 },
    { 0, 6, 6, 11, 2, 0, 10322, 1, 6, 13 },
    { 0, 6, 6, 11, 2, 0, 10335, 1, 6, 13 },
    { 0, 6, 6, 11, 2, 0, 10348, 1, 6, 13 },
    { 0, 6, 6, 11, 2, 0, 10361, 1, 6, 13 },
    { 0, 6, 6, 11, 2, 0, 10374, 1, 6, 13 },
    { 0, 6, 6, 11, 2, 0, 10387, 1, 6, 13 },
    { 0, 6, 6, 11, 2, 0, 10400, 1, 6, 13 },
    { 0, 6, 6, 11, 2, 0, 10413, 1, 6, 13 },
    { 0, 6, 6, 11, 2, 0, 10426, 1, 6, 13 },
    { 0, 6, 6, 11, 2, 0, 10439, 1, 6, 13 },
    { 0, 6, 6, 11, 2, 0, 10452, 1, 6, 13 },
    { 0, 6, 6, 11, 2, 0, 10465, 1, 6, 13 },
    { 0, 6, 6, 11, 2, 0, 10478, 1, 6, 13 },
    { 0, 6, 6, 11, 2, 0, 10491, 1, 6, 13 },
    { 0, 6, 6, 11, 2, 0, 10504, 1, 6, 13 },
    { 0, 6, 6, 11, 2, 0, 10517, 1, 6, 13 },
    { 0, 6, 6, 11, 2, 0, 10530, 1, 6, 13 },
    { 0, 6, 6, 11, 2, 0, 10543, 1, 6, 13 },
    { 0, 6, 6, 11, 2, 0, 10556, 1, 6, 13 },
    { 0, 6, 6, 11, 2, 0, 10569, 1, 6, 13 },
    { 0, 6, 6, 11, 2, 0, 10582, 1, 6, 13 },
    { 0, 6, 6, 11, 2, 0, 10595, 1, 6, 13 },
    { 0, 6, 6, 11, 2, 0, 10608, 1, 6, 13 },
    { 0, 6, 6, 11, 2, 0, 10621, 1, 6, 13 },
    { 0, 6, 6, 11, 2, 0, 10634, 1, 6, 13 },
    { 0, 6, 6, 11, 2, 0, 10647, 1, 6, 13 },
    { 0, 6, 6, 11, 2, 0, 10660, 1, 6, 13 },
    { 0, 6, 6, 11, 2, 0, 10673, 1, 6, 13 },
    { 0, 6, 6, 11, 2, 0, 10686, 1, 6, 13 },
    { 0, 6, 6, 11, 2, 0, 10699, 1, 6, 13 },
    { 0, 6, 6, 11, 2, 0, 10712, 1, 6, 13 },
    { 0, 6, 6, 11, 2, 0, 10725, 1, 6, 13 },
    { 0, 6, 6, 11, 2, 0, 10738, 1, 6, 13 },
    { 0, 6, 6, 11, 2, 0, 10751, 1, 6, 13 },
    { 0, 6, 6, 11, 2, 0, 10764, 1, 6, 13 },
    { 0, 6, 6, 11, 2, 0, 10777, 1, 6, 13 },
    { 0, 6, 6, 11, 2, 0, 10790, 1, 6, 13 },
    { 0, 6, 6, 11, 2, 0, 10803, 1, 6, 13 },
    { 0, 6, 6, 11, 2, 0, 10816, 1, 6, 13 },
    { 0, 6, 6, 11, 2, 0, 10829, 1, 6, 13 },
    { 0, 6, 6, 11, 2, 0, 10842, 1, 6, 13 },
    { 0, 6, 6, 11, 2, 0, 10855, 1, 6, 13 },
    { 0, 6, 6, 11, 2, 0, 10868, 1, 6, 13 },
    { 0, 6, 6, 11, 2, 0, 10881, 1, 6, 13 },
    { 0, 6, 6, 11, 2, 0, 10894, 1, 6, 13 },
    { 0, 6, 6, 11, 2, 0, 10907, 1, 6, 13 },
    { 0, 6, 6, 11, 2, 0, 10920, 1, 6, 13 },
    { 0, 6, 6, 11, 2, 0, 10933, 1, 6, 13 },
    { 0, 6, 6, 11, 2, 0, 10946, 1, 6, 13 },
    { 0, 6, 6, 11, 2, 0, 10959, 1, 6, 13 },
    { 0, 6, 6, 11, 2, 0, 10972, 1, 6, 13 },
    { 0, 6, 6, 11, 2, 0, 10985, 1, 6, 13 },
    { 0, 6, 6, 11, 2, 0, 10998, 1, 6, 13 },
    { 0, 6, 6, 11, 2, 0, 11011, 1, 6, 13 },
    { 0, 6, 6, 11, 2, 0, 11024, 1, 6, 13 },
    { 0, 6, 6, 11, 2, 0, 11037, 1, 6, 13 },
    { 0, 6, 6, 11, 2, 0, 11050, 1, 6, 13 },
    { 0, 6, 6, 11, 2, 0, 11063, 1, 6, 13 },
    { 0, 6, 6, 11, 2, 0, 11076, 1, 6, 13 },
    { 0, 6, 6, 11, 2, 0, 11089, 1, 6, 13 },
    { 0, 6, 6, 11, 2, 0, 11102, 1, 6, 13 },
    { 0, 6, 6, 11, 2, 0, 11115, 1, 6, 13 },
    { 0, 6, 6, 11, 2, 0, 11128, 1, 6, 13 },
    { 0, 6, 6, 11, 2, 0, 11141, 1, 6, 13 },
    { 0, 6, 6, 11, 2, 0, 11154, 1, 6, 13 },
    { 0, 6, 6, 11, 2, 0, 11167, 1, 6, 13 },
    { 0, 6, 6, 11, 2, 0, 11180, 1, 6, 13 },
    { 0, 6, 6, 11, 2, 0, 11193, 1, 6, 13 },
    { 0, 6, 6, 11, 2, 0, 11206, 1, 6, 13 },
    { 0, 6, 6, 11, 2, 0, 11219, 1, 6, 13 },
    { 0, 6, 6, 11, 2, 0, 11232, 1, 6, 13 },
    { 0, 6, 6, 11, 2, 0, 11245, 1, 6, 13 },
    { 0, 6, 6, 11, 2, 0, 11258, 1, 6, 13 },
    { 0, 6, 6, 11, 2, 0, 11271, 1, 6, 13 },
    { 0, 6, 6, 11, 2, 0, 11284, 1, 6, 13 },
    { 0, 6, 6, 11, 2, 0, 11297, 1, 6, 13 },
    { 0, 6, 6, 11, 2, 0, 11310, 1, 6, 13 },
    { 0, 6, 6, 11, 2, 0, 11323, 1, 6, 13 },
    { 0, 6, 6, 11, 2, 0, 11336, 1, 6, 13 },
    { 0, 6, 6, 11, 2, 0, 11349, 1, 6, 13 },
    { 0, 6, 6, 11, 2, 0, 11362, 1, 6, 13 },
    { 0, 6, 6, 11, 2, 0, 11375, 1, 6, 13 },
    { 0, 6, 6, 11, 2, 0, 11388, 1, 6, 13 },
    { 0, 6, 6, 11, 2, 0, 11401, 1, 6, 13 },
    { 0, 6, 6, 11, 2, 0, 11414, 1, 6, 13 },
    { 0, 6, 6, 11, 2, 0, 11427, 1, 6, 13 },
    { 0, 6, 6, 11, 2, 0, 11440, 1, 6, 13 },
    { 0, 6, 6, 11, 2, 0, 11453, 1, 6, 13 },
    { 0, 6, 6, 11, 2, 0, 11466, 1, 6, 13 },
    { 0, 6, 6, 11, 2, 0, 11479, 1, 6, 13 },
    { 0, 6, 6, 11, 2, 0, 11492, 1, 6, 13 },
    { 0, 6, 6, 11, 2, 0, 11505, 1, 6, 13 },
    { 0, 6, 6, 11, 2, 0, 11518, 1, 6, 13 },
    { 0, 6, 6, 11, 2, 0, 11531, 1, 6, 13 },
    { 0, 6, 6, 11, 2, 0, 11544, 1, 6, 13 },
    { 0, 6, 6, 11, 2, 0, 11557, 1, 6, 13 },
    { 0, 6, 6, 11, 2, 0, 11570, 1, 6, 13 },
    { 0, 6, 6, 11, 2, 0, 11583, 1, 6, 13 },
    { 0, 6, 6, 11, 2, 0, 11596, 1, 6, 13 },
    { 0, 6, 6, 11, 2, 0, 11609, 1, 6, 13 },
    { 0, 6, 6, 11, 2, 0, 11622, 1, 6, 13 },
    { 0, 6, 6, 11, 2, 0, 11635, 1, 6, 13 },
    { 0, 6, 6, 11, 2, 0, 11648, 1, 6, 13 },
    { 0, 6, 6, 11, 2, 0, 11661, 1, 6, 13 },
    { 0, 6, 6, 11, 2, 0, 11674, 1, 6, 13 },
    { 0, 6, 6, 11, 2, 0, 11687, 1, 6, 13 },
    { 0, 6, 6, 11, 2, 0, 11700, 1, 6, 13 },
    { 0, 6, 6, 11, 2, 0, 11713, 1, 6, 13 },
    { 0, 6, 6, 11, 2, 0, 11726, 1, 6, 13 },
    { 0, 6, 6, 11, 2, 0, 11739, 1, 6, 13 },
    { 0, 6, 6, 11, 2, 0, 11752, 1, 6, 13 },
    { 0, 6, 6, 11, 2, 0, 11765, 1, 6, 13 },
    { 0, 6, 6, 11, 2, 0, 11778, 1, 6, 13 },
    { 0, 6, 6, 11, 2, 0, 11791, 1, 6, 13 },
    { 0, 6, 6, 11, 2, 0, 11804, 1, 6, 13 },
    { 0, 6, 6, 11, 2, 0, 11817, 1, 6, 13 },
    { 0, 6, 6, 11, 2, 0, 11830, 1, 6, 13 },
    { 0, 6, 6, 11, 2, 0, 11843, 1, 6, 13 },
    { 0, 6, 6, 11, 2, 0, 11856, 1, 6, 13 },
    { 0, 6, 6, 11, 2, 0, 11869, 1, 6, 13 },
    { 0, 6, 6, 11, 2, 0, 11882, 1, 6, 13 },
    { 0, 6, 6, 11, 2, 0, 11895, 1, 6, 13 },
    { 0, 6, 6, 11, 2, 0, 11908, 1, 6, 13 },
    { 0, 6, 6, 11, 2, 0, 11921, 1, 6, 13 },
    { 0, 6, 6, 11, 2, 0, 11934, 1, 6, 13 },
    { 0, 6, 6, 11, 2, 0, 11947, 1, 6, 13 },
    { 0, 6, 6, 11, 2, 0, 11960, 1, 6, 13 },
    { 0, 6, 6, 11, 2, 0, 11973, 1, 6, 13 },
    { 0, 6, 6, 11, 2, 0, 11986, 1, 6, 13 },
    { 0, 6, 6, 11, 2, 0, 11999, 1, 6, 13 },
    { 0, 6, 6, 11, 2, 0, 12012, 1, 6, 13 },
    { 0, 6, 6, 11, 2, 0, 12025, 1, 6, 13 },
    { 0, 6, 6, 11, 2, 0, 12038, 1, 6, 13 },
    { 0, 6, 6, 11, 2, 0, 12051, 1, 6, 13 },
    { 0, 6, 6, 11, 2, 0, 12064, 1, 6, 13 },
    { 0, 6, 6, 11, 2, 0, 12077, 1, 6, 13 },
    { 0, 6, 6, 11, 2, 0, 12090, 1, 6, 13 },
    { 0, 6, 6, 11, 2, 0, 12103, 1, 6, 13 },
    { 0, 6, 6, 11, 2, 0, 12116, 1, 6, 13 },
    { 0, 6, 6, 11, 2, 0, 12129, 1, 6, 13 },
    { 0, 6, 6, 11, 2, 0, 12142, 1, 6, 13 },
    { 0, 6, 6, 11, 2, 0, 12155, 1, 6, 13 },
    { 0, 6, 6, 11, 2, 0, 12168, 1, 6, 13 },
    { 0, 6, 6, 11, 2, 0, 12181, 1, 6, 13 },
    { 0, 6, 6, 11, 2, 0, 12194, 1, 6, 13 },
    { 0, 6, 6, 11, 2, 0, 12207, 1, 6, 13 },
    { 0, 6, 6, 11, 2, 0, 12220, 1, 6, 13 },
    { 0, 6, 6, 11, 2, 0, 12233, 1, 6, 13 },
    { 0, 6, 6, 11, 2, 0, 12246, 1, 6, 13 },
    { 0, 6, 6, 11, 2, 0, 12259, 1, 6, 13 },
    { 0, 6, 6, 11, 2, 0, 12272, 1, 6, 13 },
    { 0, 6, 6, 11, 2, 0, 12285, 1, 6, 13 },
    { 0, 6, 6, 11, 2, 0, 12298, 1, 6, 13 },
    { 0, 6, 6, 11, 2, 0, 12311, 1, 6, 13 },
    { 0, 6, 6, 11, 2, 0, 12324, 1, 6, 13 },
    { 0, 6, 6, 11, 2, 0, 12337, 1, 6, 13 },
    { 0, 6, 6, 11, 2, 0, 12350, 1, 6, 13 },
    { 0, 6, 6, 11, 2, 0, 12363, 1, 6, 13 },
    { 0, 6, 6, 11, 2, 0, 12376, 1, 6, 13 },
    { 0, 6, 6, 11, 2, 0, 12389, 1, 6, 13 },
    { 0, 6, 6, 11, 2, 0, 12402, 1, 6, 13 },
    { 0, 6, 6, 11, 2, 0, 12415, 1, 6, 13 },
    { 0, 6, 6, 11, 2, 0, 12428, 1, 6, 13 },
    { 0, 6, 6, 11, 2, 0, 12441, 1, 6, 13 },
    { 0, 6, 6, 11, 2, 0, 12454, 1, 6, 13 },
    { 0, 6, 6, 11, 2, 0, 12467, 1, 6, 13 },
    { 0, 6, 6, 11, 2, 0, 12480, 1, 6, 13 },
    { 0, 6, 6, 11, 2, 0, 12493, 1, 6, 13 },
    { 0, 6, 6, 11, 2, 0, 12506, 1, 6, 13 },
    { 0, 6, 6, 11, 2, 0, 12519, 1, 6, 13 },
    { 0, 6, 6, 11, 2, 0, 12532, 1, 6, 13 },
    { 0, 6, 6, 11, 2, 0, 12545, 1, 6, 13 },
    { 0, 6, 6, 11, 2, 0, 12558, 1, 6, 13 },
    { 0, 6, 6, 11, 2, 0, 12571, 1, 6, 13 },
    { 0, 6, 6, 11, 2, 0, 12584, 1, 6, 13 },
    { 0, 6, 6, 11, 2, 0, 12597, 1, 6, 13 },
    { 0, 6, 6, 11, 2, 0, 12610, 1, 6, 13 },
    { 0, 6, 6, 11, 2, 0, 12623, 1, 6, 13 },
    { 0, 6, 6, 11, 2, 0, 12636, 1, 6, 13 },
    { 0, 6, 6, 11, 2, 0, 12649, 1, 6, 13 },
    { 0, 6, 6, 11, 2, 0, 12662, 1, 6, 13 },
    { 0, 6, 6, 11, 2, 0, 12675, 1, 6, 13 },
    { 0, 6, 6, 11, 2, 0, 12688, 1, 6, 13 },
    { 0, 6, 6, 11, 2, 0, 12701, 1, 6, 13 },
    { 0, 6, 6, 11, 2, 0, 12714, 1, 6, 13 },
    { 0, 6, 6, 11, 2, 0, 12727, 1, 6, 13 },
    { 0, 6, 6, 11, 2, 0, 12740, 1, 6, 13 },
    { 0, 6, 6, 11, 2, 0, 12753, 1, 6, 13 },
    { 0, 6, 6, 11, 2, 0, 12766, 1, 6, 13 },
    { 0, 6, 6, 11, 2, 0, 12779, 1, 6, 13 },
    { 0, 6, 6, 11, 2, 0, 12792, 1, 6, 13 },
    { 0, 6, 6, 11, 2, 0, 12805, 1, 6, 13 },
    { 0, 6, 6, 11, 2, 0, 12818, 1, 6, 13 },
    { 0, 6, 6, 11, 2, 0, 12831, 1, 6, 13 },
    { 0, 6, 6, 11, 2, 0, 12844, 1, 6, 13 },
    { 0, 6, 6, 11, 2, 0, 12857, 1, 6, 13 },
    { 0, 6, 6, 11, 2, 0, 12870, 1, 6, 13 },
    { 0, 6, 6, 11, 2, 0, 12883, 1, 6, 13 },
    { 0, 6, 6, 11, 2, 0, 12896, 1, 6, 13 },
    { 0, 6, 6, 11, 2, 0, 12909, 1, 6, 13 },
    { 0, 6, 6, 11, 2, 0, 12922, 1, 6, 13 },
    { 0, 6, 6, 11, 2, 0, 12935, 1, 6, 13 },
    { 0, 6, 6, 11, 2, 0, 12948, 1, 6, 13 },
    { 0, 6, 6, 11, 2, 0, 12961, 1, 6, 13 },
    { 0, 6, 6, 11, 2, 0, 12974, 1, 6, 13 },
    { 0, 6, 6, 11, 2, 0, 12987, 1, 6, 13 },
    { 0, 6, 6, 11, 2, 0, 13000, 1, 6, 13 },
    { 0, 6, 6, 11, 2, 0, 13013, 1, 6, 13 },
    { 0, 6, 6, 11, 2, 0, 13026, 1, 6, 13 },
    { 0, 6, 6, 11, 2, 0, 13039, 1, 6, 13 },
    { 0, 6, 6, 11, 2, 0, 13052, 1, 6, 13 },
    { 0, 6, 6, 11, 2, 0, 13065, 1, 6, 13 },
    { 0, 6, 6, 11, 2, 0, 13078, 1, 6, 13 },
    { 0, 6, 6, 11, 2, 0, 13091, 1, 6, 13 },
    { 0, 6, 6, 11, 2, 0, 13104, 1, 6, 13 },
    { 0, 6, 6, 11, 2, 0, 13117, 1, 6, 13 },
    { 0, 6, 6, 11, 2, 0, 13130, 1, 6, 13 },
    { 0, 6, 6, 11, 2, 0, 13143, 1, 6, 13 },
    { 0, 6, 6, 11, 2, 0, 13156, 1, 6, 13 },
    { 0, 6, 6, 11, 2, 0, 13169, 1, 6, 13 },
    { 0, 6, 6, 11, 2, 0, 13182, 1, 6, 13 },
    { 0, 6, 6, 11, 2, 0, 13195, 1, 6, 13 },
    { 0, 6, 6, 11, 2, 0, 13208, 1, 6, 13 },
    { 0, 6, 6, 11, 2, 0, 13221, 1, 6, 13 },
    { 0, 6, 6, 11, 2, 0, 13234, 1, 6, 13 },
    { 0, 6, 6, 11, 2, 0, 13247, 1, 6, 13 },
    { 0, 6, 6, 11, 2, 0, 13260, 1, 6, 13 },
    { 0, 6, 6, 11, 2, 0, 13273, 1, 6, 13 },
    { 0, 6, 6, 11, 2, 0, 13286, 1, 6, 13 },
    { 0, 6, 6, 11, 2, 0, 13299, 1, 6, 13 },
    { 0, 6, 6, 11, 2, 0, 13312, 1, 6, 13 },
    { 0, 6, 6, 11, 2, 0, 13325, 1, 6, 13 },
    { 0, 6, 6, 11, 2, 0, 13338, 1, 6, 13 },
    { 0, 6, 6, 11, 2, 0, 13351, 1, 6, 13 },
    { 0, 6, 6, 11, 2, 0, 13364, 1, 6, 13 },
    { 0, 6, 6, 11, 2, 0, 13377, 1, 6, 13 },
    { 0, 6, 6, 11, 2, 0, 13390, 1, 6, 13 },
    { 0, 6, 6, 11, 2, 0, 13403, 1, 6, 13 },
    { 0, 6, 6, 11, 2, 0, 13416, 1, 6, 13 },
    { 0, 6, 6, 11, 2, 0, 13429, 1, 6, 13 },
    { 0, 6, 6, 11, 2, 0, 13442, 1, 6, 13 },
    { 0, 6, 6, 11, 2, 0, 13455, 1, 6, 13 },
    { 0, 6, 6, 11, 2, 0, 13468, 1, 6, 13 },
    { 0, 6, 6, 11, 2, 0, 13481, 1, 6, 13 },
    { 0, 6, 6, 11, 2, 0, 13494, 1, 6, 13 },
    { 0, 6, 6, 11, 2, 0, 13507, 1, 6, 13 },
    { 0, 6, 6, 11, 2, 0, 13520, 1, 6, 13 },
    { 0, 6, 6, 11, 2, 0, 13533, 1, 6, 13 },
    { 0, 6, 6, 11, 2, 0, 13546, 1, 6, 13 },
    { 0, 6, 6, 11, 2, 0, 13559, 1, 6, 13 },
    { 0, 6, 6, 11, 2, 0, 13572, 1, 6, 13 },
    { 0, 6, 6, 11, 2, 0, 13585, 1, 6, 13 },
    { 0, 6, 6, 11, 2, 0, 13598, 1, 6, 13 },
    { 0, 6, 6, 11, 2, 0, 13611, 1, 6, 13 },
    { 0, 6, 6, 11, 2, 0, 13624, 1, 6, 13 },
    { 0, 6, 6, 11, 2, 0, 13637, 1, 6, 13 },
    { 0, 6, 6, 11, 2, 0, 13650, 1, 6, 13 },
    { 0, 6, 6, 11, 2, 0, 13663, 1, 6, 13 },
    { 0, 6, 6, 11, 2, 0, 13676, 1, 6, 13 },
    { 0, 6, 6, 11, 2, 0, 13689, 1, 6, 13 },
    { 0, 6, 6, 11, 2, 0, 13702, 1, 6, 13 },
    { 0, 6, 6, 11, 2, 0, 13715, 1, 6, 13 },
    { 0, 6, 6, 11, 2, 0, 13728, 1, 6, 13 },
    { 0, 6, 6, 11, 2, 0, 13741, 1, 6, 13 },
    { 0, 6, 6, 11, 2, 0, 13754, 1, 6, 13 },
    { 0, 6, 6, 11, 2, 0, 13767, 1, 6, 13 },
    { 0, 6, 6, 11, 2, 0, 13780, 1, 6, 13 },
    { 0, 6, 6, 11, 2, 0, 13793, 1, 6, 13 },
    { 0, 6, 6, 11, 2, 0, 13806, 1, 6, 13 },
    { 0, 6, 6, 11, 2, 0, 13819, 1, 6, 13 },
    { 0, 6, 6, 11, 2, 0, 13832, 1, 6, 13 },
    { 0, 6, 6, 11, 2, 0, 13845, 1, 6, 13 },
    { 0, 6, 6, 11, 2, 0, 13858, 1, 6, 13 },
    { 0, 6, 6, 11, 2, 0, 13871, 1, 6, 13 },
    { 0, 6, 6, 11, 2, 0, 13884, 1, 6, 13 },
    { 0, 6, 6, 11, 2, 0, 13897, 1, 6, 13 },
    { 0, 6, 6, 11, 2, 0, 13910, 1, 6, 13 },
    { 0, 6, 6, 11, 2, 0, 13923, 1, 6, 13 },
    { 0, 6, 6, 11, 2, 0, 13936, 1, 6, 13 },
    { 0, 6, 6, 11, 2, 0, 13949, 1, 6, 13 },
    { 0, 6, 6, 11, 2, 0, 13962, 1, 6, 13 },
    { 0, 6, 6, 11, 2, 0, 13975, 1, 6, 13 },
    { 0, 6, 6, 11, 2, 0, 13988, 1, 6, 13 },
    { 0, 6, 6, 11, 2, 0, 14001, 1, 6, 13 },
    { 0, 6, 6, 11, 2, 0, 14014, 1, 6, 13 },
    { 0, 6, 6, 11, 2, 0, 14027, 1, 6, 13 },
    { 0, 6, 6, 11, 2, 0, 14040, 1, 6, 13 },
    { 0, 6, 6, 11, 2, 0, 14053, 1, 6, 13 },
    { 0, 6, 6, 11, 2, 0, 14066, 1, 6, 13 },
    { 0, 6, 6, 11, 2, 0, 14079, 1, 6, 13 },
    { 0, 6, 6, 11, 2, 0, 14092, 1, 6, 13 },
    { 0, 6, 6, 11, 2, 0, 14105, 1, 6, 13 },
    { 0, 6, 6, 11, 2, 0, 14118, 1, 6, 13 },
    { 0, 6, 6, 11, 2, 0, 14131, 1, 6, 13 },
    { 0, 6, 6, 11, 2, 0, 14144, 1, 6, 13 },
    { 0, 6, 6, 11, 2, 0, 14157, 1, 6, 13 },
    { 0, 6, 6, 11, 2, 0, 14170, 1, 6, 13 },
    { 0, 6, 6, 11, 2, 0, 14183, 1, 6, 13 },
    { 0, 6, 6, 11, 2, 0, 14196, 1, 6, 13 },
    { 0, 6, 6, 11, 2, 0, 14209, 1, 6, 13 },
    { 0, 6, 6, 11, 2, 0, 14222, 1, 6, 13 },
    { 0, 6, 6, 11, 2, 0, 14235, 1, 6, 13 },
    { 0, 6, 6, 11, 2, 0, 14248, 1, 6, 13 },
    { 0, 6, 6, 11, 2, 0, 14261, 1, 6, 13 },
    { 0, 6, 6, 11, 2, 0, 14274, 1, 6, 13 },
    { 0, 6, 6, 11, 2, 0, 14287, 1, 6, 13 },
    { 0, 6, 6, 11, 2, 0, 14300, 1, 6, 13 },
    { 0, 6, 6, 11, 2, 0, 14313, 1, 6, 13 },
    { 0, 6, 6, 11, 2, 0, 14326, 1, 6, 13 },
    { 0, 6, 6, 11, 2, 0, 14339, 1, 6, 13 },
    { 0, 6, 6, 11, 2, 0, 14352, 1, 6, 13 },
    { 0, 6, 6, 11, 2, 0, 14365, 1, 6, 13 },
    { 0, 6, 6, 11, 2, 0, 14378, 1, 6, 13 },
    { 0, 6, 6, 11, 2, 0, 14391, 1, 6, 13 },
    { 0, 6, 6, 11, 2, 0, 14404, 1, 6, 13 },
    { 0, 6, 6, 11, 2, 0, 14417, 1, 6, 13 },
    { 0, 6, 6, 11, 2, 0, 14430, 1, 6, 13 },
    { 0, 6, 6, 11, 2, 0, 14443, 1, 6, 13 },
    { 0, 6, 6, 11, 2, 0, 14456, 1, 6, 13 },
    { 0, 6, 6, 11, 2, 0, 14469, 1, 6, 13 },
    { 0, 6, 6, 11, 2, 0, 14482, 1, 6, 13 },
    { 0, 6, 6, 11, 2, 0, 14495, 1, 6, 13 },
    { 0, 6, 6, 11, 2, 0, 14508, 1, 6, 13 },
    { 0, 6, 6, 11, 2, 0, 14521, 1, 6, 13 },
    { 0, 6, 6, 11, 2, 0, 14534, 1, 6, 13 },
    { 0, 6, 6, 11, 2, 0, 14547, 1, 6, 13 },
    { 0, 6, 6, 11, 2, 0, 14560, 1, 6, 13 },
    { 0, 6, 6, 11, 2, 0, 14573, 1, 6, 13 },
    { 0, 6, 6, 11, 2, 0, 14586, 1, 6, 13 },
    { 0, 6, 6, 11, 2, 0, 14599, 1, 6, 13 },
    { 0, 6, 6, 11, 2, 0, 14612, 1, 6, 13 },
    { 0, 6, 6, 11, 2, 0, 14625, 1, 6, 13 },
    { 0, 6, 6, 11, 2, 0, 14638, 1, 6, 13 },
    { 0, 6, 6, 11, 2, 0, 14651, 1, 6, 13 },
    { 0, 6, 6, 11, 2, 0, 14664, 1, 6, 13 },
    { 0, 6, 6, 11, 2, 0, 14677, 1, 6, 13 },
    { 0, 6, 6, 11, 2, 0, 14690, 1, 6, 13 },
    { 0, 6, 6, 11, 2, 0, 14703, 1, 6, 13 },
    { 0, 6, 6, 11, 2, 0, 14716, 1, 6, 13 },
    { 0, 6, 6, 11, 2, 0, 14729, 1, 6, 13 },
    { 0, 6, 6, 11, 2, 0, 14742, 1, 6, 13 },
    { 0, 6, 6, 11, 2, 0, 14755, 1, 6, 13 },
    { 0, 6, 6, 11, 2, 0, 14768, 1, 6, 13 },
    { 0, 6, 6, 11, 2, 0, 14781, 1, 6, 13 },
    { 0, 6, 6, 11, 2, 0, 14794, 1, 6, 13 },
    { 0, 6, 6, 11, 2, 0, 14807, 1, 6, 13 },
    { 0, 6, 6, 11, 2, 0, 14820, 1, 6, 13 },
    { 0, 6, 6, 11, 2, 0, 14833, 1, 6, 13 },
    { 0, 6, 6, 11, 2, 0, 14846, 1, 6, 13 },
    { 0, 6, 6, 11, 2, 0, 14859, 1, 6, 13 },
    { 0, 6, 6, 11, 2, 0, 14872, 1, 6, 13 },
    { 0, 6, 6, 11, 2, 0, 14885, 1, 6, 13 },
    { 0, 6, 6, 11, 2, 0, 14898, 1, 6, 13 },
    { 0, 6, 6, 11, 2, 0, 14911, 1, 6, 13 },
    { 0, 6, 6, 11, 2, 0, 14924, 1, 6, 13 },
    { 0, 6, 6, 11, 2, 0, 14937, 1, 6, 13 },
    { 0, 6, 6, 11, 2, 0, 14950, 1, 6, 13 },
    { 0, 6, 6, 11, 2, 0, 14963, 1, 6, 13 },
    { 0, 6, 6, 11, 2, 0, 14976, 1, 6, 13 },
    { 0, 6, 6, 11, 2, 0, 14989, 1, 6, 13 },
    { 0, 6, 6, 11, 2, 0, 15002, 1, 6, 13 },
    { 0, 6, 6, 11, 2, 0, 15015, 1, 6, 13 },
    { 0, 6, 6, 11, 2, 0, 15028, 1, 6, 13 },
    { 0, 6, 6, 11, 2, 0, 15041, 1, 6, 13 },
    { 0, 6, 6, 11, 2, 0, 15054, 1, 6, 13 },
    { 0, 6, 6, 11, 2, 0, 15067, 1, 6, 13 },
    { 0, 6, 6, 11, 2, 0, 15080, 1, 6, 13 },
    { 0, 6, 6, 11, 2, 0, 15093, 1, 6, 13 },
    { 0, 6, 6, 11, 2, 0, 15106, 1, 6, 13 },
    { 0, 6, 6, 11, 2, 0, 15119, 1, 6, 13 },
    { 0, 6, 6, 11, 2, 0, 15132, 1, 6, 13 },
    { 0, 6, 6, 11, 2, 0, 15145, 1, 6, 13 },
    { 0, 6, 6, 11, 2, 0, 15158, 1, 6, 13 },
    { 0, 6, 6, 11, 2, 0, 15171, 1, 6, 13 },
    { 0, 6, 6, 11, 2, 0, 15184, 1, 6, 13 },
    { 0, 6, 6, 11, 2, 0, 15197, 1, 6, 13 },
    { 0, 6, 6, 11, 2, 0, 15210, 1, 6, 13 },
    { 0, 6, 6, 11, 2, 0, 15223, 1, 6, 13 },
    { 0, 6, 6, 11, 2, 0, 15236, 1, 6, 13 },
    { 0, 6, 6, 11, 2, 0, 15249, 1, 6, 13 },
    { 0, 6, 6, 11, 2, 0, 15262, 1, 6, 13 },
    { 0, 6, 6, 11, 2, 0, 15275, 1, 6, 13 },
    { 0, 6, 6, 11, 2, 0, 15288, 1, 6, 13 },
    { 0, 6, 6, 11, 2, 0, 15301, 1, 6, 13 },
    { 0, 6, 6, 11, 2, 0, 15314, 1, 6, 13 },
    { 0, 6, 6, 11, 2, 0, 15327, 1, 6, 13 },
    { 0, 6, 6, 11, 2, 0, 15340, 1, 6, 13 },
    { 0, 6, 6, 11, 2, 0, 15353, 1, 6, 13 },
    { 0, 6, 6, 11, 2, 0, 15366, 1, 6, 13 },
    { 0, 6, 6, 11, 2, 0, 15379, 1, 6, 13 },
    { 0, 6, 6, 11, 2, 0, 15392, 1, 6, 13 },
    { 0, 6, 6, 11, 2, 0, 15405, 1, 6, 13 },
    { 0, 6, 6, 11, 2, 0, 15418, 1, 6, 13 },
    { 0, 6, 6, 11, 2, 0, 15431, 1, 6, 13 },
    { 0, 6, 6, 11, 2, 0, 15444, 1, 6, 13 },
    { 0, 6, 6, 11, 2, 0, 15457, 1, 6, 13 },
    { 0, 6, 6, 11, 2, 0, 15470, 1, 6, 13 },
    { 0, 6, 6, 11, 2, 0, 15483, 1, 6, 13 },
    { 0, 6, 6, 11, 2, 0, 15496, 1, 6, 13 },
    { 0, 6, 6, 11, 2, 0, 15509, 1, 6, 13 },
    { 0, 6, 6, 11, 2, 0, 15522, 1, 6, 13 },
    { 0, 6, 6, 11, 2, 0, 15535, 1, 6, 13 },
    { 0, 6, 6, 11, 2, 0, 15548, 1, 6, 13 },
    { 0, 6, 6, 11, 2, 0, 15561, 1, 6, 13 },
    { 0, 6, 6, 11, 2, 0, 15574, 1, 6, 13 },
    { 0, 6, 6, 11, 2, 0, 15587, 1, 6, 13 },
    { 0, 6, 6, 11, 2, 0, 15600, 1, 6, 13 },
    { 0, 6, 6, 11, 2, 0, 15613, 1, 6, 13 },
    { 0, 6, 6, 11, 2, 0, 15626, 1, 6, 13 },
    { 0, 6, 6, 11, 2, 0, 15639, 1, 6, 13 },
    { 0, 6, 6, 11, 2, 0, 15652, 1, 6, 13 },
    { 0, 6, 6, 11, 2, 0, 15665, 1, 6, 13 },
    { 0, 6, 6, 11, 2, 0, 15678, 1, 6, 13 },
    { 0, 6, 6, 11, 2, 0, 15691, 1, 6, 13 },
    { 0, 6, 6, 11, 2, 0, 15704, 1, 6, 13 },
    { 0, 6, 6, 11, 2, 0, 15717, 1, 6, 13 },
    { 0, 6, 6, 11, 2, 0, 15730, 1, 6, 13 },
    { 0, 6, 6, 11, 2, 0, 15743, 1, 6, 13 },
    { 0, 6, 6, 11, 2, 0, 15756, 1, 6, 13 },
    { 0, 6, 6, 11, 2, 0, 15769, 1, 6, 13 },
    { 0, 6, 6, 11, 2, 0, 15782, 1, 6, 13 },
    { 0, 6, 6, 11, 2, 0, 15795, 1, 6, 13 },
    { 0, 6, 6, 11, 2, 0, 15808, 1, 6, 13 },
    { 0, 6, 6, 11, 2, 0, 15821, 1, 6, 13 },
    { 0, 6, 6, 11, 2, 0, 15834, 1, 6, 13 },
    { 0, 6, 6, 11, 2, 0, 15847, 1, 6, 13 },
    { 0, 6, 6, 11, 2, 0, 15860, 1, 6, 13 },
    { 0, 6, 6, 11, 2, 0, 15873, 1, 6, 13 },
    { 0, 6, 6, 11, 2, 0, 15886, 1, 6, 13 },
    { 0, 6, 6, 11, 2, 0, 15899, 1, 6, 13 },
    { 0, 6, 6, 11, 2, 0, 15912, 1, 6, 13 },
    { 0, 6, 6, 11, 2, 0, 15925, 1, 6, 13 },
    { 0, 6, 6, 11, 2, 0, 15938, 1, 6, 13 },
    { 0, 6, 6, 11, 2, 0, 15951, 1, 6, 13 },
    { 0, 6, 6, 11, 2, 0, 15964, 1, 6, 13 },
    { 0, 6, 6, 11, 2, 0, 15977, 1, 6, 13 },
    { 0, 6, 6, 11, 2, 0, 15990, 1, 6, 13 },
    { 0, 6, 6, 11, 2, 0, 16003, 1, 6, 13 },
    { 0, 6, 6, 11, 2, 0, 16016, 1, 6, 13 },
    { 0, 6, 6, 11, 2, 0, 16029, 1, 6, 13 },
    { 0, 6, 6, 11, 2, 0, 16042, 1, 6, 13 },
    { 0, 6, 6, 11, 2, 0, 16055, 1, 6, 13 },
    { 0, 6, 6, 11, 2, 0, 16068, 1, 6, 13 },
    { 0, 6, 6, 11, 2, 0, 16081, 1, 6, 13 },
    { 0, 6, 6, 11, 2, 0, 16094, 1, 6, 13 },
    { 0, 6, 6, 11, 2, 0, 16107, 1, 6, 13 },
    { 0, 6, 6, 11, 2, 0, 16120, 1, 6, 13 },
    { 0, 6, 6, 11, 2, 0, 16133, 1, 6, 13 },
    { 0, 6, 6, 11, 2, 0, 16146, 1, 6, 13 },
    { 0, 6, 6, 11, 2, 0, 16159, 1, 6, 13 },
    { 0, 6, 6, 11, 2, 0, 16172, 1, 6, 13 },
    { 0, 6, 6, 11, 2, 0, 16185, 1, 6, 13 },
    { 0, 6, 6, 11, 2, 0, 16198, 1, 6, 13 },
    { 0, 6, 6, 11, 2, 0, 16211, 1, 6, 13 },
    { 0, 6, 6, 11, 2, 0, 16224, 1, 6, 13 },
    { 0, 6, 6, 11, 2, 0, 16237, 1, 6, 13 },
    { 0, 6, 6, 11, 2, 0, 16250, 1, 6, 13 },
    { 0, 6, 6, 11, 2, 0, 16263, 1, 6, 13 },
    { 0, 6, 6, 11, 2, 0, 16276, 1, 6, 13 },
    { 0, 6, 6, 11, 2, 0, 16289, 1, 6, 13 },
    { 0, 6, 6, 11, 2, 0, 16302, 1, 6, 13 },
    { 0, 6, 6, 11, 2, 0, 16315, 1, 6, 13 },
    { 0, 6, 6, 11, 2, 0, 16328, 1, 6, 13 },
    { 0, 6, 6, 11, 2, 0, 16341, 1, 6, 13 },
    { 0, 6, 6, 11, 2, 0, 16354, 1, 6, 13 },
    { 0, 6, 6, 11, 2, 0, 16367, 1, 6, 13 },
    { 0, 6, 6, 11, 2, 0, 16380, 1, 6, 13 },
    { 0, 6, 6, 11, 2, 0, 16393, 1, 6, 13 },
    { 0, 6, 6, 11, 2, 0, 16406, 1, 6, 13 },
    { 0, 6, 6, 11, 2, 0, 16419, 1, 6, 13 },
    { 0, 6, 6, 11, 2, 0, 16432, 1, 6, 13 },
    { 0, 6, 6, 11, 2, 0, 16445, 1, 6, 13 },
    { 0, 6, 6, 11, 2, 0, 16458, 1, 6, 13 },
    { 0, 6, 6, 11, 2, 0, 16471, 1, 6, 13 },
    { 0, 6, 6, 11, 2, 0, 16484, 1, 6, 13 },
    { 0, 6, 6, 11, 2, 0, 16497, 1, 6, 13 },
    { 0, 6, 6, 11, 2, 0, 16510, 1, 6, 13 },
    { 0, 6, 6, 11, 2, 0, 16523, 1, 6, 13 },
    { 0, 6, 6, 11, 2, 0, 16536, 1, 6, 13 },
    { 0, 6, 6, 11, 2, 0, 16549, 1, 6, 13 },
    { 0, 6, 6, 11, 2, 0, 16562, 1, 6, 13 },
    { 0, 6, 6, 11, 2, 0, 16575, 1, 6, 13 },
    { 0, 6, 6, 11, 2, 0, 16588, 1, 6, 13 },
    { 0, 6, 6, 11, 2, 0, 16601, 1, 6, 13 },
    { 0, 6, 6, 11, 2, 0, 16614, 1, 6, 13 },
    { 0, 6, 6, 11, 2, 0, 16627, 1, 6, 13 },
    { 0, 6, 6, 11, 2, 0, 16640, 1, 6, 13 },
    { 0, 6, 6, 11, 2, 0, 16653, 1, 6, 13 },
    { 0, 6, 6, 11, 2, 0, 16666, 1, 6, 13 },
    { 0, 6, 6, 11, 2, 0, 16679, 1, 6, 13 },
    { 0, 6, 6, 11, 2, 0, 16692, 1, 6, 13 },
    { 0, 6, 6, 11, 2, 0, 16705, 1, 6, 13 },
    { 0, 6, 6, 11, 2, 0, 16718, 1, 6, 13 },
    { 0, 6, 6, 11, 2, 0, 16731, 1, 6, 13 },
    { 0, 6, 6, 11, 2, 0, 16744, 1, 6, 13 },
    { 0, 6, 6, 11, 2, 0, 16757, 1, 6, 13 },
    { 0, 6, 6, 11, 2, 0, 16770, 1, 6, 13 },
    { 0, 6, 6, 11, 2, 0, 16783, 1, 6, 13 },
    { 0, 6, 6, 11, 2, 0, 16796, 1, 6, 13 },
    { 0, 6, 6, 11, 2, 0, 16809, 1, 6, 13 },
    { 0, 6, 6, 11, 2, 0, 16822, 1, 6, 13 },
    { 0, 6, 6, 11, 2, 0, 16835, 1, 6, 13 },
    { 0, 6, 6, 11, 2, 0, 16848, 1, 6, 13 },
    { 0, 6, 6, 11, 2, 0, 16861, 1, 6, 13 },
    { 0, 6, 6, 11, 2, 0, 16874, 1, 6, 13 },
    { 0, 6, 6, 11, 2, 0, 16887, 1, 6, 13 },
    { 0, 6, 6, 11, 2, 0, 16900, 1, 6, 13 },
    { 0, 6, 6, 11, 2, 0, 16913, 1, 6, 13 },
    { 0, 6, 6, 11, 2, 0, 16926, 1, 6, 13 },
    { 0, 6, 6, 11, 2, 0, 16939, 1, 6, 13 },
    { 0, 6, 6, 11, 2, 0, 16952, 1, 6, 13 },
    { 0, 6, 6, 11, 2, 0, 16965, 1, 6, 13 },
    { 0, 6, 6, 11, 2, 0, 16978, 1, 6, 13 },
    { 0, 6, 6, 11, 2, 0, 16991, 1, 6, 13 },
    { 0, 6, 6, 11, 2, 0, 17004, 1, 6, 13 },
    { 0, 6, 6, 11, 2, 0, 17017, 1, 6, 13 },
    { 0, 6, 6, 11, 2, 0, 17030, 1, 6, 13 },
    { 0, 6, 6, 11, 2, 0, 17043, 1, 6, 13 },
    { 0, 6, 6, 11, 2, 0, 17056, 1, 6, 13 },
    { 0, 6, 6, 11, 2, 0, 17069, 1, 6, 13 },
    { 0, 6, 6, 11, 2, 0, 17082, 1, 6, 13 },
    { 0, 6, 6, 11, 2, 0, 17095, 1, 6, 13 },
    { 0, 6, 6, 11, 2, 0, 17108, 1, 6, 13 },
    { 0, 6, 6, 11, 2, 0, 17121, 1, 6, 13 },
    { 0, 6, 6, 11, 2, 0, 17134, 1, 6, 13 },
    { 0, 6, 6, 11, 2, 0, 17147, 1, 6, 13 },
    { 0, 6, 6, 11, 2, 0, 17160, 1, 6, 13 },
    { 0, 6, 6, 11, 2, 0, 17173, 1, 6, 13 },
    { 0, 6, 6, 11, 2, 0, 17186, 1, 6, 13 },
    { 0, 6, 6, 11, 2, 0, 17199, 1, 6, 13 },
    { 0, 6, 6, 11, 2, 0, 17212, 1, 6, 13 },
    { 0, 6, 6, 11, 2, 0, 17225, 1, 6, 13 },
    { 0, 6, 6, 11, 2, 0, 17238, 1, 6, 13 },
    { 0, 6, 6, 11, 2, 0, 17251, 1, 6, 13 },
    { 0, 6, 6, 11, 2, 0, 17264, 1, 6, 13 },
    { 0, 6, 6, 11, 2, 0, 17277, 1, 6, 13 },
    { 0, 6, 6, 11, 2, 0, 17290, 1, 6, 13 },
    { 0, 6, 6, 11, 2, 0, 17303, 1, 6, 13 },
    { 0, 6, 6, 11, 2, 0, 17316, 1, 6, 13 },
    { 0, 6, 6, 11, 2, 0, 17329, 1, 6, 13 },
    { 0, 6, 6, 11, 2, 0, 17342, 1, 6, 13 },
    { 0, 6, 6, 11, 2, 0, 17355, 1, 6, 13 },
    { 0, 6, 6, 11, 2, 0, 17368, 1, 6, 13 },
    { 0, 6, 6, 11, 2, 0, 17381, 1, 6, 13 },
    { 0, 6, 6, 11, 2, 0, 17394, 1, 6, 13 },
    { 0, 6, 6, 11, 2, 0, 17407, 1, 6, 13 },
    { 0, 6, 6, 11, 2, 0, 17420, 1, 6, 13 },
    { 0, 6, 6, 11, 2, 0, 17433, 1, 6, 13 },
    { 0, 6, 6, 11, 2, 0, 17446, 1, 6, 13 },
    { 0, 6, 6, 11, 2, 0, 17459, 1, 6, 13 },
    { 0, 6, 6, 11, 2, 0, 17472, 1, 6, 13 },
    { 0, 6, 6, 11, 2, 0, 17485, 1, 6, 13 },
    { 0, 6, 6, 11, 2, 0, 17498, 1, 6, 13 },
    { 0, 6, 6, 11, 2, 0, 17511, 1, 6, 13 },
    { 0, 6, 6, 11, 2, 0, 17524, 1, 6, 13 },
    { 0, 6, 6, 11, 2, 0, 17537, 1, 6, 13 },
    { 0, 6, 6, 11, 2, 0, 17550, 1, 6, 13 },
    { 0, 6, 6, 11, 2, 0, 17563, 1, 6, 13 },
    { 0, 6, 6, 11, 2, 0, 17576, 1, 6, 13 },
    { 0, 6, 6, 11, 2, 0, 17589, 1, 6, 13 },
    { 0, 6, 6, 11, 2, 0, 17602, 1, 6, 13 },
    { 0, 6, 6, 11, 2, 0, 17615, 1, 6, 13 },
    { 0, 6, 6, 11, 2, 0, 17628, 1, 6, 13 },
    { 0, 6, 6, 11, 2, 0, 17641, 1, 6, 13 },
    { 0, 6, 6, 11, 2, 0, 17654, 1, 6, 13 },
    { 0, 6, 6, 11, 2, 0, 17667, 1, 6, 13 },
    { 0, 6, 6, 11, 2, 0, 17680, 1, 6, 13 },
    { 0, 6, 6, 11, 2, 0, 17693, 1, 6, 13 },
    { 0, 6, 6, 11, 2, 0, 17706, 1, 6, 13 },
    { 0, 6, 6, 11, 2, 0, 17719, 1, 6, 13 },
    { 0, 6, 6, 11, 2, 0, 17732, 1, 6, 13 },
    { 0, 6, 6, 11, 2, 0, 17745, 1, 6, 13 },
    { 0, 6, 6, 11, 2, 0, 17758, 1, 6, 13 },
    { 0, 6, 6, 11, 2, 0, 17771, 1, 6, 13 },
    { 0, 6, 6, 11, 2, 0, 17784, 1, 6, 13 },
    { 0, 6, 6, 11, 2, 0, 17797, 1, 6, 13 },
    { 0, 6, 6, 11, 2, 0, 17810, 1, 6, 13 },
    { 0, 6, 6, 11, 2, 0, 17823, 1, 6, 13 },
    { 0, 6, 6, 11, 2, 0, 17836, 1, 6, 13 },
    { 0, 6, 6, 11, 2, 0, 17849, 1, 6, 13 },
    { 0, 6, 6, 11, 2, 0, 17862, 1, 6, 13 },
    { 0, 6, 6, 11, 2, 0, 17875, 1, 6, 13 },
    { 0, 6, 6, 11, 2, 0, 17888, 1, 6, 13 },
    { 0, 6, 6, 11, 2, 0, 17901, 1, 6, 13 },
    { 0, 6, 6, 11, 2, 0, 17914, 1, 6, 13 },
    { 0, 6, 6, 11, 2, 0, 17927, 1, 6, 13 },
    { 0, 6, 6, 11, 2, 0, 17940, 1, 6, 13 },
    { 0, 6, 6, 11, 2, 0, 17953, 1, 6, 13 },
    { 0, 6, 6, 11, 2, 0, 17966, 1, 6, 13 },
    { 0, 6, 6, 11, 2, 0, 17979, 1, 6, 13 },
    { 0, 6, 6, 11, 2, 0, 17992, 1, 6, 13 },
    { 0, 6, 6, 11, 2, 0, 18005, 1, 6, 13 },
    { 0, 6, 6, 11, 2, 0, 18018, 1, 6, 13 },
    { 0, 6, 6, 11, 2, 0, 18031, 1, 6, 13 },
    { 0, 6, 6, 11, 2, 0, 18044, 1, 6, 13 },
    { 0, 6, 6, 11, 2, 0, 18057, 1, 6, 13 },
    { 0, 6, 6, 11, 2, 0, 18070, 1, 6, 13 },
    { 0, 6, 6, 11, 2, 0, 18083, 1, 6, 13 },
    { 0, 6, 6, 11, 2, 0, 18096, 1, 6, 13 },
    { 0, 6, 6, 11, 2, 0, 18109, 1, 6, 13 },
    { 0, 6, 6, 11, 2, 0, 18122, 1, 6, 13 },
    { 0, 6, 6, 11, 2, 0, 18135, 1, 6, 13 },
    { 0, 6, 6, 11, 2, 0, 18148, 1, 6, 13 },
    { 0, 6, 6, 11, 2, 0, 18161, 1, 6, 13 },
    { 0, 6, 6, 11, 2, 0, 18174, 1, 6, 13 },
    { 0, 6, 6, 11, 2, 0, 18187, 1, 6, 13 },
    { 0, 6, 6, 11, 2, 0, 18200, 1, 6, 13 },
    { 0, 6, 6, 11, 2, 0, 18213, 1, 6, 13 },
    { 0, 6, 6, 11, 2, 0, 18226, 1, 6, 13 },
    { 0, 6, 6, 11, 2, 0, 18239, 1, 6, 13 },
    { 0, 6, 6, 11, 2, 0, 18252, 1, 6, 13 },
    { 0, 6, 6, 11, 2, 0, 18265, 1, 6, 13 },
    { 0, 6, 6, 11, 2, 0, 18278, 1, 6, 13 },
    { 0, 6, 6, 11, 2, 0, 18291, 1, 6, 13 },
    { 0, 6, 6, 11, 2, 0, 18304, 1, 6, 13 },
    { 0, 6, 6, 11, 2, 0, 18317, 1, 6, 13 },
    { 0, 6, 6, 11, 2, 0, 18330, 1, 6, 13 },
    { 0, 6, 6, 11, 2, 0, 18343, 1, 6, 13 },
    { 0, 6, 6, 11, 2, 0, 18356, 1, 6, 13 },
    { 0, 6, 6, 11, 2, 0, 18369, 1, 6, 13 },
    { 0, 6, 6, 11, 2, 0, 18382, 1, 6, 13 },
    { 0, 6, 6, 11, 2, 0, 18395, 1, 6, 13 },
    { 0, 6, 6, 11, 2, 0, 18408, 1, 6, 13 },
    { 0, 6, 6, 11, 2, 0, 18421, 1, 6, 13 },
    { 0, 6, 6, 11, 2, 0, 18434, 1, 6, 13 },
    { 0, 6, 6, 11, 2, 0, 18447, 1, 6, 13 },
    { 0, 6, 6, 11, 2, 0, 18460, 1, 6, 13 },
    { 0, 6, 6, 11, 2, 0, 18473, 1, 6, 13 },
    { 0, 6, 6, 11, 2, 0, 18486, 1, 6, 13 },
    { 0, 6, 6, 11, 2, 0, 18499, 1, 6, 13 },
    { 0, 6, 6, 11, 2, 0, 18512, 1, 6, 13 },
    { 0, 6, 6, 11, 2, 0, 18525, 1, 6, 13 },
    { 0, 6, 6, 11, 2, 0, 18538, 1, 6, 13 },
    { 0, 6, 6, 11, 2, 0, 18551, 1, 6, 13 },
    { 0, 6, 6, 11, 2, 0, 18564, 1, 6, 13 },
    { 0, 6, 6, 11, 2, 0, 18577, 1, 6, 13 },
    { 0, 6, 6, 11, 2, 0, 18590, 1, 6, 13 },
    { 0, 6, 6, 11, 2, 0, 18603, 1, 6, 13 },
    { 0, 6, 6, 11, 2, 0, 18616, 1, 6, 13 },
    { 0, 6, 6, 11, 2, 0, 18629, 1, 6, 13 },
    { 0, 6, 6, 11, 2, 0, 18642, 1, 6, 13 },
    { 0, 6, 6, 11, 2, 0, 18655, 1, 6, 13 },
    { 0, 6, 6, 11, 2, 0, 18668, 1, 6, 13 },
    { 0, 6, 6, 11, 2, 0, 18681, 1, 6, 13 },
    { 0, 6, 6, 11, 2, 0, 18694, 1, 6, 13 },
    { 0, 6, 6, 11, 2, 0, 18707, 1, 6, 13 },
    { 0, 6, 6, 11, 2, 0, 18720, 1, 6, 13 },
    { 0, 6, 6, 11, 2, 0, 18733, 1, 6, 13 },
    { 0, 6, 6, 11, 2, 0, 18746, 1, 6, 13 },
    { 0, 6, 6, 11, 2, 0, 18759, 1, 6, 13 },
    { 0, 6, 6, 11, 2, 0, 18772, 1, 6, 13 },
    { 0, 6, 6, 11, 2, 0, 18785, 1, 6, 13 },
    { 0, 6, 6, 11, 2, 0, 18798, 1, 6, 13 },
    { 0, 6, 6, 11, 2, 0, 18811, 1, 6, 13 },
    { 0, 6, 6, 11, 2, 0, 18824, 1, 6, 13 },
    { 0, 6, 6, 11, 2, 0, 18837, 1, 6, 13 },
    { 0, 6, 6, 11, 2, 0, 18850, 1, 6, 13 },
    { 0, 6, 6, 11, 2, 0, 18863, 1, 6, 13 },
    { 0, 6, 6, 11, 2, 0, 18876, 1, 6, 13 },
    { 0, 6, 6, 11, 2, 0, 18889, 1, 6, 13 },
    { 0, 6, 6, 11, 2, 0, 18902, 1, 6, 13 },
    { 0, 6, 6, 11, 2, 0, 18915, 1, 6, 13 },
    { 0, 6, 6, 11, 2, 0, 18928, 1, 6, 13 },
    { 0, 6, 6, 11, 2, 0, 18941, 1, 6, 13 },
    { 0, 6, 6, 11, 2, 0, 18954, 1, 6, 13 },
    { 0, 6, 6, 11, 2, 0, 18967, 1, 6, 13 },
    { 0, 6, 6, 11, 2, 0, 18980, 1, 6, 13 },
    { 0, 6, 6, 11, 2, 0, 18993, 1, 6, 13 },
    { 0, 6, 6, 11, 2, 0, 19006, 1, 6, 13 },
    { 0, 6, 6, 11, 2, 0, 19019, 1, 6, 13 },
    { 0, 6, 6, 11, 2, 0, 19032, 1, 6, 13 },
    { 0, 6, 6, 11, 2, 0, 19045, 1, 6, 13 },
    { 0, 6, 6, 11, 2, 0, 19058, 1, 6, 13 },
    { 0, 6, 6, 11, 2, 0, 19071, 1, 6, 13 },
    { 0, 6, 6, 11, 2, 0, 19084, 1, 6, 13 },
    { 0, 6, 6, 11, 2, 0, 19097, 1, 6, 13 },
    { 0, 6, 6, 11, 2, 0, 19110, 1, 6, 13 },
    { 0, 6, 6, 11, 2, 0, 19123, 1, 6, 13 },
    { 0, 6, 6, 11, 2, 0, 19136, 1, 6, 13 },
    { 0, 6, 6, 11, 2, 0, 19149, 1, 6, 13 },
    { 0, 6, 6, 11, 2, 0, 19162, 1, 6, 13 },
    { 0, 6, 6, 11, 2, 0, 19175, 1, 6, 13 },
    { 0, 6, 6, 11, 2, 0, 19188, 1, 6, 13 },
    { 0, 6, 6, 11, 2, 0, 19201, 1, 6, 13 },
    { 0, 6, 6, 11, 2, 0, 19214, 1, 6, 13 },
    { 0, 6, 6, 11, 2, 0, 19227, 1, 6, 13 },
    { 0, 6, 6, 11, 2, 0, 19240, 1, 6, 13 },
    { 0, 6, 6, 11, 2, 0, 19253, 1, 6, 13 },
    { 0, 6, 6, 11, 2, 0, 19266, 1, 6, 13 },
    { 0, 6, 6, 11, 2, 0, 19279, 1, 6, 13 },
    { 0, 6, 6, 11, 2, 0, 19292, 1, 6, 13 },
    { 0, 6, 6, 11, 2, 0, 19305, 1, 6, 13 },
    { 0, 6, 6, 11, 2, 0, 19318, 1, 6, 13 },
    { 0, 6, 6, 11, 2, 0, 19331, 1, 6, 13 },
    { 0, 6, 6, 11, 2, 0, 19344, 1, 6, 13 },
    { 0, 6, 6, 11, 2, 0, 19357, 1, 6, 13 },
    { 0, 6, 6, 11, 2, 0, 19370, 1, 6, 13 },
    { 0, 6, 6, 11, 2, 0, 19383, 1, 6, 13 },
    { 0, 6, 6, 11, 2, 0, 19396, 1, 6, 13 },
    { 0, 6, 6, 11, 2, 0, 19409, 1, 6, 13 },
    { 0, 6, 6, 11, 2, 0, 19422, 1, 6, 13 },
    { 0, 6, 6, 11, 2, 0, 19435, 1, 6, 13 },
    { 0, 6, 6, 11, 2, 0, 19448, 1, 6, 13 },
    { 0, 6, 6, 11, 2, 0, 19461, 1, 6, 13 },
    { 0, 6, 6, 11, 2, 0, 19474, 1, 6, 13 },
    { 0, 6, 6, 11, 2, 0, 19487, 1, 6, 13 },
    { 0, 6, 6, 11, 2, 0, 19500, 1, 6, 13 },
    { 0, 6, 6, 11, 2, 0, 19513, 1, 6, 13 },
    { 0, 6, 6, 11, 2, 0, 19526, 1, 6, 13 },
    { 0, 6, 6, 11, 2, 0, 19539, 1, 6, 13 },
    { 0, 6, 6, 11, 2, 0, 19552, 1, 6, 13 },
    { 0, 6, 6, 11, 2, 0, 19565, 1, 6, 13 },
    { 0, 6, 6, 11, 2, 0, 19578, 1, 6, 13 },
    { 0, 6, 6, 11, 2, 0, 19591, 1, 6, 13 },
    { 0, 6, 6, 11, 2, 0, 19604, 1, 6, 13 },
    { 0, 6, 6, 11, 2, 0, 19617, 1, 6, 13 },
    { 0, 6, 6, 11, 2, 0, 19630, 1, 6, 13 },
    { 0, 6, 6, 11, 2, 0, 19643, 1, 6, 13 },
    { 0, 6, 6, 11, 2, 0, 19656, 1, 6, 13 },
    { 0, 6, 6, 11, 2, 0, 19669, 1, 6, 13 },
    { 0, 6, 6, 11, 2, 0, 19682, 1, 6, 13 },
    { 0, 6, 6, 11, 2, 0, 19695, 1, 6, 13 },
    { 0, 6, 6, 11, 2, 0, 19708, 1, 6, 13 },
    { 0, 6, 6, 11, 2, 0, 19721, 1, 6, 13 },
    { 0, 6, 6, 11, 2, 0, 19734, 1, 6, 13 },
    { 0, 6, 6, 11, 2, 0, 19747, 1, 6, 13 },
    { 0, 6, 6, 11, 2, 0, 19760, 1, 6, 13 },
    { 0, 6, 6, 11, 2, 0, 19773, 1, 6, 13 },
    { 0, 6, 6, 11, 2, 0, 19786, 1, 6, 13 },
    { 0, 6, 6, 11, 2, 0, 19799, 1, 6, 13 },
    { 0, 6, 6, 11, 2, 0, 19812, 1, 6, 13 },
    { 0, 6, 6, 11, 2, 0, 19825, 1, 6, 13 },
    { 0, 6, 6, 11, 2, 0, 19838, 1, 6, 13 },
    { 0, 6, 6, 11, 2, 0, 19851, 1, 6, 13 },
    { 0, 6, 6, 11, 2, 0, 19864, 1, 6, 13 },
    { 0, 6, 6, 11, 2, 0, 19877, 1, 6, 13 },
    { 0, 6, 6, 11, 2, 0, 19890, 1, 6, 13 },
    { 0, 6, 6, 11, 2, 0, 19903, 1, 6, 13 },
    { 0, 6, 6, 11, 2, 0, 19916, 1, 6, 13 },
    { 0, 6, 6, 11, 2, 0, 19929, 1, 6, 13 },
    { 0, 6, 6, 11, 2, 0, 19942, 1, 6, 13 },
    { 0, 6, 6, 11, 2, 0, 19955, 1, 6, 13 },
    { 0, 6, 6, 11, 2, 0, 19968, 1, 6, 13 },
    { 0, 6, 6, 11, 2, 0, 19981, 1, 6, 13 },
    { 0, 6, 6, 11, 2, 0, 19994, 1, 6, 13 },
    { 0, 6, 6, 11, 2, 0, 20007, 1, 6, 13 },
    { 0, 6, 6, 11, 2, 0, 20020, 1, 6, 13 },
    { 0, 6, 6, 11, 2, 0, 20033, 1, 6, 13 },
    { 0, 6, 6, 11, 2, 0, 20046, 1, 6, 13 },
    { 0, 6, 6, 11, 2, 0, 20059, 1, 6, 13 },
    { 0, 6, 6, 11, 2, 0, 20072, 1, 6, 13 },
    { 0, 6, 6, 11, 2, 0, 20085, 1, 6, 13 },
    { 0, 6, 6, 11, 2, 0, 20098, 1, 6, 13 },
    { 0, 6, 6, 11, 2, 0, 20111, 1, 6, 13 },
    { 0, 6, 6, 11, 2, 0, 20124, 1, 6, 13 },
    { 0, 6, 6, 11, 2, 0, 20137, 1, 6, 13 },
    { 0, 6, 6, 11, 2, 0, 20150, 1, 6, 13 },
    { 0, 6, 6, 11, 2, 0, 20163, 1, 6, 13 },
    { 0, 6, 6, 11, 2, 0, 20176, 1, 6, 13 },
    { 0, 6, 6, 11, 2, 0, 20189, 1, 6, 13 },
    { 0, 6, 6, 11, 2, 0, 20202, 1, 6, 13 },
    { 0, 6, 6, 11, 2, 0, 20215, 1, 6, 13 },
    { 0, 6, 6, 11, 2, 0, 20228, 1, 6, 13 },
    { 0, 6, 6, 11, 2, 0, 20241, 1, 6, 13 },
    { 0, 6, 6, 11, 2, 0, 20254, 1, 6, 13 },
    { 0, 6, 6, 11, 2, 0, 20267, 1, 6, 13 },
    { 0, 6, 6, 11, 2, 0, 20280, 1, 6, 13 },
    { 0, 6, 6, 11, 2, 0, 20293, 1, 6, 13 },
    { 0, 6, 6, 11, 2, 0, 20306, 1, 6, 13 },
    { 0, 6, 6, 11, 2, 0, 20319, 1, 6, 13 },
    { 0, 6, 6, 11, 2, 0, 20332, 1, 6, 13 },
    { 0, 6, 6, 11, 2, 0, 20345, 1, 6, 13 },
    { 0, 6, 6, 11, 2, 0, 20358, 1, 6, 13 },
    { 0, 6, 6, 11, 2, 0, 20371, 1, 6, 13 },
    { 0, 6, 6, 11, 2, 0, 20384, 1, 6, 13 },
    { 0, 6, 6, 11, 2, 0, 20397, 1, 6, 13 },
    { 0, 6, 6, 11, 2, 0, 20410, 1, 6, 13 },
    { 0, 6, 6, 11, 2, 0, 20423, 1, 6, 13 },
    { 0, 6, 6, 11, 2, 0, 20436, 1, 6, 13 },
    { 0, 6, 6, 11, 2, 0, 20449, 1, 6, 13 },
    { 0, 6, 6, 11, 2, 0, 20462, 1, 6, 13 },
    { 0, 6, 6, 11, 2, 0, 20475, 1, 6, 13 },
    { 0, 6, 6, 11, 2, 0, 20488, 1, 6, 13 },
    { 0, 6, 6, 11, 2, 0, 20501, 1, 6, 13 },
    { 0, 6, 6, 11, 2, 0, 20514, 1, 6, 13 },
    { 0, 6, 6, 11, 2, 0, 20527, 1, 6, 13 },
    { 0, 6, 6, 11, 2, 0, 20540, 1, 6, 13 },
    { 0, 6, 6, 11, 2, 0, 20553, 1, 6, 13 },
    { 0, 6, 6, 11, 2, 0, 20566, 1, 6, 13 },
    { 0, 6, 6, 11, 2, 0, 20579, 1, 6, 13 },
    { 0, 6, 6, 11, 2, 0, 20592, 1, 6, 13 },
    { 0, 6, 6, 11, 2, 0, 20605, 1, 6, 13 },
    { 0, 6, 6, 11, 2, 0, 20618, 1, 6, 13 },
    { 0, 6, 6, 11, 2, 0, 20631, 1, 6, 13 },
    { 0, 6, 6, 11, 2, 0, 20644, 1, 6, 13 },
    { 0, 6, 6, 11, 2, 0, 20657, 1, 6, 13 },
    { 0, 6, 6, 11, 2, 0, 20670, 1, 6, 13 },
    { 0, 6, 6, 11, 2, 0, 20683, 1, 6, 13 },
    { 0, 6, 6, 11, 2, 0, 20696, 1, 6, 13 },
    { 0, 6, 6, 11, 2, 0, 20709, 1, 6, 13 },
    { 0, 6, 6, 11, 2, 0, 20722, 1, 6, 13 },
    { 0, 6, 6, 11, 2, 0, 20735, 1, 6, 13 },
    { 0, 6, 6, 11, 2, 0, 20748, 1, 6, 13 },
    { 0, 6, 6, 11, 2, 0, 20761, 1, 6, 13 },
    { 0, 6, 6, 11, 2, 0, 20774, 1, 6, 13 },
    { 0, 6, 6, 11, 2, 0, 20787, 1, 6, 13 },
    { 0, 6, 6, 11, 2, 0, 20800, 1, 6, 13 },
    { 0, 6, 6, 11, 2, 0, 20813, 1, 6, 13 },
    { 0, 6, 6, 11, 2, 0, 20826, 1, 6, 13 },
    { 0, 6, 6, 11, 2, 0, 20839, 1, 6, 13 },
    { 0, 6, 6, 11, 2, 0, 20852, 1, 6, 13 },
    { 0, 6, 6, 11, 2, 0, 20865, 1, 6, 13 },
    { 0, 6, 6, 11, 2, 0, 20878, 1, 6, 13 },
    { 0, 6, 6, 11, 2, 0, 20891, 1, 6, 13 },
    { 0, 6, 6, 11, 2, 0, 20904, 1, 6, 13 },
    { 0, 6, 6, 11, 2, 0, 20917, 1, 6, 13 },
    { 0, 6, 6, 11, 2, 0, 20930, 1, 6, 13 },
    { 0, 6, 6, 11, 2, 0, 20943, 1, 6, 13 },
    { 0, 6, 6, 11, 2, 0, 20956, 1, 6, 13 },
    { 0, 6, 6, 11, 2, 0, 20969, 1, 6, 13 },
    { 0, 6, 6, 11, 2, 0, 20982, 1, 6, 13 },
    { 0, 6, 6, 11, 2, 0, 20995, 1, 6, 13 },
    { 0, 6, 6, 11, 2, 0, 21008, 1, 6, 13 },
    { 0, 6, 6, 11, 2, 0, 21021, 1, 6, 13 },
    { 0, 6, 6, 11, 2, 0, 21034, 1, 6, 13 },
    { 0, 6, 6, 11, 2, 0, 21047, 1, 6, 13 },
    { 0, 6, 6, 11, 2, 0, 21060, 1, 6, 13 },
    { 0, 6, 6, 11, 2, 0, 21073, 1, 6, 13 },
    { 0, 6, 6, 11, 2, 0, 21086, 1, 6, 13 },
    { 0, 6, 6, 11, 2, 0, 21099, 1, 6, 13 },
    { 0, 6, 6, 11, 2, 0, 21112, 1, 6, 13 },
    { 0, 6, 6, 11, 2, 0, 21125, 1, 6, 13 },
    { 0, 6, 6, 11, 2, 0, 21138, 1, 6, 13 },
    { 0, 6, 6, 11, 2, 0, 21151, 1, 6, 13 },
    { 0, 6, 6, 11, 2, 0, 21164, 1, 6, 13 },
    { 0, 6, 6, 11, 2, 0, 21177, 1, 6, 13 },
    { 0, 6, 6, 11, 2, 0, 21190, 1, 6, 13 },
    { 0, 6, 6, 11, 2, 0, 21203, 1, 6, 13 },
    { 0, 6, 6, 11, 2, 0, 21216, 1, 6, 13 },
    { 0, 6, 6, 11, 2, 0, 21229, 1, 6, 13 },
    { 0, 6, 6, 11, 2, 0, 21242, 1, 6, 13 },
    { 0, 6, 6, 11, 2, 0, 21255, 1, 6, 13 },
    { 0, 6, 6, 11, 2, 0, 21268, 1, 6, 13 },
    { 0, 6, 6, 11, 2, 0, 21281, 1, 6, 13 },
    { 0, 6, 6, 11, 2, 0, 21294, 1, 6, 13 },
    { 0, 6, 6, 11, 2, 0, 21307, 1, 6, 13 },
    { 0, 6, 6, 11, 2, 0, 21320, 1, 6, 13 },
    { 0, 6, 6, 11, 2, 0, 21333, 1, 6, 13 },
    { 0, 6, 6, 11, 2, 0, 21346, 1, 6, 13 },
    { 0, 6, 6, 11, 2, 0, 21359, 1, 6, 13 },
    { 0, 6, 6, 11, 2, 0, 21372, 1, 6, 13 },
    { 0, 6, 6, 11, 2, 0, 21385, 1, 6, 13 },
    { 0, 6, 6, 11, 2, 0, 21398, 1, 6, 13 },
    { 0, 6, 6, 11, 2, 0, 21411, 1, 6, 13 },
    { 0, 6, 6, 11, 2, 0, 21424, 1, 6, 13 },
    { 0, 6, 6, 11, 2, 0, 21437, 1, 6, 13 },
    { 0, 6, 6, 11, 2, 0, 21450, 1, 6, 13 },
    { 0, 6, 6, 11, 2, 0, 21463, 1, 6, 13 },
    { 0, 6, 6, 11, 2, 0, 21476, 1, 6, 13 },
    { 0, 6, 6, 11, 2, 0, 21489, 1, 6, 13 },
    { 0, 6, 6, 11, 2, 0, 21502, 1, 6, 13 },
    { 0, 6, 6, 11, 2, 0, 21515, 1, 6, 13 },
    { 0, 6, 6, 11, 2, 0, 21528, 1, 6, 13 },
    { 0, 6, 6, 11, 2, 0, 21541, 1, 6, 13 },
    { 0, 6, 6, 11, 2, 0, 21554, 1, 6, 13 },
    { 0, 6, 6, 11, 2, 0, 21567, 1, 6, 13 },
    { 0, 6, 6, 11, 2, 0, 21580, 1, 6, 13 },
    { 0, 6, 6, 11, 2, 0, 21593, 1, 6, 13 },
    { 0, 6, 6, 11, 2, 0, 21606, 1, 6, 13 },
    { 0, 6, 6, 11, 2, 0, 21619, 1, 6, 13 },
    { 0, 6, 6, 11, 2, 0, 21632, 1, 6, 13 },
    { 0, 6, 6, 11, 2, 0, 21645, 1, 6, 13 },
    { 0, 6, 6, 11, 2, 0, 21658, 1, 6, 13 },
    { 0, 6, 6, 11, 2, 0, 21671, 1, 6, 13 },
    { 0, 6, 6, 11, 2, 0, 21684, 1, 6, 13 },
    { 0, 6, 6, 11, 2, 0, 21697, 1, 6, 13 },
    { 0, 6, 6, 11, 2, 0, 21710, 1, 6, 13 },
    { 0, 6, 6, 11, 2, 0, 21723, 1, 6, 13 },
    { 0, 6, 6, 11, 2, 0, 21736, 1, 6, 13 },
    { 0, 6, 6, 11, 2, 0, 21749, 1, 6, 13 },
    { 0, 6, 6, 11, 2, 0, 21762, 1, 6, 13 },
    { 0, 6, 6, 11, 2, 0, 21775, 1, 6, 13 },
    { 0, 6, 6, 11, 2, 0, 21788, 1, 6, 13 },
    { 0, 6, 6, 11, 2, 0, 21801, 1, 6, 13 },
    { 0, 6, 6, 11, 2, 0, 21814, 1, 6, 13 },
    { 0, 6, 6, 11, 2, 0, 21827, 1, 6, 13 },
    { 0, 6, 6, 11, 2, 0, 21840, 1, 6, 13 },
    { 0, 6, 6, 11, 2, 0, 21853, 1, 6, 13 },
    { 0, 6, 6, 11, 2, 0, 21866, 1, 6, 13 },
    { 0, 6, 6, 11, 2, 0, 21879, 1, 6, 13 },
    { 0, 6, 6, 11, 2, 0, 21892, 1, 6, 13 },
    { 0, 6, 6, 11, 2, 0, 21905, 1, 6, 13 },
    { 0, 6, 6, 11, 2, 0, 21918, 1, 6, 13 },
    { 0, 6, 6, 11, 2, 0, 21931, 1, 6, 13 },
    { 0, 6, 6, 11, 2, 0, 21944, 1, 6, 13 },
    { 0, 6, 6, 11, 2, 0, 21957, 1, 6, 13 },
    { 0, 6, 6, 11, 2, 0, 21970, 1, 6, 13 },
    { 0, 6, 6, 11, 2, 0, 21983, 1, 6, 13 },
    { 0, 6, 6, 11, 2, 0, 21996, 1, 6, 13 },
    { 0, 6, 6, 11, 2, 0, 22009, 1, 6, 13 },
    { 0, 6, 6, 11, 2, 0, 22022, 1, 6, 13 },
    { 0, 6, 6, 11, 2, 0, 22035, 1, 6, 13 },
    { 0, 6, 6, 11, 2, 0, 22048, 1, 6, 13 },
    { 0, 6, 6, 11, 2, 0, 22061, 1, 6, 13 },
    { 0, 6, 6, 11, 2, 0, 22074, 1, 6, 13 },
    { 0, 6, 6, 11, 2, 0, 22087, 1, 6, 13 },
    { 0, 6, 6, 11, 2, 0, 22100, 1, 6, 13 },
    { 0, 6, 6, 11, 2, 0, 22113, 1, 6, 13 },
    { 0, 6, 6, 11, 2, 0, 22126, 1, 6, 13 },
    { 0, 6, 6, 11, 2, 0, 22139, 1, 6, 13 },
    { 0, 6, 6, 11, 2, 0, 22152, 1, 6, 13 },
    { 0, 6, 6, 11, 2, 0, 22165, 1, 6, 13 },
    { 0, 6, 6, 11, 2, 0, 22178, 1, 6, 13 },
    { 0, 6, 6, 11, 2, 0, 22191, 1, 6, 13 },
    { 0, 6, 6, 11, 2, 0, 22204, 1, 6, 13 },
    { 0, 6, 6, 11, 2, 0, 22217, 1, 6, 13 },
    { 0, 6, 6, 11, 2, 0, 22230, 1, 6, 13 },
    { 0, 6, 6, 11, 2, 0, 22243, 1, 6, 13 },
    { 0, 6, 6, 11, 2, 0, 22256, 1, 6, 13 },
    { 0, 6, 6, 11, 2, 0, 22269, 1, 6, 13 },
    { 0, 6, 6, 11, 2, 0, 22282, 1, 6, 13 },
    { 0, 6, 6, 11, 2, 0, 22295, 1, 6, 13 },
    { 0, 6, 6, 11, 2, 0, 22308, 1, 6, 13 },
    { 0, 6, 6, 11, 2, 0, 22321, 1, 6, 13 },
    { 0, 6, 6, 11, 2, 0, 22334, 1, 6, 13 },
    { 0, 6, 6, 11, 2, 0, 22347, 1, 6, 13 },
    { 0, 6, 6, 11, 2, 0, 22360, 1, 6, 13 },
    { 0, 6, 6, 11, 2, 0, 22373, 1, 6, 13 },
    { 0, 6, 6, 11, 2, 0, 22386, 1, 6, 13 },
    { 0, 6, 6, 11, 2, 0, 22399, 1, 6, 13 },
    { 0, 6, 6, 11, 2, 0, 22412, 1, 6, 13 },
    { 0, 6, 6, 11, 2, 0, 22425, 1, 6, 13 },
    { 0, 6, 6, 11, 2, 0, 22438, 1, 6, 13 },
    { 0, 6, 6, 11, 2, 0, 22451, 1, 6, 13 },
    { 0, 6, 6, 11, 2, 0, 22464, 1, 6, 13 },
    { 0, 6, 6, 11, 2, 0, 22477, 1, 6, 13 },
    { 0, 6, 6, 11, 2, 0, 22490, 1, 6, 13 },
    { 0, 6, 6, 11, 2, 0, 22503, 1, 6, 13 },
    { 0, 6, 6, 11, 2, 0, 22516, 1, 6, 13 },
    { 0, 6, 6, 11, 2, 0, 22529, 1, 6, 13 },
    { 0, 6, 6, 11, 2, 0, 22542, 1, 6, 13 },
    { 0, 6, 6, 11, 2, 0, 22555, 1, 6, 13 },
    { 0, 6, 6, 11, 2, 0, 22568, 1, 6, 13 },
    { 0, 6, 6, 11, 2, 0, 22581, 1, 6, 13 },
    { 0, 6, 6, 11, 2, 0, 22594, 1, 6, 13 },
    { 0, 6, 6, 11, 2, 0, 22607, 1, 6, 13 },
    { 0, 6, 6, 11, 2, 0, 22620, 1, 6, 13 },
    { 0, 6, 6, 11, 2, 0, 22633, 1, 6, 13 },
    { 0, 6, 6, 11, 2, 0, 22646, 1, 6, 13 },
    { 0, 6, 6, 11, 2, 0, 22659, 1, 6, 13 },
    { 0, 6, 6, 11, 2, 0, 22672, 1, 6, 13 },
    { 0, 6, 6, 11, 2, 0, 22685, 1, 6, 13 },
    { 0, 6, 6, 11, 2, 0, 22698, 1, 6, 13 },
    { 0, 6, 6, 11, 2, 0, 22711, 1, 6, 13 },
    { 0, 6, 6, 11, 2, 0, 22724, 1, 6, 13 },
    { 0, 6, 6, 11, 2, 0, 22737, 1, 6, 13 },
    { 0, 6, 6, 11, 2, 0, 22750, 1, 6, 13 },
    { 0, 6, 6, 11, 2, 0, 22763, 1, 6, 13 },
    { 0, 6, 6, 11, 2, 0, 22776, 1, 6, 13 },
    { 0, 6, 6, 11, 2, 0, 22789, 1, 6, 13 },
    { 0, 6, 6, 11, 2, 0, 22802, 1, 6, 13 },
    { 0, 6, 6, 11, 2, 0, 22815, 1, 6, 13 },
    { 0, 6, 6, 11, 2, 0, 22828, 1, 6, 13 },
    { 0, 6, 6, 11, 2, 0, 22841, 1, 6, 13 },
    { 0, 6, 6, 11, 2, 0, 22854, 1, 6, 13 },
    { 0, 6, 6, 11, 2, 0, 22867, 1, 6, 13 },
    { 0, 6, 6, 11, 2, 0, 22880, 1, 6, 13 },
    { 0, 6, 6, 11, 2, 0, 22893, 1, 6, 13 },
    { 0, 6, 6, 11, 2, 0, 22906, 1, 6, 13 },
    { 0, 6, 6, 11, 2, 0, 22919, 1, 6, 13 },
    { 0, 6, 6, 11, 2, 0, 22932, 1, 6, 13 },
    { 0, 6, 6, 11, 2, 0, 22945, 1, 6, 13 },
    { 0, 6, 6, 11, 2, 0, 22958, 1, 6, 13 },
    { 0, 6, 6, 11, 2, 0, 22971, 1, 6, 13 },
    { 0, 6, 6, 11, 2, 0, 22984, 1, 6, 13 },
    { 0, 6, 6, 11, 2, 0, 22997, 1, 6, 13 },
    { 0, 6, 6, 11, 2, 0, 23010, 1, 6, 13 },
    { 0, 6, 6, 11, 2, 0, 23023, 1, 6, 13 },
    { 0, 6, 6, 11, 2, 0, 23036, 1, 6, 13 },
    { 0, 6, 6, 11, 2, 0, 23049, 1, 6, 13 },
    { 0, 6, 6, 11, 2, 0, 23062, 1, 6, 13 },
    { 0, 6, 6, 11, 2, 0, 23075, 1, 6, 13 },
    { 0, 6, 6, 11, 2, 0, 23088, 1, 6, 13 },
    { 0, 6, 6, 11, 2, 0, 23101, 1, 6, 13 },
    { 0, 6, 6, 11, 2, 0, 23114, 1, 6, 13 },
    { 0, 6, 6, 11, 2, 0, 23127, 1, 6, 13 },
    { 0, 6, 6, 11, 2, 0, 23140, 1, 6, 13 },
    { 0, 6, 6, 11, 2, 0, 23153, 1, 6, 13 },
    { 0, 6, 6, 11, 2, 0, 23166, 1, 6, 13 },
    { 0, 6, 6, 11, 2, 0, 23179, 1, 6, 13 },
    { 0, 6, 6, 11, 2, 0, 23192, 1, 6, 13 },
    { 0, 6, 6, 11, 2, 0, 23205, 1, 6, 13 },
    { 0, 6, 6, 11, 2, 0, 23218, 1, 6, 13 },
    { 0, 6, 6, 11, 2, 0, 23231, 1, 6, 13 },
    { 0, 6, 6, 11, 2, 0, 23244, 1, 6, 13 },
    { 0, 6, 6, 11, 2, 0, 23257, 1, 6, 13 },
    { 0, 6, 6, 11, 2, 0, 23270, 1, 6, 13 },
    { 0, 6, 6, 11, 2, 0, 23283, 1, 6, 13 },
    { 0, 6, 6, 11, 2, 0, 23296, 1, 6, 13 },
    { 0, 6, 6, 11, 2, 0, 23309, 1, 6, 13 },
    { 0, 6, 6, 11, 2, 0, 23322, 1, 6, 13 },
    { 0, 6, 6, 11, 2, 0, 23335, 1, 6, 13 },
    { 0, 6, 6, 11, 2, 0, 23348, 1, 6, 13 },
    { 0, 6, 6, 11, 2, 0, 23361, 1, 6, 13 },
    { 0, 6, 6, 11, 2, 0, 23374, 1, 6, 13 },
    { 0, 6, 6, 11, 2, 0, 23387, 1, 6, 13 },
    { 0, 6, 6, 11, 2, 0, 23400, 1, 6, 13 },
    { 0, 6, 6, 11, 2, 0, 23413, 1, 6, 13 },
    { 0, 6, 6, 11, 2, 0, 23426, 1, 6, 13 },
    { 0, 6, 6, 11, 2, 0, 23439, 1, 6, 13 },
    { 0, 6, 6, 11, 2, 0, 23452, 1, 6, 13 },
    { 0, 6, 6, 11, 2, 0, 23465, 1, 6, 13 },
    { 0, 6, 6, 11, 2, 0, 23478, 1, 6, 13 },
    { 0, 6, 6, 11, 2, 0, 23491, 1, 6, 13 },
    { 0, 6, 6, 11, 2, 0, 23504, 1, 6, 13 },
    { 0, 6, 6, 11, 2, 0, 23517, 1, 6, 13 },
    { 0, 6, 6, 11, 2, 0, 23530, 1, 6, 13 },
    { 0, 6, 6, 11, 2, 0, 23543, 1, 6, 13 },
    { 0, 6, 6, 11, 2, 0, 23556, 1, 6, 13 },
    { 0, 6, 6, 11, 2, 0, 23569, 1, 6, 13 },
    { 0, 6, 6, 11, 2, 0, 23582, 1, 6, 13 },
    { 0, 6, 6, 11, 2, 0, 23595, 1, 6, 13 },
    { 0, 6, 6, 11, 2, 0, 23608, 1, 6, 13 },
    { 0, 6, 6, 11, 2, 0, 23621, 1, 6, 13 },
    { 0, 6, 6, 11, 2, 0, 23634, 1, 6, 13 },
    { 0, 6, 6, 11, 2, 0, 23647, 1, 6, 13 },
    { 0, 6, 6, 11, 2, 0, 23660, 1, 6, 13 },
    { 0, 6, 6, 11, 2, 0, 23673, 1, 6, 13 },
    { 0, 6, 6, 11, 2, 0, 23686, 1, 6, 13 },
    { 0, 6, 6, 11, 2, 0, 23699, 1, 6, 13 },
    { 0, 6, 6, 11, 2, 0, 23712, 1, 6, 13 },
    { 0, 6, 6, 11, 2, 0, 23725, 1, 6, 13 },
    { 0, 6, 6, 11, 2, 0, 23738, 1, 6, 13 },
    { 0, 6, 6, 11, 2, 0, 23751, 1, 6, 13 },
    { 0, 6, 6, 11, 2, 0, 23764, 1, 6, 13 },
    { 0, 6, 6, 11, 2, 0, 23777, 1, 6, 13 },
    { 0, 6, 6, 11, 2, 0, 23790, 1, 6, 13 },
    { 0, 6, 6, 11, 2, 0, 23803, 1, 6, 13 },
    { 0, 6, 6, 11, 2, 0, 23816, 1, 6, 13 },
    { 0, 6, 6, 11, 2, 0, 23829, 1, 6, 13 },
    { 0, 6, 6, 11, 2, 0, 23842, 1, 6, 13 },
    { 0, 6, 6, 11, 2, 0, 23855, 1, 6, 13 },
    { 0, 6, 6, 11, 2, 0, 23868, 1, 6, 13 },
    { 0, 6, 6, 11, 2, 0, 23881, 1, 6, 13 },
    { 0, 6, 6, 11, 2, 0, 23894, 1, 6, 13 },
    { 0, 6, 6, 11, 2, 0, 23907, 1, 6, 13 },
    { 0, 6, 6, 11, 2, 0, 23920, 1, 6, 13 },
    { 0, 6, 6, 11, 2, 0, 23933, 1, 6, 13 },
    { 0, 6, 6, 11, 2, 0, 23946, 1, 6, 13 },
    { 0, 6, 6, 11, 2, 0, 23959, 1, 6, 13 },
    { 0, 6, 6, 11, 2, 0, 23972, 1, 6, 13 },
    { 0, 6, 6, 11, 2, 0, 23985, 1, 6, 13 },
    { 0, 6, 6, 11, 2, 0, 23998, 1, 6, 13 },
    { 0, 6, 6, 11, 2, 0, 24011, 1, 6, 13 },
    { 0, 6, 6, 11, 2, 0, 24024, 1, 6, 13 },
    { 0, 6, 6, 11, 2, 0, 24037, 1, 6, 13 },
    { 0, 6, 6, 11, 2, 0, 24050, 1, 6, 13 },
    { 0, 6, 6, 11, 2, 0, 24063, 1, 6, 13 },
    { 0, 6, 6, 11, 2, 0, 24076, 1, 6, 13 },
    { 0, 6, 6, 11, 2, 0, 24089, 1, 6, 13 },
    { 0, 6, 6, 11, 2, 0, 24102, 1, 6, 13 },
    { 0, 6, 6, 11, 2, 0, 24115, 1, 6, 13 },
    { 0, 6, 6, 11, 2, 0, 24128, 1, 6, 13 },
    { 0, 6, 6, 11, 2, 0, 24141, 1, 6, 13 },
    { 0, 6, 6, 11, 2, 0, 24154, 1, 6, 13 },
    { 0, 6, 6, 11, 2, 0, 24167, 1, 6, 13 },
    { 0, 6, 6, 11, 2, 0, 24180, 1, 6, 13 },
    { 0, 6, 6, 11, 2, 0, 24193, 1, 6, 13 },
    { 0, 6, 6, 11, 2, 0, 24206, 1, 6, 13 },
    { 0, 6, 6, 11, 2, 0, 24219, 1, 6, 13 },
    { 0, 6, 6, 11, 2, 0, 24232, 1, 6, 13 },
    { 0, 6, 6, 11, 2, 0, 24245, 1, 6, 13 },
    { 0, 6, 6, 11, 2, 0, 24258, 1, 6, 13 },
    { 0, 6, 6, 11, 2, 0, 24271, 1, 6, 13 },
    { 0, 6, 6, 11, 2, 0, 24284, 1, 6, 13 },
    { 0, 6, 6, 11, 2, 0, 24297, 1, 6, 13 },
    { 0, 6, 6, 11, 2, 0, 24310, 1, 6, 13 },
    { 0, 6, 6, 11, 2, 0, 24323, 1, 6, 13 },
    { 0, 6, 6, 11, 2, 0, 24336, 1, 6, 13 },
    { 0, 6, 6, 11, 2, 0, 24349, 1, 6, 13 },
    { 0, 6, 6, 11, 2, 0, 24362, 1, 6, 13 },
    { 0, 6, 6, 11, 2, 0, 24375, 1, 6, 13 },
    { 0, 6, 6, 11, 2, 0, 24388, 1, 6, 13 },
    { 0, 6, 6, 11, 2, 0, 24401, 1, 6, 13 },
    { 0, 6, 6, 11, 2, 0, 24414, 1, 6, 13 },
    { 0, 6, 6, 11, 2, 0, 24427, 1, 6, 13 },
    { 0, 6, 6, 11, 2, 0, 24440, 1, 6, 13 },
    { 0, 6, 6, 11, 2, 0, 24453, 1, 6, 13 },
    { 0, 6, 6, 11, 2, 0, 24466, 1, 6, 13 },
    { 0, 6, 6, 11, 2, 0, 24479, 1, 6, 13 },
    { 0, 6, 6, 11, 2, 0, 24492, 1, 6, 13 },
    { 0, 6, 6, 11, 2, 0, 24505, 1, 6, 13 },
    { 0, 6, 6, 11, 2, 0, 24518, 1, 6, 13 },
    { 0, 6, 6, 11, 2, 0, 24531, 1, 6, 13 },
    { 0, 6, 6, 11, 2, 0, 24544, 1, 6, 13 },
    { 0, 6, 6, 11, 2, 0, 24557, 1, 6, 13 },
    { 0, 6, 6, 11, 2, 0, 24570, 1, 6, 13 },
    { 0, 6, 6, 11, 2, 0, 24583, 1, 6, 13 },
    { 0, 6, 6, 11, 2, 0, 24596, 1, 6, 13 },
    { 0, 6, 6, 11, 2, 0, 24609, 1, 6, 13 },
    { 0, 6, 6, 11, 2, 0, 24622, 1, 6, 13 },
    { 0, 6, 6, 11, 2, 0, 24635, 1, 6, 13 },
    { 0, 6, 6, 11, 2, 0, 24648, 1, 6, 13 },
    { 0, 6, 6, 11, 2, 0, 24661, 1, 6, 13 },
    { 0, 6, 6, 11, 2, 0, 24674, 1, 6, 13 },
    { 0, 6, 6, 11, 2, 0, 24687, 1, 6, 13 },
    { 0, 6, 6, 11, 2, 0, 24700, 1, 6, 13 },
    { 0, 6, 6, 11, 2, 0, 24713, 1, 6, 13 },
    { 0, 6, 6, 11, 2, 0, 24726, 1, 6, 13 },
    { 0, 6, 6, 11, 2, 0, 24739, 1, 6, 13 },
    { 0, 6, 6, 11, 2, 0, 24752, 1, 6, 13 },
    { 0, 6, 6, 11, 2, 0, 24765, 1, 6, 13 },
    { 0, 6, 6, 11, 2, 0, 24778, 1, 6, 13 },
    { 0, 6, 6, 11, 2, 0, 24791, 1, 6, 13 },
    { 0, 6, 6, 11, 2, 0, 24804, 1, 6, 13 },
    { 0, 6, 6, 11, 2, 0, 24817, 1, 6, 13 },
    { 0, 6, 6, 11, 2, 0, 24830, 1, 6, 13 },
    { 0, 6, 6, 11, 2, 0, 24843, 1, 6, 13 },
    { 0, 6, 6, 11, 2, 0, 24856, 1, 6, 13 },
    { 0, 6, 6, 11, 2, 0, 24869, 1, 6, 13 },
    { 0, 6, 6, 11, 2, 0, 24882, 1, 6, 13 },
    { 0, 6, 6, 11, 2, 0, 24895, 1, 6, 13 },
    { 0, 6, 6, 11, 2, 0, 24908, 1, 6, 13 },
    { 0, 6, 6, 11, 2, 0, 24921, 1, 6, 13 },
    { 0, 6, 6, 11, 2, 0, 24934, 1, 6, 13 },
    { 0, 6, 6, 11, 2, 0, 24947, 1, 6, 13 },
    { 0, 6, 6, 11, 2, 0, 24960, 1, 6, 13 },
    { 0, 6, 6, 11, 2, 0, 24973, 1, 6, 13 },
    { 0, 6, 6, 11, 2, 0, 24986, 1, 6, 13 },
    { 0, 6, 6, 11, 2, 0, 24999, 1, 6, 13 },
    { 0, 6, 6, 11, 2, 0, 25012, 1, 6, 13 },
    { 0, 6, 6, 11, 2, 0, 25025, 1, 6, 13 },
    { 0, 6, 6, 11, 2, 0, 25038, 1, 6, 13 },
    { 0, 6, 6, 11, 2, 0, 25051, 1, 6, 13 },
    { 0, 6, 6, 11, 2, 0, 25064, 1, 6, 13 },
    { 0, 6, 6, 11, 2, 0, 25077, 1, 6, 13 },
    { 0, 6, 6, 11, 2, 0, 25090, 1, 6, 13 },
    { 0, 6, 6, 11, 2, 0, 25103, 1, 6, 13 },
    { 0, 6, 6, 11, 2, 0, 25116, 1, 6, 13 },
    { 0, 6, 6, 11, 2, 0, 25129, 1, 6, 13 },
    { 0, 6, 6, 11, 2, 0, 25142, 1, 6, 13 },
    { 0, 6, 6, 11, 2, 0, 25155, 1, 6, 13 },
    { 0, 6, 6, 11, 2, 0, 25168, 1, 6, 13 },
    { 0, 6, 6, 11, 2, 0, 25181, 1, 6, 13 },
    { 0, 6, 6, 11, 2, 0, 25194, 1, 6, 13 },
    { 0, 6, 6, 11, 2, 0, 25207, 1, 6, 13 },
    { 0, 6, 6, 11, 2, 0, 25220, 1, 6, 13 },
    { 0, 6, 6, 11, 2, 0, 25233, 1, 6, 13 },
    { 0, 6, 6, 11, 2, 0, 25246, 1, 6, 13 },
    { 0, 6, 6, 11, 2, 0, 25259, 1, 6, 13 },
    { 0, 6, 6, 11, 2, 0, 25272, 1, 6, 13 },
    { 0, 6, 6, 11, 2, 0, 25285, 1, 6, 13 },
    { 0, 6, 6, 11, 2, 0, 25298, 1, 6, 13 },
    { 0, 6, 6, 11, 2, 0, 25311, 1, 6, 13 },
    { 0, 6, 6, 11, 2, 0, 25324, 1, 6, 13 },
    { 0, 6, 6, 11, 2, 0, 25337, 1, 6, 13 },
    { 0, 6, 6, 11, 2, 0, 25350, 1, 6, 13 },
    { 0, 6, 6, 11, 2, 0, 25363, 1, 6, 13 },
    { 0, 6, 6, 11, 2, 0, 25376, 1, 6, 13 },
    { 0, 6, 6, 11, 2, 0, 25389, 1, 6, 13 },
    { 0, 6, 6, 11, 2, 0, 25402, 1, 6, 13 },
    { 0, 6, 6, 11, 2, 0, 25415, 1, 6, 13 },
    { 0, 6, 6, 11, 2, 0, 25428, 1, 6, 13 },
    { 0, 6, 6, 11, 2, 0, 25441, 1, 6, 13 },
    { 0, 6, 6, 11, 2, 0, 25454, 1, 6, 13 },
    { 0, 6, 6, 11, 2, 0, 25467, 1, 6, 13 },
    { 0, 6, 6, 11, 2, 0, 25480, 1, 6, 13 },
    { 0, 6, 6, 11, 2, 0, 25493, 1, 6, 13 },
    { 0, 6, 6, 11, 2, 0, 25506, 1, 6, 13 },
    { 0, 6, 6, 11, 2, 0, 25519, 1, 6, 13 },
    { 0, 6, 6, 11, 2, 0, 25532, 1, 6, 13 },
    { 0, 6, 6, 11, 2, 0, 25545, 1, 6, 13 },
    { 0, 6, 6, 11, 2, 0, 25558, 1, 6, 13 },
    { 0, 6, 6, 11, 2, 0, 25571, 1, 6, 13 },
    { 0, 6, 6, 11, 2, 0, 25584, 1, 6, 13 },
    { 0, 6, 6, 11, 2, 0, 25597, 1, 6, 13 },
    { 0, 6, 6, 11, 2, 0, 25610, 1, 6, 13 },
    { 0, 6, 6, 11, 2, 0, 25623, 1, 6, 13 },
    { 0, 6, 6, 11, 2, 0, 25636, 1, 6, 13 },
    { 0, 6, 6, 11, 2, 0, 25649, 1, 6, 13 },
    { 0, 6, 6, 11, 2, 0, 25662, 1, 6, 13 },
    { 0, 6, 6, 11, 2, 0, 25675, 1, 6, 13 },
    { 0, 6, 6, 11, 2, 0, 25688, 1, 6, 13 },
    { 0, 6, 6, 11, 2, 0, 25701, 1, 6, 13 },
    { 0, 6, 6, 11, 2, 0, 25714, 1, 6, 13 },
    { 0, 6, 6, 11, 2, 0, 25727, 1, 6, 13 },
    { 0, 6, 6, 11, 2, 0, 25740, 1, 6, 13 },
    { 0, 6, 6, 11, 2, 0, 25753, 1, 6, 13 },
    { 0, 6, 6, 11, 2, 0, 25766, 1, 6, 13 },
    { 0, 6, 6, 11, 2, 0, 25779, 1, 6, 13 },
    { 0, 6, 6, 11, 2, 0, 25792, 1, 6, 13 },
    { 0, 6, 6, 11, 2, 0, 25805, 1, 6, 13 },
    { 0, 6, 6, 11, 2, 0, 25818, 1, 6, 13 },
    { 0, 6, 6, 11, 2, 0, 25831, 1, 6, 13 },
    { 0, 6, 6, 11, 2, 0, 25844, 1, 6, 13 },
    { 0, 6, 6, 11, 2, 0, 25857, 1, 6, 13 },
    { 0, 6, 6, 11, 2, 0, 25870, 1, 6, 13 },
    { 0, 6, 6, 11, 2, 0, 25883, 1, 6, 13 },
    { 0, 6, 6, 11, 2, 0, 25896, 1, 6, 13 },
    { 0, 6, 6, 11, 2, 0, 25909, 1, 6, 13 },
    { 0, 6, 6, 11, 2, 0, 25922, 1, 6, 13 },
    { 0, 6, 6, 11, 2, 0, 25935, 1, 6, 13 },
    { 0, 6, 6, 11, 2, 0, 25948, 1, 6, 13 },
    { 0, 6, 6, 11, 2, 0, 25961, 1, 6, 13 },
    { 0, 6, 6, 11, 2, 0, 25974, 1, 6, 13 },
    { 0, 6, 6, 11, 2, 0, 25987, 1, 6, 13 },
    { 0, 6, 6, 11, 2, 0, 26000, 1, 6, 13 },
    { 0, 6, 6, 11, 2, 0, 26013, 1, 6, 13 },
    { 0, 6, 6, 11, 2, 0, 26026, 1, 6, 13 },
    { 0, 6, 6, 11, 2, 0, 26039, 1, 6, 13 },
    { 0, 6, 6, 11, 2, 0, 26052, 1, 6, 13 },
    { 0, 6, 6, 11, 2, 0, 26065, 1, 6, 13 },
    { 0, 6, 6, 11, 2, 0, 26078, 1, 6, 13 },
    { 0, 6, 6, 11, 2, 0, 26091, 1, 6, 13 },
    { 0, 6, 6, 11, 2, 0, 26104, 1, 6, 13 },
    { 0, 6, 6, 11, 2, 0, 26117, 1, 6, 13 },
    { 0, 6, 6, 11, 2, 0, 26130, 1, 6, 13 },
    { 0, 6, 6, 11, 2, 0, 26143, 1, 6, 13 },
    { 0, 6, 6, 11, 2, 0, 26156, 1, 6, 13 },
    { 0, 6, 6, 11, 2, 0, 26169, 1, 6, 13 },
    { 0, 6, 6, 11, 2, 0, 26182, 1, 6, 13 },
    { 0, 6, 6, 11, 2, 0, 26195, 1, 6, 13 },
    { 0, 6, 6, 11, 2, 0, 26208, 1, 6, 13 },
    { 0, 6, 6, 11, 2, 0, 26221, 1, 6, 13 },
    { 0, 6, 6, 11, 2, 0, 26234, 1, 6, 13 },
    { 0, 6, 6, 11, 2, 0, 26247, 1, 6, 13 },
    { 0, 6, 6, 11, 2, 0, 26260, 1, 6, 13 },
    { 0, 6, 6, 11, 2, 0, 26273, 1, 6, 13 },
    { 0, 6, 6, 11, 2, 0, 26286, 1, 6, 13 },
    { 0, 6, 6, 11, 2, 0, 26299, 1, 6, 13 },
    { 0, 6, 6, 11, 2, 0, 26312, 1, 6, 13 },
    { 0, 6, 6, 11, 2, 0, 26325, 1, 6, 13 },
    { 0, 6, 6, 11, 2, 0, 26338, 1, 6, 13 },
    { 0, 6, 6, 11, 2, 0, 26351, 1, 6, 13 },
    { 0, 6, 6, 11, 2, 0, 26364, 1, 6, 13 },
    { 0, 6, 6, 11, 2, 0, 26377, 1, 6, 13 },
    { 0, 6, 6, 11, 2, 0, 26390, 1, 6, 13 },
    { 0, 6, 6, 11, 2, 0, 26403, 1, 6, 13 },
    { 0, 6, 6, 11, 2, 0, 26416, 1, 6, 13 },
    { 0, 6, 6, 11, 2, 0, 26429, 1, 6, 13 },
    { 0, 6, 6, 11, 2, 0, 26442, 1, 6, 13 },
    { 0, 6, 6, 11, 2, 0, 26455, 1, 6, 13 },
    { 0, 6, 6, 11, 2, 0, 26468, 1, 6, 13 },
    { 0, 6, 6, 11, 2, 0, 26481, 1, 6, 13 },
    { 0, 6, 6, 11, 2, 0, 26494, 1, 6, 13 },
    { 0, 6, 6, 11, 2, 0, 26507, 1, 6, 13 },
    { 0, 6, 6, 11, 2, 0, 26520, 1, 6, 13 },
    { 0, 6, 6, 11, 2, 0, 26533, 1, 6, 13 },
    { 0, 6, 6, 11, 2, 0, 26546, 1, 6, 13 },
    { 0, 6, 6, 11, 2, 0, 26559, 1, 6, 13 },
    { 0, 6, 6, 11, 2, 0, 26572, 1, 6, 13 },
    { 0, 6, 6, 11, 2, 0, 26585, 1, 6, 13 },
    { 0, 6, 6, 11, 2, 0, 26598, 1, 6, 13 },
    { 0, 6, 6, 11, 2, 0, 26611, 1, 6, 13 },
    { 0, 6, 6, 11, 2, 0, 26624, 1, 6, 13 },
    { 0, 6, 6, 11, 2, 0, 26637, 1, 6, 13 },
    { 0, 6, 6, 11, 2, 0, 26650, 1, 6, 13 },
    { 0, 6, 6, 11, 2, 0, 26663, 1, 6, 13 },
    { 0, 6, 6, 11, 2, 0, 26676, 1, 6, 13 },
    { 0, 6, 6, 11, 2, 0, 26689, 1, 6, 13 },
    { 0, 6, 6, 11, 2, 0, 26702, 1, 6, 13 },
    { 0, 6, 6, 11, 2, 0, 26715, 1, 6, 13 },
    { 0, 6, 6, 11, 2, 0, 26728, 1, 6, 13 },
    { 0, 6, 6, 11, 2, 0, 26741, 1, 6, 13 },
    { 0, 6, 6, 11, 2, 0, 26754, 1, 6, 13 },
    { 0, 6, 6, 11, 2, 0, 26767, 1, 6, 13 },
    { 0, 6, 6, 11, 2, 0, 26780, 1, 6, 13 },
    { 0, 6, 6, 11, 2, 0, 26793, 1, 6, 13 },
    { 0, 6, 6, 11, 2, 0, 26806, 1, 6, 13 },
    { 0, 6, 6, 11, 2, 0, 26819, 1, 6, 13 },
    { 0, 6, 6, 11, 2, 0, 26832, 1, 6, 13 },
    { 0, 6, 6, 11, 2, 0, 26845, 1, 6, 13 },
    { 0, 6, 6, 11, 2, 0, 26858, 1, 6, 13 },
    { 0, 6, 6, 11, 2, 0, 26871, 1, 6, 13 },
    { 0, 6, 6, 11, 2, 0, 26884, 1, 6, 13 },
    { 0, 6, 6, 11, 2, 0, 26897, 1, 6, 13 },
    { 0, 6, 6, 11, 2, 0, 26910, 1, 6, 13 },
    { 0, 6, 6, 11, 2, 0, 26923, 1, 6, 13 },
    { 0, 6, 6, 11, 2, 0, 26936, 1, 6, 13 },
    { 0, 6, 6, 11, 2, 0, 26949, 1, 6, 13 },
    { 0, 6, 6, 11, 2, 0, 26962, 1, 6, 13 },
    { 0, 6, 6, 11, 2, 0, 26975, 1, 6, 13 },
    { 0, 6, 6, 11, 2, 0, 26988, 1, 6, 13 },
    { 0, 6, 6, 11, 2, 0, 27001, 1, 6, 13 },
    { 0, 6, 6, 11, 2, 0, 27014, 1, 6, 13 },
    { 0, 6, 6, 11, 2, 0, 27027, 1, 6, 13 },
    { 0, 6, 6, 11, 2, 0, 27040, 1, 6, 13 },
    { 0, 6, 6, 11, 2, 0, 27053, 1, 6, 13 },
    { 0, 6, 6, 11, 2, 0, 27066, 1, 6, 13 },
    { 0, 6, 6, 11, 2, 0, 27079, 1, 6, 13 },
    { 0, 6, 6, 11, 2, 0, 27092, 1, 6, 13 },
    { 0, 6, 6, 11, 2, 0, 27105, 1, 6, 13 },
    { 0, 6, 6, 11, 2, 0, 27118, 1, 6, 13 },
    { 0, 6, 6, 11, 2, 0, 27131, 1, 6, 13 },
    { 0, 6, 6, 11, 2, 0, 27144, 1, 6, 13 },
    { 0, 6, 6, 11, 2, 0, 27157, 1, 6, 13 },
    { 0, 6, 6, 11, 2, 0, 27170, 1, 6, 13 },
    { 0, 6, 6, 11, 2, 0, 27183, 1, 6, 13 },
    { 0, 6, 6, 11, 2, 0, 27196, 1, 6, 13 },
    { 0, 6, 6, 11, 2, 0, 27209, 1, 6, 13 },
    { 0, 6, 6, 11, 2, 0, 27222, 1, 6, 13 },
    { 0, 6, 6, 11, 2, 0, 27235, 1, 6, 13 },
    { 0, 6, 6, 11, 2, 0, 27248, 1, 6, 13 },
    { 0, 6, 6, 11, 2, 0, 27261, 1, 6, 13 },
    { 0, 6, 6, 11, 2, 0, 27274, 1, 6, 13 },
    { 0, 6, 6, 11, 2, 0, 27287, 1, 6, 13 },
    { 0, 6, 6, 11, 2, 0, 27300, 1, 6, 13 },
    { 0, 6, 6, 11, 2, 0, 27313, 1, 6, 13 },
    { 0, 6, 6, 11, 2, 0, 27326, 1, 6, 13 },
    { 0, 6, 6, 11, 2, 0, 27339, 1, 6, 13 },
    { 0, 6, 6, 11, 2, 0, 27352, 1, 6, 13 },
    { 0, 6, 6, 11, 2, 0, 27365, 1, 6, 13 },
    { 0, 6, 6, 11, 2, 0, 27378, 1, 6, 13 },
    { 0, 6, 6, 11, 2, 0, 27391, 1, 6, 13 },
    { 0, 6, 6, 11, 2, 0, 27404, 1, 6, 13 },
    { 0, 6, 6, 11, 2, 0, 27417, 1, 6, 13 },
    { 0, 6, 6, 11, 2, 0, 27430, 1, 6, 13 },
    { 0, 6, 6, 11, 2, 0, 27443, 1, 6, 13 },
    { 0, 6, 6, 11, 2, 0, 27456, 1, 6, 13 },
    { 0, 6, 6, 11, 2, 0, 27469, 1, 6, 13 },
    { 0, 6, 6, 11, 2, 0, 27482, 1, 6, 13 },
    { 0, 6, 6, 11, 2, 0, 27495, 1, 6, 13 },
    { 0, 6, 6, 11, 2, 0, 27508, 1, 6, 13 },
    { 0, 6, 6, 11, 2, 0, 27521, 1, 6, 13 },
    { 0, 6, 6, 11, 2, 0, 27534, 1, 6, 13 },
    { 0, 6, 6, 11, 2, 0, 27547, 1, 6, 13 },
    { 0, 6, 6, 11, 2, 0, 27560, 1, 6, 13 },
    { 0, 6, 6, 11, 2, 0, 27573, 1, 6, 13 },
    { 0, 6, 6, 11, 2, 0, 27586, 1, 6, 13 },
    { 0, 6, 6, 11, 2, 0, 27599, 1, 6, 13 },
    { 0, 6, 6, 11, 2, 0, 27612, 1, 6, 13 },
    { 0, 6, 6, 11, 2, 0, 27625, 1, 6, 13 },
    { 0, 6, 6, 11, 2, 0, 27638, 1, 6, 13 },
    { 0, 6, 6, 11, 2, 0, 27651, 1, 6, 13 },
    { 0, 6, 6, 11, 2, 0, 27664, 1, 6, 13 },
    { 0, 6, 6, 11, 2, 0, 27677, 1, 6, 13 },
    { 0, 6, 6, 11, 2, 0, 27690, 1, 6, 13 },
    { 0, 6, 6, 11, 2, 0, 27703, 1, 6, 13 },
    { 0, 6, 6, 11, 2, 0, 27716, 1, 6, 13 },
    { 0, 6, 6, 11, 2, 0, 27729, 1, 6, 13 },
    { 0, 6, 6, 11, 2, 0, 27742, 1, 6, 13 },
    { 0, 6, 6, 11, 2, 0, 27755, 1, 6, 13 },
    { 0, 6, 6, 11, 2, 0, 27768, 1, 6, 13 },
    { 0, 6, 6, 11, 2, 0, 27781, 1, 6, 13 },
    { 0, 6, 6, 11, 2, 0, 27794, 1, 6, 13 },
    { 0, 6, 6, 11, 2, 0, 27807, 1, 6, 13 },
    { 0, 6, 6, 11, 2, 0, 27820, 1, 6, 13 },
    { 0, 6, 6, 11, 2, 0, 27833, 1, 6, 13 },
    { 0, 6, 6, 11, 2, 0, 27846, 1, 6, 13 },
    { 0, 6, 6, 11, 2, 0, 27859, 1, 6, 13 },
    { 0, 6, 6, 11, 2, 0, 27872, 1, 6, 13 },
    { 0, 6, 6, 11, 2, 0, 27885, 1, 6, 13 },
    { 0, 6, 6, 11, 2, 0, 27898, 1, 6, 13 },
    { 0, 6, 6, 11, 2, 0, 27911, 1, 6, 13 },
    { 0, 6, 6, 11, 2, 0, 27924, 1, 6, 13 },
    { 0, 6, 6, 11, 2, 0, 27937, 1, 6, 13 },
    { 0, 6, 6, 11, 2, 0, 27950, 1, 6, 13 },
    { 0, 6, 6, 11, 2, 0, 27963, 1, 6, 13 },
    { 0, 6, 6, 11, 2, 0, 27976, 1, 6, 13 },
    { 0, 6, 6, 11, 2, 0, 27989, 1, 6, 13 },
    { 0, 6, 6, 11, 2, 0, 28002, 1, 6, 13 },
    { 0, 6, 6, 11, 2, 0, 28015, 1, 6, 13 },
    { 0, 6, 6, 11, 2, 0, 28028, 1, 6, 13 },
    { 0, 6, 6, 11, 2, 0, 28041, 1, 6, 13 },
    { 0, 6, 6, 11, 2, 0, 28054, 1, 6, 13 },
    { 0, 6, 6, 11, 2, 0, 28067, 1, 6, 13 },
    { 0, 6, 6, 11, 2, 0, 28080, 1, 6, 13 },
    { 0, 6, 6, 11, 2, 0, 28093, 1, 6, 13 },
    { 0, 6, 6, 11, 2, 0, 28106, 1, 6, 13 },
    { 0, 6, 6, 11, 2, 0, 28119, 1, 6, 13 },
    { 0, 6, 6, 11, 2, 0, 28132, 1, 6, 13 },
    { 0, 6, 6, 11, 2, 0, 28145, 1, 6, 13 },
    { 0, 6, 6, 11, 2, 0, 28158, 1, 6, 13 },
    { 0, 6, 6, 11, 2, 0, 28171, 1, 6, 13 },
    { 0, 6, 6, 11, 2, 0, 28184, 1, 6, 13 },
    { 0, 6, 6, 11, 2, 0, 28197, 1, 6, 13 },
    { 0, 6, 6, 11, 2, 0, 28210, 1, 6, 13 },
    { 0, 6, 6, 11, 2, 0, 28223, 1, 6, 13 },
    { 0, 6, 6, 11, 2, 0, 28236, 1, 6, 13 },
    { 0, 6, 6, 11, 2, 0, 28249, 1, 6, 13 },
    { 0, 6, 6, 11, 2, 0, 28262, 1, 6, 13 },
    { 0, 6, 6, 11, 2, 0, 28275, 1, 6, 13 },
    { 0, 6, 6, 11, 2, 0, 28288, 1, 6, 13 },
    { 0, 6, 6, 11, 2, 0, 28301, 1, 6, 13 },
    { 0, 6, 6, 11, 2, 0, 28314, 1, 6, 13 },
    { 0, 6, 6, 11, 2, 0, 28327, 1, 6, 13 },
    { 0, 6, 6, 11, 2, 0, 28340, 1, 6, 13 },
    { 0, 6, 6, 11, 2, 0, 28353, 1, 6, 13 },
    { 0, 6, 6, 11, 2, 0, 28366, 1, 6, 13 },
    { 0, 6, 6, 11, 2, 0, 28379, 1, 6, 13 },
    { 0, 6, 6, 11, 2, 0, 28392, 1, 6, 13 },
    { 0, 6, 6, 11, 2, 0, 28405, 1, 6, 13 },
    { 0, 6, 6, 11, 2, 0, 28418, 1, 6, 13 },
    { 0, 6, 6, 11, 2, 0, 28431, 1, 6, 13 },
    { 0, 6, 6, 11, 2, 0, 28444, 1, 6, 13 },
    { 0, 6, 6, 11, 2, 0, 28457, 1, 6, 13 },
    { 0, 6, 6, 11, 2, 0, 28470, 1, 6, 13 },
    { 0, 6, 6, 11, 2, 0, 28483, 1, 6, 13 },
    { 0, 6, 6, 11, 2, 0, 28496, 1, 6, 13 },
    { 0, 6, 6, 11, 2, 0, 28509, 1, 6, 13 },
    { 0, 6, 6, 11, 2, 0, 28522, 1, 6, 13 },
    { 0, 6, 6, 11, 2, 0, 28535, 1, 6, 13 },
    { 0, 6, 6, 11, 2, 0, 28548, 1, 6, 13 },
    { 0, 6, 6, 11, 2, 0, 28561, 1, 6, 13 },
    { 0, 6, 6, 11, 2, 0, 28574, 1, 6, 13 },
    { 0, 6, 6, 11, 2, 0, 28587, 1, 6, 13 },
    { 0, 6, 6, 11, 2, 0, 28600, 1, 6, 13 },
    { 0, 6, 6, 11, 2, 0, 28613, 1, 6, 13 },
    { 0, 6, 6, 11, 2, 0, 28626, 1, 6, 13 },
    { 0, 6, 6, 11, 2, 0, 28639, 1, 6, 13 },
    { 0, 6, 6, 11, 2, 0, 28652, 1, 6, 13 },
    { 0, 6, 6, 11, 2, 0, 28665, 1, 6, 13 },
    { 0, 6, 6, 11, 2, 0, 28678, 1, 6, 13 },
    { 0, 6, 6, 11, 2, 0, 28691, 1, 6, 13 },
    { 0, 6, 6, 11, 2, 0, 28704, 1, 6, 13 },
    { 0, 6, 6, 11, 2, 0, 28717, 1, 6, 13 },
    { 0, 6, 6, 11, 2, 0, 28730, 1, 6, 13 },
    { 0, 6, 6, 11, 2, 0, 28743, 1, 6, 13 },
    { 0, 6, 6, 11, 2, 0, 28756, 1, 6, 13 },
    { 0, 6, 6, 11, 2, 0, 28769, 1, 6, 13 },
    { 0, 6, 6, 11, 2, 0, 28782, 1, 6, 13 },
    { 0, 6, 6, 11, 2, 0, 28795, 1, 6, 13 },
    { 0, 6, 6, 11, 2, 0, 28808, 1, 6, 13 },
    { 0, 6, 6, 11, 2, 0, 28821, 1, 6, 13 },
    { 0, 6, 6, 11, 2, 0, 28834, 1, 6, 13 },
    { 0, 6, 6, 11, 2, 0, 28847, 1, 6, 13 },
    { 0, 6, 6, 11, 2, 0, 28860, 1, 6, 13 },
    { 0, 6, 6, 11, 2, 0, 28873, 1, 6, 13 },
    { 0, 6, 6, 11, 2, 0, 28886, 1, 6, 13 },
    { 0, 6, 6, 11, 2, 0, 28899, 1, 6, 13 },
    { 0, 6, 6, 11, 2, 0, 28912, 1, 6, 13 },
    { 0, 6, 6, 11, 2, 0, 28925, 1, 6, 13 },
    { 0, 6, 6, 11, 2, 0, 28938, 1, 6, 13 },
    { 0, 6, 6, 11, 2, 0, 28951, 1, 6, 13 },
    { 0, 6, 6, 11, 2, 0, 28964, 1, 6, 13 },
    { 0, 6, 6, 11, 2, 0, 28977, 1, 6, 13 },
    { 0, 6, 6, 11, 2, 0, 28990, 1, 6, 13 },
    { 0, 6, 6, 11, 2, 0, 29003, 1, 6, 13 },
    { 0, 6, 6, 11, 2, 0, 29016, 1, 6, 13 },
    { 0, 6, 6, 11, 2, 0, 29029, 1, 6, 13 },
    { 0, 6, 6, 11, 2, 0, 29042, 1, 6, 13 },
    { 0, 6, 6, 11, 2, 0, 29055, 1, 6, 13 },
    { 0, 6, 6, 11, 2, 0, 29068, 1, 6, 13 },
    { 0, 6, 6, 11, 2, 0, 29081, 1, 6, 13 },
    { 0, 6, 6, 11, 2, 0, 29094, 1, 6, 13 },
    { 0, 6, 6, 11, 2, 0, 29107, 1, 6, 13 },
    { 0, 6, 6, 11, 2, 0, 29120, 1, 6, 13 },
    { 0, 6, 6, 11, 2, 0, 29133, 1, 6, 13 },
    { 0, 6, 6, 11, 2, 0, 29146, 1, 6, 13 },
    { 0, 6, 6, 11, 2, 0, 29159, 1, 6, 13 },
    { 0, 6, 6, 11, 2, 0, 29172, 1, 6, 13 },
    { 0, 6, 6, 11, 2, 0, 29185, 1, 6, 13 },
    { 0, 6, 6, 11, 2, 0, 29198, 1, 6, 13 },
    { 0, 6, 6, 11, 2, 0, 29211, 1, 6, 13 },
    { 0, 6, 6, 11, 2, 0, 29224, 1, 6, 13 },
    { 0, 6, 6, 11, 2, 0, 29237, 1, 6, 13 },
    { 0, 6, 6, 11, 2, 0, 29250, 1, 6, 13 },
    { 0, 6, 6, 11, 2, 0, 29263, 1, 6, 13 },
    { 0, 6, 6, 11, 2, 0, 29276, 1, 6, 13 },
    { 0, 6, 6, 11, 2, 0, 29289, 1, 6, 13 },
    { 0, 6, 6, 11, 2, 0, 29302, 1, 6, 13 },
    { 0, 6, 6, 11, 2, 0, 29315, 1, 6, 13 },
    { 0, 6, 6, 11, 2, 0, 29328, 1, 6, 13 },
    { 0, 6, 6, 11, 2, 0, 29341, 1, 6, 13 },
    { 0, 6, 6, 11, 2, 0, 29354, 1, 6, 13 },
    { 0, 6, 6, 11, 2, 0, 29367, 1, 6, 13 },
    { 0, 6, 6, 11, 2, 0, 29380, 1, 6, 13 },
    { 0, 6, 6, 11, 2, 0, 29393, 1, 6, 13 },
    { 0, 6, 6, 11, 2, 0, 29406, 1, 6, 13 },
    { 0, 6, 6, 11, 2, 0, 29419, 1, 6, 13 },
    { 0, 6, 6, 11, 2, 0, 29432, 1, 6, 13 },
    { 0, 6, 6, 11, 2, 0, 29445, 1, 6, 13 },
    { 0, 6, 6, 11, 2, 0, 29458, 1, 6, 13 },
    { 0, 6, 6, 11, 2, 0, 29471, 1, 6, 13 },
    { 0, 6, 6, 11, 2, 0, 29484, 1, 6, 13 },
    { 0, 6, 6, 11, 2, 0, 29497, 1, 6, 13 },
    { 0, 6, 6, 11, 2, 0, 29510, 1, 6, 13 },
    { 0, 6, 6, 11, 2, 0, 29523, 1, 6, 13 },
    { 0, 6, 6, 11, 2, 0, 29536, 1, 6, 13 },
    { 0, 6, 6, 11, 2, 0, 29549, 1, 6, 13 },
    { 0, 6, 6, 11, 2, 0, 29562, 1, 6, 13 },
    { 0, 6, 6, 11, 2, 0, 29575, 1, 6, 13 },
    { 0, 6, 6, 11, 2, 0, 29588, 1, 6, 13 },
    { 0, 6, 6, 11, 2, 0, 29601, 1, 6, 13 },
    { 0, 6, 6, 11, 2, 0, 29614, 1, 6, 13 },
    { 0, 6, 6, 11, 2, 0, 29627, 1, 6, 13 },
    { 0, 6, 6, 11, 2, 0, 29640, 1, 6, 13 },
    { 0, 6, 6, 11, 2, 0, 29653, 1, 6, 13 },
    { 0, 6, 6, 11, 2, 0, 29666, 1, 6, 13 },
    { 0, 6, 6, 11, 2, 0, 29679, 1, 6, 13 },
    { 0, 6, 6, 11, 2, 0, 29692, 1, 6, 13 },
    { 0, 6, 6, 11, 2, 0, 29705, 1, 6, 13 },
    { 0, 6, 6, 11, 2, 0, 29718, 1, 6, 13 },
    { 0, 6, 6, 11, 2, 0, 29731, 1, 6, 13 },
    { 0, 6, 6, 11, 2, 0, 29744, 1, 6, 13 },
    { 0, 6, 6, 11, 2, 0, 29757, 1, 6, 13 },
    { 0, 6, 6, 11, 2, 0, 29770, 1, 6, 13 },
    { 0, 6, 6, 11, 2, 0, 29783, 1, 6, 13 },
    { 0, 6, 6, 11, 2, 0, 29796, 1, 6, 13 },
    { 0, 6, 6, 11, 2, 0, 29809, 1, 6, 13 },
    { 0, 6, 6, 11, 2, 0, 29822, 1, 6, 13 },
    { 0, 6, 6, 11, 2, 0, 29835, 1, 6, 13 },
    { 0, 6, 6, 11, 2, 0, 29848, 1, 6, 13 },
    { 0, 6, 6, 11, 2, 0, 29861, 1, 6, 13 },
    { 0, 6, 6, 11, 2, 0, 29874, 1, 6, 13 },
    { 0, 6, 6, 11, 2, 0, 29887, 1, 6, 13 },
    { 0, 6, 6, 11, 2, 0, 29900, 1, 6, 13 },
    { 0, 6, 6, 11, 2, 0, 29913, 1, 6, 13 },
    { 0, 6, 6, 11, 2, 0, 29926, 1, 6, 13 },
    { 0, 6, 6, 11, 2, 0, 29939, 1, 6, 13 },
    { 0, 6, 6, 11, 2, 0, 29952, 1, 6, 13 },
    { 0, 6, 6, 11, 2, 0, 29965, 1, 6, 13 },
    { 0, 6, 6, 11, 2, 0, 29978, 1, 6, 13 },
    { 0, 6, 6, 11, 2, 0, 29991, 1, 6, 13 },
    { 0, 6, 6, 11, 2, 0, 30004, 1, 6, 13 },
    { 0, 6, 6, 11, 2, 0, 30017, 1, 6, 13 },
    { 0, 6, 6, 11, 2, 0, 30030, 1, 6, 13 },
    { 0, 6, 6, 11, 2, 0, 30043, 1, 6, 13 },
    { 0, 6, 6, 11, 2, 0, 30056, 1, 6, 13 },
    { 0, 6, 6, 11, 2, 0, 30069, 1, 6, 13 },
    { 0, 6, 6, 11, 2, 0, 30082, 1, 6, 13 },
    { 0, 6, 6, 11, 2, 0, 30095, 1, 6, 13 },
    { 0, 6, 6, 11, 2, 0, 30108, 1, 6, 13 },
    { 0, 6, 6, 11, 2, 0, 30121, 1, 6, 13 },
    { 0, 6, 6, 11, 2, 0, 30134, 1, 6, 13 },
    { 0, 6, 6, 11, 2, 0, 30147, 1, 6, 13 },
    { 0, 6, 6, 11, 2, 0, 30160, 1, 6, 13 },
    { 0, 6, 6, 11, 2, 0, 30173, 1, 6, 13 },
    { 0, 6, 6, 11, 2, 0, 30186, 1, 6, 13 },
    { 0, 6, 6, 11, 2, 0, 30199, 1, 6, 13 },
    { 0, 6, 6, 11, 2, 0, 30212, 1, 6, 13 },
    { 0, 6, 6, 11, 2, 0, 30225, 1, 6, 13 },
    { 0, 6, 6, 11, 2, 0, 30238, 1, 6, 13 },
    { 0, 6, 6, 11, 2, 0, 30251, 1, 6, 13 },
    { 0, 6, 6, 11, 2, 0, 30264, 1, 6, 13 },
    { 0, 6, 6, 11, 2, 0, 30277, 1, 6, 13 },
    { 0, 6, 6, 11, 2, 0, 30290, 1, 6, 13 },
    { 0, 6, 6, 11, 2, 0, 30303, 1, 6, 13 },
    { 0, 6, 6, 11, 2, 0, 30316, 1, 6, 13 },
    { 0, 6, 6, 11, 2, 0, 30329, 1, 6, 13 },
    { 0, 6, 6, 11, 2, 0, 30342, 1, 6, 13 },
    { 0, 6, 6, 11, 2, 0, 30355, 1, 6, 13 },
    { 0, 6, 6, 11, 2, 0, 30368, 1, 6, 13 },
    { 0, 6, 6, 11, 2, 0, 30381, 1, 6, 13 },
    { 0, 6, 6, 11, 2, 0, 30394, 1, 6, 13 },
    { 0, 6, 6, 11, 2, 0, 30407, 1, 6, 13 },
    { 0, 6, 6, 11, 2, 0, 30420, 1, 6, 13 },
    { 0, 6, 6, 11, 2, 0, 30433, 1, 6, 13 },
    { 0, 6, 6, 11, 2, 0, 30446, 1, 6, 13 },
    { 0, 6, 6, 11, 2, 0, 30459, 1, 6, 13 },
    { 0, 6, 6, 11, 2, 0, 30472, 1, 6, 13 },
    { 0, 6, 6, 11, 2, 0, 30485, 1, 6, 13 },
    { 0, 6, 6, 11, 2, 0, 30498, 1, 6, 13 },
    { 0, 6, 6, 11, 2, 0, 30511, 1, 6, 13 },
    { 0, 6, 6, 11, 2, 0, 30524, 1, 6, 13 },
    { 0, 6, 6, 11, 2, 0, 30537, 1, 6, 13 },
    { 0, 6, 6, 11, 2, 0, 30550, 1, 6, 13 },
    { 0, 6, 6, 11, 2, 0, 30563, 1, 6, 13 },
    { 0, 6, 6, 11, 2, 0, 30576, 1, 6, 13 },
    { 0, 6, 6, 11, 2, 0, 30589, 1, 6, 13 },
    { 0, 6, 6, 11, 2, 0, 30602, 1, 6, 13 },
    { 0, 6, 6, 11, 2, 0, 30615, 1, 6, 13 },
    { 0, 6, 6, 11, 2, 0, 30628, 1, 6, 13 },
    { 0, 6, 6, 11, 2, 0, 30641, 1, 6, 13 },
    { 0, 6, 6, 11, 2, 0, 30654, 1, 6, 13 },
    { 0, 6, 6, 11, 2, 0, 30667, 1, 6, 13 },
    { 0, 6, 6, 11, 2, 0, 30680, 1, 6, 13 },
    { 0, 6, 6, 11, 2, 0, 30693, 1, 6, 13 },
    { 0, 6, 6, 11, 2, 0, 30706, 1, 6, 13 },
    { 0, 6, 6, 11, 2, 0, 30719, 1, 6, 13 },
    { 0, 6, 6, 11, 2, 0, 30732, 1, 6, 13 },
    { 0, 6, 6, 11, 2, 0, 30745, 1, 6, 13 },
    { 0, 6, 6, 11, 2, 0, 30758, 1, 6, 13 },
    { 0, 6, 6, 11, 2, 0, 30771, 1, 6, 13 },
    { 0, 6, 6, 11, 2, 0, 30784, 1, 6, 13 },
    { 0, 6, 6, 11, 2, 0, 30797, 1, 6, 13 },
    { 0, 6, 6, 11, 2, 0, 30810, 1, 6, 13 },
    { 0, 6, 6, 11, 2, 0, 30823, 1, 6, 13 },
    { 0, 6, 6, 11, 2, 0, 30836, 1, 6, 13 },
    { 0, 6, 6, 11, 2, 0, 30849, 1, 6, 13 },
    { 0, 6, 6, 11, 2, 0, 30862, 1, 6, 13 },
    { 0, 6, 6, 11, 2, 0, 30875, 1, 6, 13 },
    { 0, 6, 6, 11, 2, 0, 30888, 1, 6, 13 },
    { 0, 6, 6, 11, 2, 0, 30901, 1, 6, 13 },
    { 0, 6, 6, 11, 2, 0, 30914, 1, 6, 13 },
    { 0, 6, 6, 11, 2, 0, 30927, 1, 6, 13 },
    { 0, 6, 6, 11, 2, 0, 30940, 1, 6, 13 },
    { 0, 6, 6, 11, 2, 0, 30953, 1, 6, 13 },
    { 0, 6, 6, 11, 2, 0, 30966, 1, 6, 13 },
    { 0, 6, 6, 11, 2, 0, 30979, 1, 6, 13 },
    { 0, 6, 6, 11, 2, 0, 30992, 1, 6, 13 },
    { 0, 6, 6, 11, 2, 0, 31005, 1, 6, 13 },
    { 0, 6, 6, 11, 2, 0, 31018, 1, 6, 13 },
    { 0, 6, 6, 11, 2, 0, 31031, 1, 6, 13 },
    { 0, 6, 6, 11, 2, 0, 31044, 1, 6, 13 },
    { 0, 6, 6, 11, 2, 0, 31057, 1, 6, 13 },
    { 0, 6, 6, 11, 2, 0, 31070, 1, 6, 13 },
    { 0, 6, 6, 11, 2, 0, 31083, 1, 6, 13 },
    { 0, 6, 6, 11, 2, 0, 31096, 1, 6, 13 },
    { 0, 6, 6, 11, 2, 0, 31109, 1, 6, 13 },
    { 0, 6, 6, 11, 2, 0, 31122, 1, 6, 13 },
    { 0, 6, 6, 11, 2, 0, 31135, 1, 6, 13 },
    { 0, 6, 6, 11, 2, 0, 31148, 1, 6, 13 },
    { 0, 6, 6, 11, 2, 0, 31161, 1, 6, 13 },
    { 0, 6, 6, 11, 2, 0, 31174, 1, 6, 13 },
    { 0, 6, 6, 11, 2, 0, 31187, 1, 6, 13 },
    { 0, 6, 6, 11, 2, 0, 31200, 1, 6, 13 },
    { 0, 6, 6, 11, 2, 0, 31213, 1, 6, 13 },
    { 0, 6, 6, 11, 2, 0, 31226, 1, 6, 13 },
    { 0, 6, 6, 11, 2, 0, 31239, 1, 6, 13 },
    { 0, 6, 6, 11, 2, 0, 31252, 1, 6, 13 },
    { 0, 6, 6, 11, 2, 0, 31265, 1, 6, 13 },
    { 0, 6, 6, 11, 2, 0, 31278, 1, 6, 13 },
    { 0, 6, 6, 11, 2, 0, 31291, 1, 6, 13 },
    { 0, 6, 6, 11, 2, 0, 31304, 1, 6, 13 },
    { 0, 6, 6, 11, 2, 0, 31317, 1, 6, 13 },
    { 0, 6, 6, 11, 2, 0, 31330, 1, 6, 13 },
    { 0, 6, 6, 11, 2, 0, 31343, 1, 6, 13 },
    { 0, 6, 6, 11, 2, 0, 31356, 1, 6, 13 },
    { 0, 6, 6, 11, 2, 0, 31369, 1, 6, 13 },
    { 0, 6, 6, 11, 2, 0, 31382, 1, 6, 13 },
    { 0, 6, 6, 11, 2, 0, 31395, 1, 6, 13 },
    { 0, 6, 6, 11, 2, 0, 31408, 1, 6, 13 },
    { 0, 6, 6, 11, 2, 0, 31421, 1, 6, 13 },
    { 0, 6, 6, 11, 2, 0, 31434, 1, 6, 13 },
    { 0, 6, 6, 11, 2, 0, 31447, 1, 6, 13 },
    { 0, 6, 6, 11, 2, 0, 31460, 1, 6, 13 },
    { 0, 6, 6, 11, 2, 0, 31473, 1, 6, 13 },
    { 0, 6, 6, 11, 2, 0, 31486, 1, 6, 13 },
    { 0, 6, 6, 11, 2, 0, 31499, 1, 6, 13 },
    { 0, 6, 6, 11, 2, 0, 31512, 1, 6, 13 },
    { 0, 6, 6, 11, 2, 0, 31525, 1, 6, 13 },
    { 0, 6, 6, 11, 2, 0, 31538, 1, 6, 13 },
    { 0, 6, 6, 11, 2, 0, 31551, 1, 6, 13 },
    { 0, 6, 6, 11, 2, 0, 31564, 1, 6, 13 },
    { 0, 6, 6, 11, 2, 0, 31577, 1, 6, 13 },
    { 0, 6, 6, 11, 2, 0, 31590, 1, 6, 13 },
    { 0, 6, 6, 11, 2, 0, 31603, 1, 6, 13 },
    { 0, 6, 6, 11, 2, 0, 31616, 1, 6, 13 },
    { 0, 6, 6, 11, 2, 0, 31629, 1, 6, 13 },
    { 0, 6, 6, 11, 2, 0, 31642, 1, 6, 13 },
    { 0, 6, 6, 11, 2, 0, 31655, 1, 6, 13 },
    { 0, 6, 6, 11, 2, 0, 31668, 1, 6, 13 },
    { 0, 6, 6, 11, 2, 0, 31681, 1, 6, 13 },
    { 0, 6, 6, 11, 2, 0, 31694, 1, 6, 13 },
    { 0, 6, 6, 11, 2, 0, 31707, 1, 6, 13 },
    { 0, 6, 6, 11, 2, 0, 31720, 1, 6, 13 },
    { 0, 6, 6, 11, 2, 0, 31733, 1, 6, 13 },
    { 0, 6, 6, 11, 2, 0, 31746, 1, 6, 13 },
    { 0, 6, 6, 11, 2, 0, 31759, 1, 6, 13 },
    { 0, 6, 6, 11, 2, 0, 31772, 1, 6, 13 },
    { 0, 6, 6, 11, 2, 0, 31785, 1, 6, 13 },
    { 0, 6, 6, 11, 2, 0, 31798, 1, 6, 13 },
    { 0, 6, 6, 11, 2, 0, 31811, 1, 6, 13 },
    { 0, 6, 6, 11, 2, 0, 31824, 1, 6, 13 },
    { 0, 6, 6, 11, 2, 0, 31837, 1, 6, 13 },
    { 0, 6, 6, 11, 2, 0, 31850, 1, 6, 13 },
    { 0, 6, 6, 11, 2, 0, 31863, 1, 6, 13 },
    { 0, 6, 6, 11, 2, 0, 31876, 1, 6, 13 },
    { 0, 6, 6, 11, 2, 0, 31889, 1, 6, 13 },
    { 0, 6, 6, 11, 2, 0, 31902, 1, 6, 13 },
    { 0, 6, 6, 11, 2, 0, 31915, 1, 6, 13 },
    { 0, 6, 6, 11, 2, 0, 31928, 1, 6, 13 },
    { 0, 6, 6, 11, 2, 0, 31941, 1, 6, 13 },
    { 0, 6, 6, 11, 2, 0, 31954, 1, 6, 13 },
    { 0, 6, 6, 11, 2, 0, 31967, 1, 6, 13 },
    { 0, 6, 6, 11, 2, 0, 31980, 1, 6, 13 },
    { 0, 6, 6, 11, 2, 0, 31993, 1, 6, 13 },
    { 0, 6, 6, 11, 2, 0, 32006, 1, 6, 13 },
    { 0, 6, 6, 11, 2, 0, 32019, 1, 6, 13 },
    { 0, 6, 6, 11, 2, 0, 32032, 1, 6, 13 },
    { 0, 6, 6, 11, 2, 0, 32045, 1, 6, 13 },
    { 0, 6, 6, 11, 2, 0, 32058, 1, 6, 13 },
    { 0, 6, 6, 11, 2, 0, 32071, 1, 6, 13 },
    { 0, 6, 6, 11, 2, 0, 32084, 1, 6, 13 },
    { 0, 6, 6, 11, 2, 0, 32097, 1, 6, 13 },
    { 0, 6, 6, 11, 2, 0, 32110, 1, 6, 13 },
    { 0, 6, 6, 11, 2, 0, 32123, 1, 6, 13 },
    { 0, 6, 6, 11, 2, 0, 32136, 1, 6, 13 },
    { 0, 6, 6, 11, 2, 0, 32149, 1, 6, 13 },
    { 0, 6, 6, 11, 2, 0, 32162, 1, 6, 13 },
    { 0, 6, 6, 11, 2, 0, 32175, 1, 6, 13 },
    { 0, 6, 6, 11, 2, 0, 32188, 1, 6, 13 },
    { 0, 6, 6, 11, 2, 0, 32201, 1, 6, 13 },
    { 0, 6, 6, 11, 2, 0, 32214, 1, 6, 13 },
    { 0, 6, 6, 11, 2, 0, 32227, 1, 6, 13 },
    { 0, 6, 6, 11, 2, 0, 32240, 1, 6, 13 },
    { 0, 6, 6, 11, 2, 0, 32253, 1, 6, 13 },
    { 0, 6, 6, 11, 2, 0, 32266, 1, 6, 13 },
    { 0, 6, 6, 11, 2, 0, 32279, 1, 6, 13 },
    { 0, 6, 6, 11, 2, 0, 32292, 1, 6, 13 },
    { 0, 6, 6, 11, 2, 0, 32305, 1, 6, 13 },
    { 0, 6, 6, 11, 2, 0, 32318, 1, 6, 13 },
    { 0, 6, 6, 11, 2, 0, 32331, 1, 6, 13 },
    { 0, 6, 6, 11, 2, 0, 32344, 1, 6, 13 },
    { 0, 6, 6, 11, 2, 0, 32357, 1, 6, 13 },
    { 0, 6, 6, 11, 2, 0, 32370, 1, 6, 13 },
    { 0, 6, 6, 11, 2, 0, 32383, 1, 6, 13 },
    { 0, 6, 6, 11, 2, 0, 32396, 1, 6, 13 },
    { 0, 6, 6, 11, 2, 0, 32409, 1, 6, 13 },
    { 0, 6, 6, 11, 2, 0, 32422, 1, 6, 13 },
    { 0, 6, 6, 11, 2, 0, 32435, 1, 6, 13 },
    { 0, 6, 6, 11, 2, 0, 32448, 1, 6, 13 },
    { 0, 6, 6, 11, 2, 0, 32461, 1, 6, 13 },
    { 0, 6, 6, 11, 2, 0, 32474, 1, 6, 13 },
    { 0, 6, 6, 11, 2, 0, 32487, 1, 6, 13 },
    { 0, 6, 6, 11, 2, 0, 32500, 1, 6, 13 },
    { 0, 6, 6, 11, 2, 0, 32513, 1, 6, 13 },
    { 0, 6, 6, 11, 2, 0, 32526, 1, 6, 13 },
    { 0, 6, 6, 11, 2, 0, 32539, 1, 6, 13 },
    { 0, 6, 6, 11, 2, 0, 32552, 1, 6, 13 },
    { 0, 6, 6, 11, 2, 0, 32565, 1, 6, 13 },
    { 0, 6, 6, 11, 2, 0, 32578, 1, 6, 13 },
    { 0, 6, 6, 11, 2, 0, 32591, 1, 6, 13 },
    { 0, 6, 6, 11, 2, 0, 32604, 1, 6, 13 },
    { 0, 6, 6, 11, 2, 0, 32617, 1, 6, 13 },
    { 0, 6, 6, 11, 2, 0, 32630, 1, 6, 13 },
    { 0, 6, 6, 11, 2, 0, 32643, 1, 6, 13 },
    { 0, 6, 6, 11, 2, 0, 32656, 1, 6, 13 },
    { 0, 6, 6, 11, 2, 0, 32669, 1, 6, 13 },
    { 0, 6, 6, 11, 2, 0, 32682, 1, 6, 13 },
    { 0, 6, 6, 11, 2, 0, 32695, 1, 6, 13 },
    { 0, 6, 6, 11, 2, 0, 32708, 1, 6, 13 },
    { 0, 6, 6, 11, 2, 0, 32721, 1, 6, 13 },
    { 0, 6, 6, 11, 2, 0, 32734, 1, 6, 13 },
    { 0, 6, 6, 11, 2, 0, 32747, 1, 6, 13 },
    { 0, 6, 6, 11, 2, 0, 32760, 1, 6, 13 },
    { 0, 6, 6, 11, 2, 0, 32773, 1, 6, 13 },
    { 0, 6, 6, 11, 2, 0, 32786, 1, 6, 13 },
    { 0, 6, 6, 11, 2, 0, 32799, 1, 6, 13 },
    { 0, 6, 6, 11, 2, 0, 32812, 1, 6, 13 },
    { 0, 6, 6, 11, 2, 0, 32825, 1, 6, 13 },
    { 0, 6, 6, 11, 2, 0, 32838, 1, 6, 13 },
    { 0, 6, 6, 11, 2, 0, 32851, 1, 6, 13 },
    { 0, 6, 6, 11, 2, 0, 32864, 1, 6, 13 },
    { 0, 6, 6, 11, 2, 0, 32877, 1, 6, 13 },
    { 0, 6, 6, 11, 2, 0, 32890, 1, 6, 13 },
    { 0, 6, 6, 11, 2, 0, 32903, 1, 6, 13 },
    { 0, 6, 6, 11, 2, 0, 32916, 1, 6, 13 },
    { 0, 6, 6, 11, 2, 0, 32929, 1, 6, 13 },
    { 0, 6, 6, 11, 2, 0, 32942, 1, 6, 13 },
    { 0, 6, 6, 11, 2, 0, 32955, 1, 6, 13 },
    { 0, 6, 6, 11, 2, 0, 32968, 1, 6, 13 },
    { 0, 6, 6, 11, 2, 0, 32981, 1, 6, 13 },
    { 0, 6, 6, 11, 2, 0, 32994, 1, 6, 13 },
    { 0, 6, 6, 11, 2, 0, 33007, 1, 6, 13 },
    { 0, 6, 6, 11, 2, 0, 33020, 1, 6, 13 },
    { 0, 6, 6, 11, 2, 0, 33033, 1, 6, 13 },
    { 0, 6, 6, 11, 2, 0, 33046, 1, 6, 13 },
    { 0, 6, 6, 11, 2, 0, 33059, 1, 6, 13 },
    { 0, 6, 6, 11, 2, 0, 33072, 1, 6, 13 },
    { 0, 6, 6, 11, 2, 0, 33085, 1, 6, 13 },
    { 0, 6, 6, 11, 2, 0, 33098, 1, 6, 13 },
    { 0, 6, 6, 11, 2, 0, 33111, 1, 6, 13 },
    { 0, 6, 6, 11, 2, 0, 33124, 1, 6, 13 },
    { 0, 6, 6, 11, 2, 0, 33137, 1, 6, 13 },
    { 0, 6, 6, 11, 2, 0, 33150, 1, 6, 13 },
    { 0, 6, 6, 11, 2, 0, 33163, 1, 6, 13 },
    { 0, 6, 6, 11, 2, 0, 33176, 1, 6, 13 },
    { 0, 6, 6, 11, 2, 0, 33189, 1, 6, 13 },
    { 0, 6, 6, 11, 2, 0, 33202, 1, 6, 13 },
    { 0, 6, 6, 11, 2, 0, 33215, 1, 6, 13 },
    { 0, 6, 6, 11, 2, 0, 33228, 1, 6, 13 },
    { 0, 6, 6, 11, 2, 0, 33241, 1, 6, 13 },
    { 0, 6, 6, 11, 2, 0, 33254, 1, 6, 13 },
    { 0, 6, 6, 11, 2, 0, 33267, 1, 6, 13 },
    { 0, 6, 6, 11, 2, 0, 33280, 1, 6, 13 },
    { 0, 6, 6, 11, 2, 0, 33293, 1, 6, 13 },
    { 0, 6, 6, 11, 2, 0, 33306, 1, 6, 13 },
    { 0, 6, 6, 11, 2, 0, 33319, 1, 6, 13 },
    { 0, 6, 6, 11, 2, 0, 33332, 1, 6, 13 },
    { 0, 6, 6, 11, 2, 0, 33345, 1, 6, 13 },
    { 0, 6, 6, 11, 2, 0, 33358, 1, 6, 13 },
    { 0, 6, 6, 11, 2, 0, 33371, 1, 6, 13 },
    { 0, 6, 6, 11, 2, 0, 33384, 1, 6, 13 },
    { 0, 6, 6, 11, 2, 0, 33397, 1, 6, 13 },
    { 0, 6, 6, 11, 2, 0, 33410, 1, 6, 13 },
    { 0, 6, 6, 11, 2, 0, 33423, 1, 6, 13 },
    { 0, 6, 6, 11, 2, 0, 33436, 1, 6, 13 },
    { 0, 6, 6, 11, 2, 0, 33449, 1, 6, 13 },
    { 0, 6, 6, 11, 2, 0, 33462, 1, 6, 13 },
    { 0, 6, 6, 11, 2, 0, 33475, 1, 6, 13 },
    { 0, 6, 6, 11, 2, 0, 33488, 1, 6, 13 },
    { 0, 6, 6, 11, 2, 0, 33501, 1, 6, 13 },
    { 0, 6, 6, 11, 2, 0, 33514, 1, 6, 13 },
    { 0, 6, 6, 11, 2, 0, 33527, 1, 6, 13 },
    { 0, 6, 6, 11, 2, 0, 33540, 1, 6, 13 },
    { 0, 6, 6, 11, 2, 0, 33553, 1, 6, 13 },
    { 0, 6, 6, 11, 2, 0, 33566, 1, 6, 13 },
    { 0, 6, 6, 11, 2, 0, 33579, 1, 6, 13 },
    { 0, 6, 6, 11, 2, 0, 33592, 1, 6, 13 },
    { 0, 6, 6, 11, 2, 0, 33605, 1, 6, 13 },
    { 0, 6, 6, 11, 2, 0, 33618, 1, 6, 13 },
    { 0, 6, 6, 11, 2, 0, 33631, 1, 6, 13 },
    { 0, 6, 6, 11, 2, 0, 33644, 1, 6, 13 },
    { 0, 6, 6, 11, 2, 0, 33657, 1, 6, 13 },
    { 0, 6, 6, 11, 2, 0, 33670, 1, 6, 13 },
    { 0, 6, 6, 11, 2, 0, 33683, 1, 6, 13 },
    { 0, 6, 6, 11, 2, 0, 33696, 1, 6, 13 },
    { 0, 6, 6, 11, 2, 0, 33709, 1, 6, 13 },
    { 0, 6, 6, 11, 2, 0, 33722, 1, 6, 13 },
    { 0, 6, 6, 11, 2, 0, 33735, 1, 6, 13 },
    { 0, 6, 6, 11, 2, 0, 33748, 1, 6, 13 },
    { 0, 6, 6, 11, 2, 0, 33761, 1, 6, 13 },
    { 0, 6, 6, 11, 2, 0, 33774, 1, 6, 13 },
    { 0, 6, 6, 11, 2, 0, 33787, 1, 6, 13 },
    { 0, 6, 6, 11, 2, 0, 33800, 1, 6, 13 },
    { 0, 6, 6, 11, 2, 0, 33813, 1, 6, 13 },
    { 0, 6, 6, 11, 2, 0, 33826, 1, 6, 13 },
    { 0, 6, 6, 11, 2, 0, 33839, 1, 6, 13 },
    { 0, 6, 6, 11, 2, 0, 33852, 1, 6, 13 },
    { 0, 6, 6, 11, 2, 0, 33865, 1, 6, 13 },
    { 0, 6, 6, 11, 2, 0, 33878, 1, 6, 13 },
    { 0, 6, 6, 11, 2, 0, 33891, 1, 6, 13 },
    { 0, 6, 6, 11, 2, 0, 33904, 1, 6, 13 },
    { 0, 6, 6, 11, 2, 0, 33917, 1, 6, 13 },
    { 0, 6, 6, 11, 2, 0, 33930, 1, 6, 13 },
    { 0, 6, 6, 11, 2, 0, 33943, 1, 6, 13 },
    { 0, 6, 6, 11, 2, 0, 33956, 1, 6, 13 },
    { 0, 6, 6, 11, 2, 0, 33969, 1, 6, 13 },
    { 0, 6, 6, 11, 2, 0, 33982, 1, 6, 13 },
    { 0, 6, 6, 11, 2, 0, 33995, 1, 6, 13 },
    { 0, 6, 6, 11, 2, 0, 34008, 1, 6, 13 },
    { 0, 6, 6, 11, 2, 0, 34021, 1, 6, 13 },
    { 0, 6, 6, 11, 2, 0, 34034, 1, 6, 13 },
    { 0, 6, 6, 11, 2, 0, 34047, 1, 6, 13 },
    { 0, 6, 6, 11, 2, 0, 34060, 1, 6, 13 },
    { 0, 6, 6, 11, 2, 0, 34073, 1, 6, 13 },
    { 0, 6, 6, 11, 2, 0, 34086, 1, 6, 13 },
    { 0, 6, 6, 11, 2, 0, 34099, 1, 6, 13 },
    { 0, 6, 6, 11, 2, 0, 34112, 1, 6, 13 },
    { 0, 6, 6, 11, 2, 0, 34125, 1, 6, 13 },
    { 0, 6, 6, 11, 2, 0, 34138, 1, 6, 13 },
    { 0, 6, 6, 11, 2, 0, 34151, 1, 6, 13 },
    { 0, 6, 6, 11, 2, 0, 34164, 1, 6, 13 },
    { 0, 6, 6, 11, 2, 0, 34177, 1, 6, 13 },
    { 0, 6, 6, 11, 2, 0, 34190, 1, 6, 13 },
    { 0, 6, 6, 11, 2, 0, 34203, 1, 6, 13 },
    { 0, 6, 6, 11, 2, 0, 34216, 1, 6, 13 },
    { 0, 6, 6, 11, 2, 0, 34229, 1, 6, 13 },
    { 0, 6, 6, 11, 2, 0, 34242, 1, 6, 13 },
    { 0, 6, 6, 11, 2, 0, 34255, 1, 6, 13 },
    { 0, 6, 6, 11, 2, 0, 34268, 1, 6, 13 },
    { 0, 6, 6, 11, 2, 0, 34281, 1, 6, 13 },
    { 0, 6, 6, 11, 2, 0, 34294, 1, 6, 13 },
    { 0, 6, 6, 11, 2, 0, 34307, 1, 6, 13 },
    { 0, 6, 6, 11, 2, 0, 34320, 1, 6, 13 },
    { 0, 6, 6, 11, 2, 0, 34333, 1, 6, 13 },
    { 0, 6, 6, 11, 2, 0, 34346, 1, 6, 13 },
    { 0, 6, 6, 11, 2, 0, 34359, 1, 6, 13 },
    { 0, 6, 6, 11, 2, 0, 34372, 1, 6, 13 },
    { 0, 6, 6, 11, 2, 0, 34385, 1, 6, 13 },
    { 0, 6, 6, 11, 2, 0, 34398, 1, 6, 13 },
    { 0, 6, 6, 11, 2, 0, 34411, 1, 6, 13 },
    { 0, 6, 6, 11, 2, 0, 34424, 1, 6, 13 },
    { 0, 6, 6, 11, 2, 0, 34437, 1, 6, 13 },
    { 0, 6, 6, 11, 2, 0, 34450, 1, 6, 13 },
    { 0, 6, 6, 11, 2, 0, 34463, 1, 6, 13 },
    { 0, 6, 6, 11, 2, 0, 34476, 1, 6, 13 },
    { 0, 6, 6, 11, 2, 0, 34489, 1, 6, 13 },
    { 0, 6, 6, 11, 2, 0, 34502, 1, 6, 13 },
    { 0, 6, 6, 11, 2, 0, 34515, 1, 6, 13 },
    { 0, 6, 6, 11, 2, 0, 34528, 1, 6, 13 },
    { 0, 6, 6, 11, 2, 0, 34541, 1, 6, 13 },
    { 0, 6, 6, 11, 2, 0, 34554, 1, 6, 13 },
    { 0, 6, 6, 11, 2, 0, 34567, 1, 6, 13 },
    { 0, 6, 6, 11, 2, 0, 34580, 1, 6, 13 },
    { 0, 6, 6, 11, 2, 0, 34593, 1, 6, 13 },
    { 0, 6, 6, 11, 2, 0, 34606, 1, 6, 13 },
    { 0, 6, 6, 11, 2, 0, 34619, 1, 6, 13 },
    { 0, 6, 6, 11, 2, 0, 34632, 1, 6, 13 },
    { 0, 6, 6, 11, 2, 0, 34645, 1, 6, 13 },
    { 0, 6, 6, 11, 2, 0, 34658, 1, 6, 13 },
    { 0, 6, 6, 11, 2, 0, 34671, 1, 6, 13 },
    { 0, 6, 6, 11, 2, 0, 34684, 1, 6, 13 },
    { 0, 6, 6, 11, 2, 0, 34697, 1, 6, 13 },
    { 0, 6, 6, 11, 2, 0, 34710, 1, 6, 13 },
    { 0, 6, 6, 11, 2, 0, 34723, 1, 6, 13 },
    { 0, 6, 6, 11, 2, 0, 34736, 1, 6, 13 },
    { 0, 6, 6, 11, 2, 0, 34749, 1, 6, 13 },
    { 0, 6, 6, 11, 2, 0, 34762, 1, 6, 13 },
    { 0, 6, 6, 11, 2, 0, 34775, 1, 6, 13 },
    { 0, 6, 6, 11, 2, 0, 34788, 1, 6, 13 },
    { 0, 6, 6, 11, 2, 0, 34801, 1, 6, 13 },
    { 0, 6, 6, 11, 2, 0, 34814, 1, 6, 13 },
    { 0, 6, 6, 11, 2, 0, 34827, 1, 6, 13 },
    { 0, 6, 6, 11, 2, 0, 34840, 1, 6, 13 },
    { 0, 6, 6, 11, 2, 0, 34853, 1, 6, 13 },
    { 0, 6, 6, 11, 2, 0, 34866, 1, 6, 13 },
    { 0, 6, 6, 11, 2, 0, 34879, 1, 6, 13 },
    { 0, 6, 6, 11, 2, 0, 34892, 1, 6, 13 },
    { 0, 6, 6, 11, 2, 0, 34905, 1, 6, 13 },
    { 0, 6, 6, 11, 2, 0, 34918, 1, 6, 13 },
    { 0, 6, 6, 11, 2, 0, 34931, 1, 6, 13 },
    { 0, 6, 6, 11, 2, 0, 34944, 1, 6, 13 },
    { 0, 6, 6, 11, 2, 0, 34957, 1, 6, 13 },
    { 0, 6, 6, 11, 2, 0, 34970, 1, 6, 13 },
    { 0, 6, 6, 11, 2, 0, 34983, 1, 6, 13 },
    { 0, 6, 6, 11, 2, 0, 34996, 1, 6, 13 },
    { 0, 6, 6, 11, 2, 0, 35009, 1, 6, 13 },
    { 0, 6, 6, 11, 2, 0, 35022, 1, 6, 13 },
    { 0, 6, 6, 11, 2, 0, 35035, 1, 6, 13 },
    { 0, 6, 6, 11, 2, 0, 35048, 1, 6, 13 },
    { 0, 6, 6, 11, 2, 0, 35061, 1, 6, 13 },
    { 0, 6, 6, 11, 2, 0, 35074, 1, 6, 13 },
    { 0, 6, 6, 11, 2, 0, 35087, 1, 6, 13 },
    { 0, 6, 6, 11, 2, 0, 35100, 1, 6, 13 },
    { 0, 6, 6, 11, 2, 0, 35113, 1, 6, 13 },
    { 0, 6, 6, 11, 2, 0, 35126, 1, 6, 13 },
    { 0, 6, 6, 11, 2, 0, 35139, 1, 6, 13 },
    { 0, 6, 6, 11, 2, 0, 35152, 1, 6, 13 },
    { 0, 6, 6, 11, 2, 0, 35165, 1, 6, 13 },
    { 0, 6, 6, 11, 2, 0, 35178, 1, 6, 13 },
    { 0, 6, 6, 11, 2, 0, 35191, 1, 6, 13 },
    { 0, 6, 6, 11, 2, 0, 35204, 1, 6, 13 },
    { 0, 6, 6, 11, 2, 0, 35217, 1, 6, 13 },
    { 0, 6, 6, 11, 2, 0, 35230, 1, 6, 13 },
    { 0, 6, 6, 11, 2, 0, 35243, 1, 6, 13 },
    { 0, 6, 6, 11, 2, 0, 35256, 1, 6, 13 },
    { 0, 6, 6, 11, 2, 0, 35269, 1, 6, 13 },
    { 0, 6, 6, 11, 2, 0, 35282, 1, 6, 13 },
    { 0, 6, 6, 11, 2, 0, 35295, 1, 6, 13 },
    { 0, 6, 6, 11, 2, 0, 35308, 1, 6, 13 },
    { 0, 6, 6, 11, 2, 0, 35321, 1, 6, 13 },
    { 0, 6, 6, 11, 2, 0, 35334, 1, 6, 13 },
    { 0, 6, 6, 11, 2, 0, 35347, 1, 6, 13 },
    { 0, 6, 6, 11, 2, 0, 35360, 1, 6, 13 },
    { 0, 6, 6, 11, 2, 0, 35373, 1, 6, 13 },
    { 0, 6, 6, 11, 2, 0, 35386, 1, 6, 13 },
    { 0, 6, 6, 11, 2, 0, 35399, 1, 6, 13 },
    { 0, 6, 6, 11, 2, 0, 35412, 1, 6, 13 },
    { 0, 6, 6, 11, 2, 0, 35425, 1, 6, 13 },
    { 0, 6, 6, 11, 2, 0, 35438, 1, 6, 13 },
    { 0, 6, 6, 11, 2, 0, 35451, 1, 6, 13 },
    { 0, 6, 6, 11, 2, 0, 35464, 1, 6, 13 },
    { 0, 6, 6, 11, 2, 0, 35477, 1, 6, 13 },
    { 0, 6, 6, 11, 2, 0, 35490, 1, 6, 13 },
    { 0, 6, 6, 11, 2, 0, 35503, 1, 6, 13 },
    { 0, 6, 6, 11, 2, 0, 35516, 1, 6, 13 },
    { 0, 6, 6, 11, 2, 0, 35529, 1, 6, 13 },
    { 0, 6, 6, 11, 2, 0, 35542, 1, 6, 13 },
    { 0, 6, 6, 11, 2, 0, 35555, 1, 6, 13 },
    { 0, 6, 6, 11, 2, 0, 35568, 1, 6, 13 },
    { 0, 6, 6, 11, 2, 0, 35581, 1, 6, 13 },
    { 0, 6, 6, 11, 2, 0, 35594, 1, 6, 13 },
    { 0, 6, 6, 11, 2, 0, 35607, 1, 6, 13 },
    { 0, 6, 6, 11, 2, 0, 35620, 1, 6, 13 },
    { 0, 6, 6, 11, 2, 0, 35633, 1, 6, 13 },
    { 0, 6, 6, 11, 2, 0, 35646, 1, 6, 13 },
    { 0, 6, 6, 11, 2, 0, 35659, 1, 6, 13 },
    { 0, 6, 6, 11, 2, 0, 35672, 1, 6, 13 },
    { 0, 6, 6, 11, 2, 0, 35685, 1, 6, 13 },
    { 0, 6, 6, 11, 2, 0, 35698, 1, 6, 13 },
    { 0, 6, 6, 11, 2, 0, 35711, 1, 6, 13 },
    { 0, 6, 6, 11, 2, 0, 35724, 1, 6, 13 },
    { 0, 6, 6, 11, 2, 0, 35737, 1, 6, 13 },
    { 0, 6, 6, 11, 2, 0, 35750, 1, 6, 13 },
    { 0, 6, 6, 11, 2, 0, 35763, 1, 6, 13 },
    { 0, 6, 6, 11, 2, 0, 35776, 1, 6, 13 },
    { 0, 6, 6, 11, 2, 0, 35789, 1, 6, 13 },
    { 0, 6, 6, 11, 2, 0, 35802, 1, 6, 13 },
    { 0, 6, 6, 11, 2, 0, 35815, 1, 6, 13 },
    { 0, 6, 6, 11, 2, 0, 35828, 1, 6, 13 },
    { 0, 6, 6, 11, 2, 0, 35841, 1, 6, 13 },
    { 0, 6, 6, 11, 2, 0, 35854, 1, 6, 13 },
    { 0, 6, 6, 11, 2, 0, 35867, 1, 6, 13 },
    { 0, 6, 6, 11, 2, 0, 35880, 1, 6, 13 },
    { 0, 6, 6, 11, 2, 0, 35893, 1, 6, 13 },
    { 0, 6, 6, 11, 2, 0, 35906, 1, 6, 13 },
    { 0, 6, 6, 11, 2, 0, 35919, 1, 6, 13 },
    { 0, 6, 6, 11, 2, 0, 35932, 1, 6, 13 },
    { 0, 6, 6, 11, 2, 0, 35945, 1, 6, 13 },
    { 0, 6, 6, 11, 2, 0, 35958, 1, 6, 13 },
    { 0, 6, 6, 11, 2, 0, 35971, 1, 6, 13 },
    { 0, 6, 6, 11, 2, 0, 35984, 1, 6, 13 },
    { 0, 6, 6, 11, 2, 0, 35997, 1, 6, 13 },
    { 0, 6, 6, 11, 2, 0, 36010, 1, 6, 13 },
    { 0, 6, 6, 11, 2, 0, 36023, 1, 6, 13 },
    { 0, 6, 6, 11, 2, 0, 36036, 1, 6, 13 },
    { 0, 6, 6, 11, 2, 0, 36049, 1, 6, 13 },
    { 0, 6, 6, 11, 2, 0, 36062, 1, 6, 13 },
    { 0, 6, 6, 11, 2, 0, 36075, 1, 6, 13 },
    { 0, 6, 6, 11, 2, 0, 36088, 1, 6, 13 },
    { 0, 6, 6, 11, 2, 0, 36101, 1, 6, 13 },
    { 0, 6, 6, 11, 2, 0, 36114, 1, 6, 13 },
    { 0, 6, 6, 11, 2, 0, 36127, 1, 6, 13 },
    { 0, 6, 6, 11, 2, 0, 36140, 1, 6, 13 },
    { 0, 6, 6, 11, 2, 0, 36153, 1, 6, 13 },
    { 0, 6, 6, 11, 2, 0, 36166, 1, 6, 13 },
    { 0, 6, 6, 11, 2, 0, 36179, 1, 6, 13 },
    { 0, 6, 6, 11, 2, 0, 36192, 1, 6, 13 },
    { 0, 6, 6, 11, 2, 0, 36205, 1, 6, 13 },
    { 0, 6, 6, 11, 2, 0, 36218, 1, 6, 13 },
    { 0, 6, 6, 11, 2, 0, 36231, 1, 6, 13 },
    { 0, 6, 6, 11, 2, 0, 36244, 1, 6, 13 },
    { 0, 6, 6, 11, 2, 0, 36257, 1, 6, 13 },
    { 0, 6, 6, 11, 2, 0, 36270, 1, 6, 13 },
    { 0, 6, 6, 11, 2, 0, 36283, 1, 6, 13 },
    { 0, 6, 6, 11, 2, 0, 36296, 1, 6, 13 },
    { 0, 6, 6, 11, 2, 0, 36309, 1, 6, 13 },
    { 0, 6, 6, 11, 2, 0, 36322, 1, 6, 13 },
    { 0, 6, 6, 11, 2, 0, 36335, 1, 6, 13 },
    { 0, 6, 6, 11, 2, 0, 36348, 1, 6, 13 },
    { 0, 6, 6, 11, 2, 0, 36361, 1, 6, 13 },
    { 0, 6, 6, 11, 2, 0, 36374, 1, 6, 13 },
    { 0, 6, 6, 11, 2, 0, 36387, 1, 6, 13 },
    { 0, 6, 6, 11, 2, 0, 36400, 1, 6, 13 },
    { 0, 6, 6, 11, 2, 0, 36413, 1, 6, 13 },
    { 0, 6, 6, 11, 2, 0, 36426, 1, 6, 13 },
    { 0, 6, 6, 11, 2, 0, 36439, 1, 6, 13 },
    { 0, 6, 6, 11, 2, 0, 36452, 1, 6, 13 },
    { 0, 6, 6, 11, 2, 0, 36465, 1, 6, 13 },
    { 0, 6, 6, 11, 2, 0, 36478, 1, 6, 13 },
    { 0, 6, 6, 11, 2, 0, 36491, 1, 6, 13 },
    { 0, 6, 6, 11, 2, 0, 36504, 1, 6, 13 },
    { 0, 6, 6, 11, 2, 0, 36517, 1, 6, 13 },
    { 0, 6, 6, 11, 2, 0, 36530, 1, 6, 13 },
    { 0, 6, 6, 11, 2, 0, 36543, 1, 6, 13 },
    { 0, 6, 6, 11, 2, 0, 36556, 1, 6, 13 },
    { 0, 6, 6, 11, 2, 0, 36569, 1, 6, 13 },
    { 0, 6, 6, 11, 2, 0, 36582, 1, 6, 13 },
    { 0, 6, 6, 11, 2, 0, 36595, 1, 6, 13 },
    { 0, 6, 6, 11, 2, 0, 36608, 1, 6, 13 },
    { 0, 6, 6, 11, 2, 0, 36621, 1, 6, 13 },
    { 0, 6, 6, 11, 2, 0, 36634, 1, 6, 13 },
    { 0, 6, 6, 11, 2, 0, 36647, 1, 6, 13 },
    { 0, 6, 6, 11, 2, 0, 36660, 1, 6, 13 },
    { 0, 6, 6, 11, 2, 0, 36673, 1, 6, 13 },
    { 0, 6, 6, 11, 2, 0, 36686, 1, 6, 13 },
    { 0, 6, 6, 11, 2, 0, 36699, 1, 6, 13 },
    { 0, 6, 6, 11, 2, 0, 36712, 1, 6, 13 },
    { 0, 6, 6, 11, 2, 0, 36725, 1, 6, 13 },
    { 0, 6, 6, 11, 2, 0, 36738, 1, 6, 13 },
    { 0, 6, 6, 11, 2, 0, 36751, 1, 6, 13 },
    { 0, 6, 6, 11, 2, 0, 36764, 1, 6, 13 },
    { 0, 6, 6, 11, 2, 0, 36777, 1, 6, 13 },
    { 0, 6, 6, 11, 2, 0, 36790, 1, 6, 13 },
    { 0, 6, 6, 11, 2, 0, 36803, 1, 6, 13 },
    { 0, 6, 6, 11, 2, 0, 36816, 1, 6, 13 },
    { 0, 6, 6, 11, 2, 0, 36829, 1, 6, 13 },
    { 0, 6, 6, 11, 2, 0, 36842, 1, 6, 13 },
    { 0, 6, 6, 11, 2, 0, 36855, 1, 6, 13 },
    { 0, 6, 6, 11, 2, 0, 36868, 1, 6, 13 },
    { 0, 6, 6, 11, 2, 0, 36881, 1, 6, 13 },
    { 0, 6, 6, 11, 2, 0, 36894, 1, 6, 13 },
    { 0, 6, 6, 11, 2, 0, 36907, 1, 6, 13 },
    { 0, 6, 6, 11, 2, 0, 36920, 1, 6, 13 },
    { 0, 6, 6, 11, 2, 0, 36933, 1, 6, 13 },
    { 0, 6, 6, 11, 2, 0, 36946, 1, 6, 13 },
    { 0, 6, 6, 11, 2, 0, 36959, 1, 6, 13 },
    { 0, 6, 6, 11, 2, 0, 36972, 1, 6, 13 },
    { 0, 6, 6, 11, 2, 0, 36985, 1, 6, 13 },
    { 0, 6, 6, 11, 2, 0, 36998, 1, 6, 13 },
    { 0, 6, 6, 11, 2, 0, 37011, 1, 6, 13 },
    { 0, 6, 6, 11, 2, 0, 37024, 1, 6, 13 },
    { 0, 6, 6, 11, 2, 0, 37037, 1, 6, 13 },
    { 0, 6, 6, 11, 2, 0, 37050, 1, 6, 13 },
    { 0, 6, 6, 11, 2, 0, 37063, 1, 6, 13 },
    { 0, 6, 6, 11, 2, 0, 37076, 1, 6, 13 },
    { 0, 6, 6, 11, 2, 0, 37089, 1, 6, 13 },
    { 0, 6, 6, 11, 2, 0, 37102, 1, 6, 13 },
    { 0, 6, 6, 11, 2, 0, 37115, 1, 6, 13 },
    { 0, 6, 6, 11, 2, 0, 37128, 1, 6, 13 },
    { 0, 6, 6, 11, 2, 0, 37141, 1, 6, 13 },
    { 0, 6, 6, 11, 2, 0, 37154, 1, 6, 13 },
    { 0, 6, 6, 11, 2, 0, 37167, 1, 6, 13 },
    { 0, 6, 6, 11, 2, 0, 37180, 1, 6, 13 },
    { 0, 6, 6, 11, 2, 0, 37193, 1, 6, 13 },
    { 0, 6, 6, 11, 2, 0, 37206, 1, 6, 13 },
    { 0, 6, 6, 11, 2, 0, 37219, 1, 6, 13 },
    { 0, 6, 6, 11, 2, 0, 37232, 1, 6, 13 },
    { 0, 6, 6, 11, 2, 0, 37245, 1, 6, 13 },
    { 0, 6, 6, 11, 2, 0, 37258, 1, 6, 13 },
    { 0, 6, 6, 11, 2, 0, 37271, 1, 6, 13 },
    { 0, 6, 6, 11, 2, 0, 37284, 1, 6, 13 },
    { 0, 6, 6, 11, 2, 0, 37297, 1, 6, 13 },
    { 0, 6, 6, 11, 2, 0, 37310, 1, 6, 13 },
    { 0, 6, 6, 11, 2, 0, 37323, 1, 6, 13 },
    { 0, 6, 6, 11, 2, 0, 37336, 1, 6, 13 },
    { 0, 6, 6, 11, 2, 0, 37349, 1, 6, 13 },
    { 0, 6, 6, 11, 2, 0, 37362, 1, 6, 13 },
    { 0, 6, 6, 11, 2, 0, 37375, 1, 6, 13 },
    { 0, 6, 6, 11, 2, 0, 37388, 1, 6, 13 },
    { 0, 6, 6, 11, 2, 0, 37401, 1, 6, 13 },
    { 0, 6, 6, 11, 2, 0, 37414, 1, 6, 13 },
    { 0, 6, 6, 11, 2, 0, 37427, 1, 6, 13 },
    { 0, 6, 6, 11, 2, 0, 37440, 1, 6, 13 },
    { 0, 6, 6, 11, 2, 0, 37453, 1, 6, 13 },
    { 0, 6, 6, 11, 2, 0, 37466, 1, 6, 13 },
    { 0, 6, 6, 11, 2, 0, 37479, 1, 6, 13 },
    { 0, 6, 6, 11, 2, 0, 37492, 1, 6, 13 },
    { 0, 6, 6, 11, 2, 0, 37505, 1, 6, 13 },
    { 0, 6, 6, 11, 2, 0, 37518, 1, 6, 13 },
    { 0, 6, 6, 11, 2, 0, 37531, 1, 6, 13 },
    { 0, 6, 6, 11, 2, 0, 37544, 1, 6, 13 },
    { 0, 6, 6, 11, 2, 0, 37557, 1, 6, 13 },
    { 0, 6, 6, 11, 2, 0, 37570, 1, 6, 13 },
    { 0, 6, 6, 11, 2, 0, 37583, 1, 6, 13 },
    { 0, 6, 6, 11, 2, 0, 37596, 1, 6, 13 },
    { 0, 6, 6, 11, 2, 0, 37609, 1, 6, 13 },
    { 0, 6, 6, 11, 2, 0, 37622, 1, 6, 13 },
    { 0, 6, 6, 11, 2, 0, 37635, 1, 6, 13 },
    { 0, 6, 6, 11, 2, 0, 37648, 1, 6, 13 },
    { 0, 6, 6, 11, 2, 0, 37661, 1, 6, 13 },
    { 0, 6, 6, 11, 2, 0, 37674, 1, 6, 13 },
    { 0, 6, 6, 11, 2, 0, 37687, 1, 6, 13 },
    { 0, 6, 6, 11, 2, 0, 37700, 1, 6, 13 },
    { 0, 6, 6, 11, 2, 0, 37713, 1, 6, 13 },
    { 0, 6, 6, 11, 2, 0, 37726, 1, 6, 13 },
    { 0, 6, 6, 11, 2, 0, 37739, 1, 6, 13 },
    { 0, 6, 6, 11, 2, 0, 37752, 1, 6, 13 },
    { 0, 6, 6, 11, 2, 0, 37765, 1, 6, 13 },
    { 0, 6, 6, 11, 2, 0, 37778, 1, 6, 13 },
    { 0, 6, 6, 11, 2, 0, 37791, 1, 6, 13 },
    { 0, 6, 6, 11, 2, 0, 37804, 1, 6, 13 },
    { 0, 6, 6, 11, 2, 0, 37817, 1, 6, 13 },
    { 0, 6, 6, 11, 2, 0, 37830, 1, 6, 13 },
    { 0, 6, 6, 11, 2, 0, 37843, 1, 6, 13 },
    { 0, 6, 6, 11, 2, 0, 37856, 1, 6, 13 },
    { 0, 6, 6, 11, 2, 0, 37869, 1, 6, 13 },
    { 0, 6, 6, 11, 2, 0, 37882, 1, 6, 13 },
    { 0, 6, 6, 11, 2, 0, 37895, 1, 6, 13 },
    { 0, 6, 6, 11, 2, 0, 37908, 1, 6, 13 },
    { 0, 6, 6, 11, 2, 0, 37921, 1, 6, 13 },
    { 0, 6, 6, 11, 2, 0, 37934, 1, 6, 13 },
    { 0, 6, 6, 11, 2, 0, 37947, 1, 6, 13 },
    { 0, 6, 6, 11, 2, 0, 37960, 1, 6, 13 },
    { 0, 6, 6, 11, 2, 0, 37973, 1, 6, 13 },
    { 0, 6, 6, 11, 2, 0, 37986, 1, 6, 13 },
    { 0, 6, 6, 11, 2, 0, 37999, 1, 6, 13 },
    { 0, 6, 6, 11, 2, 0, 38012, 1, 6, 13 },
    { 0, 6, 6, 11, 2, 0, 38025, 1, 6, 13 },
    { 0, 6, 6, 11, 2, 0, 38038, 1, 6, 13 },
    { 0, 6, 6, 11, 2, 0, 38051, 1, 6, 13 },
    { 0, 6, 6, 11, 2, 0, 38064, 1, 6, 13 },
    { 0, 6, 6, 11, 2, 0, 38077, 1, 6, 13 },
    { 0, 6, 6, 11, 2, 0, 38090, 1, 6, 13 },
    { 0, 6, 6, 11, 2, 0, 38103, 1, 6, 13 },
    { 0, 6, 6, 11, 2, 0, 38116, 1, 6, 13 },
    { 0, 6, 6, 11, 2, 0, 38129, 1, 6, 13 },
    { 0, 6, 6, 11, 2, 0, 38142, 1, 6, 13 },
    { 0, 6, 6, 11, 2, 0, 38155, 1, 6, 13 },
    { 0, 6, 6, 11, 2, 0, 38168, 1, 6, 13 },
    { 0, 6, 6, 11, 2, 0, 38181, 1, 6, 13 },
    { 0, 6, 6, 11, 2, 0, 38194, 1, 6, 13 },
    { 0, 6, 6, 11, 2, 0, 38207, 1, 6, 13 },
    { 0, 6, 6, 11, 2, 0, 38220, 1, 6, 13 },
    { 0, 6, 6, 11, 2, 0, 38233, 1, 6, 13 },
    { 0, 6, 6, 11, 2, 0, 38246, 1, 6, 13 },
    { 0, 6, 6, 11, 2, 0, 38259, 1, 6, 13 },
    { 0, 6, 6, 11, 2, 0, 38272, 1, 6, 13 },
    { 0, 6, 6, 11, 2, 0, 38285, 1, 6, 13 },
    { 0, 6, 6, 11, 2, 0, 38298, 1, 6, 13 },
    { 0, 6, 6, 11, 2, 0, 38311, 1, 6, 13 },
    { 0, 6, 6, 11, 2, 0, 38324, 1, 6, 13 },
    { 0, 6, 6, 11, 2, 0, 38337, 1, 6, 13 },
    { 0, 6, 6, 11, 2, 0, 38350, 1, 6, 13 },
    { 0, 6, 6, 11, 2, 0, 38363, 1, 6, 13 },
    { 0, 6, 6, 11, 2, 0, 38376, 1, 6, 13 },
    { 0, 6, 6, 11, 2, 0, 38389, 1, 6, 13 },
    { 0, 6, 6, 11, 2, 0, 38402, 1, 6, 13 },
    { 0, 6, 6, 11, 2, 0, 38415, 1, 6, 13 },
    { 0, 6, 6, 11, 2, 0, 38428, 1, 6, 13 },
    { 0, 6, 6, 11, 2, 0, 38441, 1, 6, 13 },
    { 0, 6, 6, 11, 2, 0, 38454, 1, 6, 13 },
    { 0, 6, 6, 11, 2, 0, 38467, 1, 6, 13 },
    { 0, 6, 6, 11, 2, 0, 38480, 1, 6, 13 },
    { 0, 6, 6, 11, 2, 0, 38493, 1, 6, 13 },
    { 0, 6, 6, 11, 2, 0, 38506, 1, 6, 13 },
    { 0, 6, 6, 11, 2, 0, 38519, 1, 6, 13 },
    { 0, 6, 6, 11, 2, 0, 38532, 1, 6, 13 },
    { 0, 6, 6, 11, 2, 0, 38545, 1, 6, 13 },
    { 0, 6, 6, 11, 2, 0, 38558, 1, 6, 13 },
    { 0, 6, 6, 11, 2, 0, 38571, 1, 6, 13 },
    { 0, 6, 6, 11, 2, 0, 38584, 1, 6, 13 },
    { 0, 6, 6, 11, 2, 0, 38597, 1, 6, 13 },
    { 0, 6, 6, 11, 2, 0, 38610, 1, 6, 13 },
    { 0, 6, 6, 11, 2, 0, 38623, 1, 6, 13 },
    { 0, 6, 6, 11, 2, 0, 38636, 1, 6, 13 },
    { 0, 6, 6, 11, 2, 0, 38649, 1, 6, 13 },
    { 0, 6, 6, 11, 2, 0, 38662, 1, 6, 13 },
    { 0, 6, 6, 11, 2, 0, 38675, 1, 6, 13 },
    { 0, 6, 6, 11, 2, 0, 38688, 1, 6, 13 },
    { 0, 6, 6, 11, 2, 0, 38701, 1, 6, 13 },
    { 0, 6, 6, 11, 2, 0, 38714, 1, 6, 13 },
    { 0, 6, 6, 11, 2, 0, 38727, 1, 6, 13 },
    { 0, 6, 6, 11, 2, 0, 38740, 1, 6, 13 },
    { 0, 6, 6, 11, 2, 0, 38753, 1, 6, 13 },
    { 0, 6, 6, 11, 2, 0, 38766, 1, 6, 13 },
    { 0, 6, 6, 11, 2, 0, 38779, 1, 6, 13 },
    { 0, 6, 6, 11, 2, 0, 38792, 1, 6, 13 },
    { 0, 6, 6, 11, 2, 0, 38805, 1, 6, 13 },
    { 0, 6, 6, 11, 2, 0, 38818, 1, 6, 13 },
    { 0, 6, 6, 11, 2, 0, 38831, 1, 6, 13 },
    { 0, 6, 6, 11, 2, 0, 38844, 1, 6, 13 },
    { 0, 6, 6, 11, 2, 0, 38857, 1, 6, 13 },
    { 0, 6, 6, 11, 2, 0, 38870, 1, 6, 13 },
    { 0, 6, 6, 11, 2, 0, 38883, 1, 6, 13 },
    { 0, 6, 6, 11, 2, 0, 38896, 1, 6, 13 },
    { 0, 6, 6, 11, 2, 0, 38909, 1, 6, 13 },
    { 0, 6, 6, 11, 2, 0, 38922, 1, 6, 13 },
    { 0, 6, 6, 11, 2, 0, 38935, 1, 6, 13 },
    { 0, 6, 6, 11, 2, 0, 38948, 1, 6, 13 },
    { 0, 6, 6, 11, 2, 0, 38961, 1, 6, 13 },
    { 0, 6, 6, 11, 2, 0, 38974, 1, 6, 13 },
    { 0, 6, 6, 11, 2, 0, 38987, 1, 6, 13 },
    { 0, 6, 6, 11, 2, 0, 39000, 1, 6, 13 },
    { 0, 6, 6, 11, 2, 0, 39013, 1, 6, 13 },
    { 0, 6, 6, 11, 2, 0, 39026, 1, 6, 13 },
    { 0, 6, 6, 11, 2, 0, 39039, 1, 6, 13 },
    { 0, 6, 6, 11, 2, 0, 39052, 1, 6, 13 },
    { 0, 6, 6, 11, 2, 0, 39065, 1, 6, 13 },
    { 0, 6, 6, 11, 2, 0, 39078, 1, 6, 13 },
    { 0, 6, 6, 11, 2, 0, 39091, 1, 6, 13 },
    { 0, 6, 6, 11, 2, 0, 39104, 1, 6, 13 },
    { 0, 6, 6, 11, 2, 0, 39117, 1, 6, 13 },
    { 0, 6, 6, 11, 2, 0, 39130, 1, 6, 13 },
    { 0, 6, 6, 11, 2, 0, 39143, 1, 6, 13 },
    { 0, 6, 6, 11, 2, 0, 39156, 1, 6, 13 },
    { 0, 6, 6, 11, 2, 0, 39169, 1, 6, 13 },
    { 0, 6, 6, 11, 2, 0, 39182, 1, 6, 13 },
    { 0, 6, 6, 11, 2, 0, 39195, 1, 6, 13 },
    { 0, 6, 6, 11, 2, 0, 39208, 1, 6, 13 },
    { 0, 6, 6, 11, 2, 0, 39221, 1, 6, 13 },
    { 0, 6, 6, 11, 2, 0, 39234, 1, 6, 13 },
    { 0, 6, 6, 11, 2, 0, 39247, 1, 6, 13 },
    { 0, 6, 6, 11, 2, 0, 39260, 1, 6, 13 },
    { 0, 6, 6, 11, 2, 0, 39273, 1, 6, 13 },
    { 0, 6, 6, 11, 2, 0, 39286, 1, 6, 13 },
    { 0, 6, 6, 11, 2, 0, 39299, 1, 6, 13 },
    { 0, 6, 6, 11, 2, 0, 39312, 1, 6, 13 },
    { 0, 6, 6, 11, 2, 0, 39325, 1, 6, 13 },
    { 0, 6, 6, 11, 2, 0, 39338, 1, 6, 13 },
    { 0, 6, 6, 11, 2, 0, 39351, 1, 6, 13 },
    { 0, 6, 6, 11, 2, 0, 39364, 1, 6, 13 },
    { 0, 6, 6, 11, 2, 0, 39377, 1, 6, 13 },
    { 0, 6, 6, 11, 2, 0, 39390, 1, 6, 13 },
    { 0, 6, 6, 11, 2, 0, 39403, 1, 6, 13 },
    { 0, 6, 6, 11, 2, 0, 39416, 1, 6, 13 },
    { 0, 6, 6, 11, 2, 0, 39429, 1, 6, 13 },
    { 0, 6, 6, 11, 2, 0, 39442, 1, 6, 13 },
    { 0, 6, 6, 11, 2, 0, 39455, 1, 6, 13 },
    { 0, 6, 6, 11, 2, 0, 39468, 1, 6, 13 },
    { 0, 6, 6, 11, 2, 0, 39481, 1, 6, 13 },
    { 0, 6, 6, 11, 2, 0, 39494, 1, 6, 13 },
    { 0, 6, 6, 11, 2, 0, 39507, 1, 6, 13 },
    { 0, 6, 6, 11, 2, 0, 39520, 1, 6, 13 },
    { 0, 6, 6, 11, 2, 0, 39533, 1, 6, 13 },
    { 0, 6, 6, 11, 2, 0, 39546, 1, 6, 13 },
    { 0, 6, 6, 11, 2, 0, 39559, 1, 6, 13 },
    { 0, 6, 6, 11, 2, 0, 39572, 1, 6, 13 },
    { 0, 6, 6, 11, 2, 0, 39585, 1, 6, 13 },
    { 0, 6, 6, 11, 2, 0, 39598, 1, 6, 13 },
    { 0, 6, 6, 11, 2, 0, 39611, 1, 6, 13 },
    { 0, 6, 6, 11, 2, 0, 39624, 1, 6, 13 },
    { 0, 6, 6, 11, 2, 0, 39637, 1, 6, 13 },
    { 0, 6, 6, 11, 2, 0, 39650, 1, 6, 13 },
    { 0, 6, 6, 11, 2, 0, 39663, 1, 6, 13 },
    { 0, 6, 6, 11, 2, 0, 39676, 1, 6, 13 },
    { 0, 6, 6, 11, 2, 0, 39689, 1, 6, 13 },
    { 0, 6, 6, 11, 2, 0, 39702, 1, 6, 13 },
    { 0, 6, 6, 11, 2, 0, 39715, 1, 6, 13 },
    { 0, 6, 6, 11, 2, 0, 39728, 1, 6, 13 },
    { 0, 6, 6, 11, 2, 0, 39741, 1, 6, 13 },
    { 0, 6, 6, 11, 2, 0, 39754, 1, 6, 13 },
    { 0, 6, 6, 11, 2, 0, 39767, 1, 6, 13 },
    { 0, 6, 6, 11, 2, 0, 39780, 1, 6, 13 },
    { 0, 6, 6, 11, 2, 0, 39793, 1, 6, 13 },
    { 0, 6, 6, 11, 2, 0, 39806, 1, 6, 13 },
    { 0, 6, 6, 11, 2, 0, 39819, 1, 6, 13 },
    { 0, 6, 6, 11, 2, 0, 39832, 1, 6, 13 },
    { 0, 6, 6, 11, 2, 0, 39845, 1, 6, 13 },
    { 0, 6, 6, 11, 2, 0, 39858, 1, 6, 13 },
    { 0, 6, 6, 11, 2, 0, 39871, 1, 6, 13 },
    { 0, 6, 6, 11, 2, 0, 39884, 1, 6, 13 },
    { 0, 6, 6, 11, 2, 0, 39897, 1, 6, 13 },
    { 0, 6, 6, 11, 2, 0, 39910, 1, 6, 13 },
    { 0, 6, 6, 11, 2, 0, 39923, 1, 6, 13 },
    { 0, 6, 6, 11, 2, 0, 39936, 1, 6, 13 },
    { 0, 6, 6, 11, 2, 0, 39949, 1, 6, 13 },
    { 0, 6, 6, 11, 2, 0, 39962, 1, 6, 13 },
    { 0, 6, 6, 11, 2, 0, 39975, 1, 6, 13 },
    { 0, 6, 6, 11, 2, 0, 39988, 1, 6, 13 },
    { 0, 6, 6, 11, 2, 0, 40001, 1, 6, 13 },
    { 0, 6, 6, 11, 2, 0, 40014, 1, 6, 13 },
    { 0, 6, 6, 11, 2, 0, 40027, 1, 6, 13 },
    { 0, 6, 6, 11, 2, 0, 40040, 1, 6, 13 },
    { 0, 6, 6, 11, 2, 0, 40053, 1, 6, 13 },
    { 0, 6, 6, 11, 2, 0, 40066, 1, 6, 13 },
    { 0, 6, 6, 11, 2, 0, 40079, 1, 6, 13 },
    { 0, 6, 6, 11, 2, 0, 40092, 1, 6, 13 },
    { 0, 6, 6, 11, 2, 0, 40105, 1, 6, 13 },
    { 0, 6, 6, 11, 2, 0, 40118, 1, 6, 13 },
    { 0, 6, 6, 11, 2, 0, 40131, 1, 6, 13 },
    { 0, 6, 6, 11, 2, 0, 40144, 1, 6, 13 },
    { 0, 6, 6, 11, 2, 0, 40157, 1, 6, 13 },
    { 0, 6, 6, 11, 2, 0, 40170, 1, 6, 13 },
    { 0, 6, 6, 11, 2, 0, 40183, 1, 6, 13 },
    { 0, 6, 6, 11, 2, 0, 40196, 1, 6, 13 },
    { 0, 6, 6, 11, 2, 0, 40209, 1, 6, 13 },
    { 0, 6, 6, 11, 2, 0, 40222, 1, 6, 13 },
    { 0, 6, 6, 11, 2, 0, 40235, 1, 6, 13 },
    { 0, 6, 6, 11, 2, 0, 40248, 1, 6, 13 },
    { 0, 6, 6, 11, 2, 0, 40261, 1, 6, 13 },
    { 0, 6, 6, 11, 2, 0, 40274, 1, 6, 13 },
    { 0, 6, 6, 11, 2, 0, 40287, 1, 6, 13 },
    { 0, 6, 6, 11, 2, 0, 40300, 1, 6, 13 },
    { 0, 6, 6, 11, 2, 0, 40313, 1, 6, 13 },
    { 0, 6, 6, 11, 2, 0, 40326, 1, 6, 13 },
    { 0, 6, 6, 11, 2, 0, 40339, 1, 6, 13 },
    { 0, 6, 6, 11, 2, 0, 40352, 1, 6, 13 },
    { 0, 6, 6, 11, 2, 0, 40365, 1, 6, 13 },
    { 0, 6, 6, 11, 2, 0, 40378, 1, 6, 13 },
    { 0, 6, 6, 11, 2, 0, 40391, 1, 6, 13 },
    { 0, 6, 6, 11, 2, 0, 40404, 1, 6, 13 },
    { 0, 6, 6, 11, 2, 0, 40417, 1, 6, 13 },
    { 0, 6, 6, 11, 2, 0, 40430, 1, 6, 13 },
    { 0, 6, 6, 11, 2, 0, 40443, 1, 6, 13 },
    { 0, 6, 6, 11, 2, 0, 40456, 1, 6, 13 },
    { 0, 6, 6, 11, 2, 0, 40469, 1, 6, 13 },
    { 0, 6, 6, 11, 2, 0, 40482, 1, 6, 13 },
    { 0, 6, 6, 11, 2, 0, 40495, 1, 6, 13 },
    { 0, 6, 6, 11, 2, 0, 40508, 1, 6, 13 },
    { 0, 6, 6, 11, 2, 0, 40521, 1, 6, 13 },
    { 0, 6, 6, 11, 2, 0, 40534, 1, 6, 13 },
    { 0, 6, 6, 11, 2, 0, 40547, 1, 6, 13 },
    { 0, 6, 6, 11, 2, 0, 40560, 1, 6, 13 },
    { 0, 6, 6, 11, 2, 0, 40573, 1, 6, 13 },
    { 0, 6, 6, 11, 2, 0, 40586, 1, 6, 13 },
    { 0, 6, 6, 11, 2, 0, 40599, 1, 6, 13 },
    { 0, 6, 6, 11, 2, 0, 40612, 1, 6, 13 },
    { 0, 6, 6, 11, 2, 0, 40625, 1, 6, 13 },
    { 0, 6, 6, 11, 2, 0, 40638, 1, 6, 13 },
    { 0, 6, 6, 11, 2, 0, 40651, 1, 6, 13 },
    { 0, 6, 6, 11, 2, 0, 40664, 1, 6, 13 },
    { 0, 6, 6, 11, 2, 0, 40677, 1, 6, 13 },
    { 0, 6, 6, 11, 2, 0, 40690, 1, 6, 13 },
    { 0, 6, 6, 11, 2, 0, 40703, 1, 6, 13 },
    { 0, 6, 6, 11, 2, 0, 40716, 1, 6, 13 },
    { 0, 6, 6, 11, 2, 0, 40729, 1, 6, 13 },
    { 0, 6, 6, 11, 2, 0, 40742, 1, 6, 13 },
    { 0, 6, 6, 11, 2, 0, 40755, 1, 6, 13 },
    { 0, 6, 6, 11, 2, 0, 40768, 1, 6, 13 },
    { 0, 6, 6, 11, 2, 0, 40781, 1, 6, 13 },
    { 0, 6, 6, 11, 2, 0, 40794, 1, 6, 13 },
    { 0, 6, 6, 11, 2, 0, 40807, 1, 6, 13 },
    { 0, 6, 6, 11, 2, 0, 40820, 1, 6, 13 },
    { 0, 6, 6, 11, 2, 0, 40833, 1, 6, 13 },
    { 0, 6, 6, 11, 2, 0, 40846, 1, 6, 13 },
    { 0, 6, 6, 11, 2, 0, 40859, 1, 6, 13 },
    { 0, 6, 6, 11, 2, 0, 40872, 1, 6, 13 },
    { 0, 6, 6, 11, 2, 0, 40885, 1, 6, 13 },
    { 0, 6, 6, 11, 2, 0, 40898, 1, 6, 13 },
    { 0, 6, 6, 11, 2, 0, 40911, 1, 6, 13 },
    { 0, 6, 6, 11, 2, 0, 40924, 1, 6, 13 },
    { 0, 6, 6, 11, 2, 0, 40937, 1, 6, 13 },
    { 0, 6, 6, 11, 2, 0, 40950, 1, 6, 13 },
    { 0, 6, 6, 11, 2, 0, 40963, 1, 6, 13 },
    { 0, 6, 6, 11, 2, 0, 40976, 1, 6, 13 },
    { 0, 6, 6, 11, 2, 0, 40989, 1, 6, 13 },
    { 0, 6, 6, 11, 2, 0, 41002, 1, 6, 13 },
    { 0, 6, 6, 11, 2, 0, 41015, 1, 6, 13 },
    { 0, 6, 6, 11, 2, 0, 41028, 1, 6, 13 },
    { 0, 6, 6, 11, 2, 0, 41041, 1, 6, 13 },
    { 0, 6, 6, 11, 2, 0, 41054, 1, 6, 13 },
    { 0, 6, 6, 11, 2, 0, 41067, 1, 6, 13 },
    { 0, 6, 6, 11, 2, 0, 41080, 1, 6, 13 },
    { 0, 6, 6, 11, 2, 0, 41093, 1, 6, 13 },
    { 0, 6, 6, 11, 2, 0, 41106, 1, 6, 13 },
    { 0, 6, 6, 11, 2, 0, 41119, 1, 6, 13 },
    { 0, 6, 6, 11, 2, 0, 41132, 1, 6, 13 },
    { 0, 6, 6, 11, 2, 0, 41145, 1, 6, 13 },
    { 0, 6, 6, 11, 2, 0, 41158, 1, 6, 13 },
    { 0, 6, 6, 11, 2, 0, 41171, 1, 6, 13 },
    { 0, 6, 6, 11, 2, 0, 41184, 1, 6, 13 },
    { 0, 6, 6, 11, 2, 0, 41197, 1, 6, 13 },
    { 0, 6, 6, 11, 2, 0, 41210, 1, 6, 13 },
    { 0, 6, 6, 11, 2, 0, 41223, 1, 6, 13 },
    { 0, 6, 6, 11, 2, 0, 41236, 1, 6, 13 },
    { 0, 6, 6, 11, 2, 0, 41249, 1, 6, 13 },
    { 0, 6, 6, 11, 2, 0, 41262, 1, 6, 13 },
    { 0, 6, 6, 11, 2, 0, 41275, 1, 6, 13 },
    { 0, 6, 6, 11, 2, 0, 41288, 1, 6, 13 },
    { 0, 6, 6, 11, 2, 0, 41301, 1, 6, 13 },
    { 0, 6, 6, 11, 2, 0, 41314, 1, 6, 13 },
    { 0, 6, 6, 11, 2, 0, 41327, 1, 6, 13 },
    { 0, 6, 6, 11, 2, 0, 41340, 1, 6, 13 },
    { 0, 6, 6, 11, 2, 0, 41353, 1, 6, 13 },
    { 0, 6, 6, 11, 2, 0, 41366, 1, 6, 13 },
    { 0, 6, 6, 11, 2, 0, 41379, 1, 6, 13 },
    { 0, 6, 6, 11, 2, 0, 41392, 1, 6, 13 },
    { 0, 6, 6, 11, 2, 0, 41405, 1, 6, 13 },
    { 0, 6, 6, 11, 2, 0, 41418, 1, 6, 13 },
    { 0, 6, 6, 11, 2, 0, 41431, 1, 6, 13 },
    { 0, 6, 6, 11, 2, 0, 41444, 1, 6, 13 },
    { 0, 6, 6, 11, 2, 0, 41457, 1, 6, 13 },
    { 0, 6, 6, 11, 2, 0, 41470, 1, 6, 13 },
    { 0, 6, 6, 11, 2, 0, 41483, 1, 6, 13 },
    { 0, 6, 6, 11, 2, 0, 41496, 1, 6, 13 },
    { 0, 6, 6, 11, 2, 0, 41509, 1, 6, 13 },
    { 0, 6, 6, 11, 2, 0, 41522, 1, 6, 13 },
    { 0, 6, 6, 11, 2, 0, 41535, 1, 6, 13 },
    { 0, 6, 6, 11, 2, 0, 41548, 1, 6, 13 },
    { 0, 6, 6, 11, 2, 0, 41561, 1, 6, 13 },
    { 0, 6, 6, 11, 2, 0, 41574, 1, 6, 13 },
    { 0, 6, 6, 11, 2, 0, 41587, 1, 6, 13 },
    { 0, 6, 6, 11, 2, 0, 41600, 1, 6, 13 },
    { 0, 6, 6, 11, 2, 0, 41613, 1, 6, 13 },
    { 0, 6, 6, 11, 2, 0, 41626, 1, 6, 13 },
    { 0, 6, 6, 11, 2, 0, 41639, 1, 6, 13 },
    { 0, 6, 6, 11, 2, 0, 41652, 1, 6, 13 },
    { 0, 6, 6, 11, 2, 0, 41665, 1, 6, 13 },
    { 0, 6, 6, 11, 2, 0, 41678, 1, 6, 13 },
    { 0, 6, 6, 11, 2, 0, 41691, 1, 6, 13 },
    { 0, 6, 6, 11, 2, 0, 41704, 1, 6, 13 },
    { 0, 6, 6, 11, 2, 0, 41717, 1, 6, 13 },
    { 0, 6, 6, 11, 2, 0, 41730, 1, 6, 13 },
    { 0, 6, 6, 11, 2, 0, 41743, 1, 6, 13 },
    { 0, 6, 6, 11, 2, 0, 41756, 1, 6, 13 },
    { 0, 6, 6, 11, 2, 0, 41769, 1, 6, 13 },
    { 0, 6, 6, 11, 2, 0, 41782, 1, 6, 13 },
    { 0, 6, 6, 11, 2, 0, 41795, 1, 6, 13 },
    { 0, 6, 6, 11, 2, 0, 41808, 1, 6, 13 },
    { 0, 6, 6, 11, 2, 0, 41821, 1, 6, 13 },
    { 0, 6, 6, 11, 2, 0, 41834, 1, 6, 13 },
    { 0, 6, 6, 11, 2, 0, 41847, 1, 6, 13 },
    { 0, 6, 6, 11, 2, 0, 41860, 1, 6, 13 },
    { 0, 6, 6, 11, 2, 0, 41873, 1, 6, 13 },
    { 0, 6, 6, 11, 2, 0, 41886, 1, 6, 13 },
    { 0, 6, 6, 11, 2, 0, 41899, 1, 6, 13 },
    { 0, 6, 6, 11, 2, 0, 41912, 1, 6, 13 },
    { 0, 6, 6, 11, 2, 0, 41925, 1, 6, 13 },
    { 0, 6, 6, 11, 2, 0, 41938, 1, 6, 13 },
    { 0, 6, 6, 11, 2, 0, 41951, 1, 6, 13 },
    { 0, 6, 6, 11, 2, 0, 41964, 1, 6, 13 },
    { 0, 6, 6, 11, 2, 0, 41977, 1, 6, 13 },
    { 0, 6, 6, 11, 2, 0, 41990, 1, 6, 13 },
    { 0, 6, 6, 11, 2, 0, 42003, 1, 6, 13 },
    { 0, 6, 6, 11, 2, 0, 42016, 1, 6, 13 },
    { 0, 6, 6, 11, 2, 0, 42029, 1, 6, 13 },
    { 0, 6, 6, 11, 2, 0, 42042, 1, 6, 13 },
    { 0, 6, 6, 11, 2, 0, 42055, 1, 6, 13 },
    { 0, 6, 6, 11, 2, 0, 42068, 1, 6, 13 },
    { 0, 6, 6, 11, 2, 0, 42081, 1, 6, 13 },
    { 0, 6, 6, 11, 2, 0, 42094, 1, 6, 13 },
    { 0, 6, 6, 11, 2, 0, 42107, 1, 6, 13 },
    { 0, 6, 6, 11, 2, 0, 42120, 1, 6, 13 },
    { 0, 6, 6, 11, 2, 0, 42133, 1, 6, 13 },
    { 0, 6, 6, 11, 2, 0, 42146, 1, 6, 13 },
    { 0, 6, 6, 11, 2, 0, 42159, 1, 6, 13 },
    { 0, 6, 6, 11, 2, 0, 42172, 1, 6, 13 },
    { 0, 6, 6, 11, 2, 0, 42185, 1, 6, 13 },
    { 0, 6, 6, 11, 2, 0, 42198, 1, 6, 13 },
    { 0, 6, 6, 11, 2, 0, 42211, 1, 6, 13 },
    { 0, 6, 6, 11, 2, 0, 42224, 1, 6, 13 },
    { 0, 6, 6, 11, 2, 0, 42237, 1, 6, 13 },
    { 0, 6, 6, 11, 2, 0, 42250, 1, 6, 13 },
    { 0, 6, 6, 11, 2, 0, 42263, 1, 6, 13 },
    { 0, 6, 6, 11, 2, 0, 42276, 1, 6, 13 },
    { 0, 6, 6, 11, 2, 0, 42289, 1, 6, 13 },
    { 0, 6, 6, 11, 2, 0, 42302, 1, 6, 13 },
    { 0, 6, 6, 11, 2, 0, 42315, 1, 6, 13 },
    { 0, 6, 6, 11, 2, 0, 42328, 1, 6, 13 },
    { 0, 6, 6, 11, 2, 0, 42341, 1, 6, 13 },
    { 0, 6, 6, 11, 2, 0, 42354, 1, 6, 13 },
    { 0, 6, 6, 11, 2, 0, 42367, 1, 6, 13 },
    { 0, 6, 6, 11, 2, 0, 42380, 1, 6, 13 },
    { 0, 6, 6, 11, 2, 0, 42393, 1, 6, 13 },
    { 0, 6, 6, 11, 2, 0, 42406, 1, 6, 13 },
    { 0, 6, 6, 11, 2, 0, 42419, 1, 6, 13 },
    { 0, 6, 6, 11, 2, 0, 42432, 1, 6, 13 },
    { 0, 6, 6, 11, 2, 0, 42445, 1, 6, 13 },
    { 0, 6, 6, 11, 2, 0, 42458, 1, 6, 13 },
    { 0, 6, 6, 11, 2, 0, 42471, 1, 6, 13 },
    { 0, 6, 6, 11, 2, 0, 42484, 1, 6, 13 },
    { 0, 6, 6, 11, 2, 0, 42497, 1, 6, 13 },
    { 0, 6, 6, 11, 2, 0, 42510, 1, 6, 13 },
    { 0, 6, 6, 11, 2, 0, 42523, 1, 6, 13 },
    { 0, 6, 6, 11, 2, 0, 42536, 1, 6, 13 },
    { 0, 6, 6, 11, 2, 0, 42549, 1, 6, 13 },
    { 0, 6, 6, 11, 2, 0, 42562, 1, 6, 13 },
    { 0, 6, 6, 11, 2, 0, 42575, 1, 6, 13 },
    { 0, 6, 6, 11, 2, 0, 42588, 1, 6, 13 },
    { 0, 6, 6, 11, 2, 0, 42601, 1, 6, 13 },
    { 0, 6, 6, 11, 2, 0, 42614, 1, 6, 13 },
    { 0, 6, 6, 11, 2, 0, 42627, 1, 6, 13 },
    { 0, 6, 6, 11, 2, 0, 42640, 1, 6, 13 },
    { 0, 6, 6, 11, 2, 0, 42653, 1, 6, 13 },
    { 0, 6, 6, 11, 2, 0, 42666, 1, 6, 13 },
    { 0, 6, 6, 11, 2, 0, 42679, 1, 6, 13 },
    { 0, 6, 6, 11, 2, 0, 42692, 1, 6, 13 },
    { 0, 6, 6, 11, 2, 0, 42705, 1, 6, 13 },
    { 0, 6, 6, 11, 2, 0, 42718, 1, 6, 13 },
    { 0, 6, 6, 11, 2, 0, 42731, 1, 6, 13 },
    { 0, 6, 6, 11, 2, 0, 42744, 1, 6, 13 },
    { 0, 6, 6, 11, 2, 0, 42757, 1, 6, 13 },
    { 0, 6, 6, 11, 2, 0, 42770, 1, 6, 13 },
    { 0, 6, 6, 11, 2, 0, 42783, 1, 6, 13 },
    { 0, 6, 6, 11, 2, 0, 42796, 1, 6, 13 },
    { 0, 6, 6, 11, 2, 0, 42809, 1, 6, 13 },
    { 0, 6, 6, 11, 2, 0, 42822, 1, 6, 13 },
    { 0, 6, 6, 11, 2, 0, 42835, 1, 6, 13 },
    { 0, 6, 6, 11, 2, 0, 42848, 1, 6, 13 },
    { 0, 6, 6, 11, 2, 0, 42861, 1, 6, 13 },
    { 0, 6, 6, 11, 2, 0, 42874, 1, 6, 13 },
    { 0, 6, 6, 11, 2, 0, 42887, 1, 6, 13 },
    { 0, 6, 6, 11, 2, 0, 42900, 1, 6, 13 },
    { 0, 6, 6, 11, 2, 0, 42913, 1, 6, 13 },
    { 0, 6, 6, 11, 2, 0, 42926, 1, 6, 13 },
    { 0, 6, 6, 11, 2, 0, 42939, 1, 6, 13 },
    { 0, 6, 6, 11, 2, 0, 42952, 1, 6, 13 },
    { 0, 6, 6, 11, 2, 0, 42965, 1, 6, 13 },
    { 0, 6, 6, 11, 2, 0, 42978, 1, 6, 13 },
    { 0, 6, 6, 11, 2, 0, 42991, 1, 6, 13 },
    { 0, 6, 6, 11, 2, 0, 43004, 1, 6, 13 },
    { 0, 6, 6, 11, 2, 0, 43017, 1, 6, 13 },
    { 0, 6, 6, 11, 2, 0, 43030, 1, 6, 13 },
    { 0, 6, 6, 11, 2, 0, 43043, 1, 6, 13 },
    { 0, 6, 6, 11, 2, 0, 43056, 1, 6, 13 },
    { 0, 6, 6, 11, 2, 0, 43069, 1, 6, 13 },
    { 0, 6, 6, 11, 2, 0, 43082, 1, 6, 13 },
    { 0, 6, 6, 11, 2, 0, 43095, 1, 6, 13 },
    { 0, 6, 6, 11, 2, 0, 43108, 1, 6, 13 },
    { 0, 6, 6, 11, 2, 0, 43121, 1, 6, 13 },
    { 0, 6, 6, 11, 2, 0, 43134, 1, 6, 13 },
    { 0, 6, 6, 11, 2, 0, 43147, 1, 6, 13 },
    { 0, 6, 6, 11, 2, 0, 43160, 1, 6, 13 },
    { 0, 6, 6, 11, 2, 0, 43173, 1, 6, 13 },
    { 0, 6, 6, 11, 2, 0, 43186, 1, 6, 13 },
    { 0, 6, 6, 11, 2, 0, 43199, 1, 6, 13 },
    { 0, 6, 6, 11, 2, 0, 43212, 1, 6, 13 },
    { 0, 6, 6, 11, 2, 0, 43225, 1, 6, 13 },
    { 0, 6, 6, 11, 2, 0, 43238, 1, 6, 13 },
    { 0, 6, 6, 11, 2, 0, 43251, 1, 6, 13 },
    { 0, 6, 6, 11, 2, 0, 43264, 1, 6, 13 },
    { 0, 6, 6, 11, 2, 0, 43277, 1, 6, 13 },
    { 0, 6, 6, 11, 2, 0, 43290, 1, 6, 13 },
    { 0, 6, 6, 11, 2, 0, 43303, 1, 6, 13 },
    { 0, 6, 6, 11, 2, 0, 43316, 1, 6, 13 },
    { 0, 6, 6, 11, 2, 0, 43329, 1, 6, 13 },
    { 0, 6, 6, 11, 2, 0, 43342, 1, 6, 13 },
    { 0, 6, 6, 11, 2, 0, 43355, 1, 6, 13 },
    { 0, 6, 6, 11, 2, 0, 43368, 1, 6, 13 },
    { 0, 6, 6, 11, 2, 0, 43381, 1, 6, 13 },
    { 0, 6, 6, 11, 2, 0, 43394, 1, 6, 13 },
    { 0, 6, 6, 11, 2, 0, 43407, 1, 6, 13 },
    { 0, 6, 6, 11, 2, 0, 43420, 1, 6, 13 },
    { 0, 6, 6, 11, 2, 0, 43433, 1, 6, 13 },
    { 0, 6, 6, 11, 2, 0, 43446, 1, 6, 13 },
    { 0, 6, 6, 11, 2, 0, 43459, 1, 6, 13 },
    { 0, 6, 6, 11, 2, 0, 43472, 1, 6, 13 },
    { 0, 6, 6, 11, 2, 0, 43485, 1, 6, 13 },
    { 0, 6, 6, 11, 2, 0, 43498, 1, 6, 13 },
    { 0, 6, 6, 11, 2, 0, 43511, 1, 6, 13 },
    { 0, 6, 6, 11, 2, 0, 43524, 1, 6, 13 },
    { 0, 6, 6, 11, 2, 0, 43537, 1, 6, 13 },
    { 0, 6, 6, 11, 2, 0, 43550, 1, 6, 13 },
    { 0, 6, 6, 11, 2, 0, 43563, 1, 6, 13 },
    { 0, 6, 6, 11, 2, 0, 43576, 1, 6, 13 },
    { 0, 6, 6, 11, 2, 0, 43589, 1, 6, 13 },
    { 0, 6, 6, 11, 2, 0, 43602, 1, 6, 13 },
    { 0, 6, 6, 11, 2, 0, 43615, 1, 6, 13 },
    { 0, 6, 6, 11, 2, 0, 43628, 1, 6, 13 },
    { 0, 6, 6, 11, 2, 0, 43641, 1, 6, 13 },
    { 0, 6, 6, 11, 2, 0, 43654, 1, 6, 13 },
    { 0, 6, 6, 11, 2, 0, 43667, 1, 6, 13 },
    { 0, 6, 6, 11, 2, 0, 43680, 1, 6, 13 },
    { 0, 6, 6, 11, 2, 0, 43693, 1, 6, 13 },
    { 0, 6, 6, 11, 2, 0, 43706, 1, 6, 13 },
    { 0, 6, 6, 11, 2, 0, 43719, 1, 6, 13 },
    { 0, 6, 6, 11, 2, 0, 43732, 1, 6, 13 },
    { 0, 6, 6, 11, 2, 0, 43745, 1, 6, 13 },
    { 0, 6, 6, 11, 2, 0, 43758, 1, 6, 13 },
    { 0, 6, 6, 11, 2, 0, 43771, 1, 6, 13 },
    { 0, 6, 6, 11, 2, 0, 43784, 1, 6, 13 },
    { 0, 6, 6, 11, 2, 0, 43797, 1, 6, 13 },
    { 0, 6, 6, 11, 2, 0, 43810, 1, 6, 13 },
    { 0, 6, 6, 11, 2, 0, 43823, 1, 6, 13 },
    { 0, 6, 6, 11, 2, 0, 43836, 1, 6, 13 },
    { 0, 6, 6, 11, 2, 0, 43849, 1, 6, 13 },
    { 0, 6, 6, 11, 2, 0, 43862, 1, 6, 13 },
    { 0, 6, 6, 11, 2, 0, 43875, 1, 6, 13 },
    { 0, 6, 6, 11, 2, 0, 43888, 1, 6, 13 },
    { 0, 6, 6, 11, 2, 0, 43901, 1, 6, 13 },
    { 0, 6, 6, 11, 2, 0, 43914, 1, 6, 13 },
    { 0, 6, 6, 11, 2, 0, 43927, 1, 6, 13 },
    { 0, 6, 6, 11, 2, 0, 43940, 1, 6, 13 },
    { 0, 6, 6, 11, 2, 0, 43953, 1, 6, 13 },
    { 0, 6, 6, 11, 2, 0, 43966, 1, 6, 13 },
    { 0, 6, 6, 11, 2, 0, 43979, 1, 6, 13 },
    { 0, 6, 6, 11, 2, 0, 43992, 1, 6, 13 },
    { 0, 6, 6, 11, 2, 0, 44005, 1, 6, 13 },
    { 0, 6, 6, 11, 2, 0, 44018, 1, 6, 13 },
    { 0, 6, 6, 11, 2, 0, 44031, 1, 6, 13 },
    { 0, 6, 6, 11, 2, 0, 44044, 1, 6, 13 },
    { 0, 6, 6, 11, 2, 0, 44057, 1, 6, 13 },
    { 0, 6, 6, 11, 2, 0, 44070, 1, 6, 13 },
    { 0, 6, 6, 11, 2, 0, 44083, 1, 6, 13 },
    { 0, 6, 6, 11, 2, 0, 44096, 1, 6, 13 },
    { 0, 6, 6, 11, 2, 0, 44109, 1, 6, 13 },
    { 0, 6, 6, 11, 2, 0, 44122, 1, 6, 13 },
    { 0, 6, 6, 11, 2, 0, 44135, 1, 6, 13 },
    { 0, 6, 6, 11, 2, 0, 44148, 1, 6, 13 },
    { 0, 6, 6, 11, 2, 0, 44161, 1, 6, 13 },
    { 0, 6, 6, 11, 2, 0, 44174, 1, 6, 13 },
    { 0, 6, 6, 11, 2, 0, 44187, 1, 6, 13 },
    { 0, 6, 6, 11, 2, 0, 44200, 1, 6, 13 },
    { 0, 6, 6, 11, 2, 0, 44213, 1, 6, 13 },
    { 0, 6, 6, 11, 2, 0, 44226, 1, 6, 13 },
    { 0, 6, 6, 11, 2, 0, 44239, 1, 6, 13 },
    { 0, 6, 6, 11, 2, 0, 44252, 1, 6, 13 },
    { 0, 6, 6, 11, 2, 0, 44265, 1, 6, 13 },
    { 0, 6, 6, 11, 2, 0, 44278, 1, 6, 13 },
    { 0, 6, 6, 11, 2, 0, 44291, 1, 6, 13 },
    { 0, 6, 6, 11, 2, 0, 44304, 1, 6, 13 },
    { 0, 6, 6, 11, 2, 0, 44317, 1, 6, 13 },
    { 0, 6, 6, 11, 2, 0, 44330, 1, 6, 13 },
    { 0, 6, 6, 11, 2, 0, 44343, 1, 6, 13 },
    { 0, 6, 6, 11, 2, 0, 44356, 1, 6, 13 },
    { 0, 6, 6, 11, 2, 0, 44369, 1, 6, 13 },
    { 0, 6, 6, 11, 2, 0, 44382, 1, 6, 13 },
    { 0, 6, 6, 11, 2, 0, 44395, 1, 6, 13 },
    { 0, 6, 6, 11, 2, 0, 44408, 1, 6, 13 },
    { 0, 6, 6, 11, 2, 0, 44421, 1, 6, 13 },
    { 0, 6, 6, 11, 2, 0, 44434, 1, 6, 13 },
    { 0, 6, 6, 11, 2, 0, 44447, 1, 6, 13 },
    { 0, 6, 6, 11, 2, 0, 44460, 1, 6, 13 },
    { 0, 6, 6, 11, 2, 0, 44473, 1, 6, 13 },
    { 0, 6, 6, 11, 2, 0, 44486, 1, 6, 13 },
    { 0, 6, 6, 11, 2, 0, 44499, 1, 6, 13 },
    { 0, 6, 6, 11, 2, 0, 44512, 1, 6, 13 },
    { 0, 6, 6, 11, 2, 0, 44525, 1, 6, 13 },
    { 0, 6, 6, 11, 2, 0, 44538, 1, 6, 13 },
    { 0, 6, 6, 11, 2, 0, 44551, 1, 6, 13 },
    { 0, 6, 6, 11, 2, 0, 44564, 1, 6, 13 },
    { 0, 6, 6, 11, 2, 0, 44577, 1, 6, 13 },
    { 0, 6, 6, 11, 2, 0, 44590, 1, 6, 13 },
    { 0, 6, 6, 11, 2, 0, 44603, 1, 6, 13 },
    { 0, 6, 6, 11, 2, 0, 44616, 1, 6, 13 },
    { 0, 6, 6, 11, 2, 0, 44629, 1, 6, 13 },
    { 0, 6, 6, 11, 2, 0, 44642, 1, 6, 13 },
    { 0, 6, 6, 11, 2, 0, 44655, 1, 6, 13 },
    { 0, 6, 6, 11, 2, 0, 44668, 1, 6, 13 },
    { 0, 6, 6, 11, 2, 0, 44681, 1, 6, 13 },
    { 0, 6, 6, 11, 2, 0, 44694, 1, 6, 13 },
    { 0, 6, 6, 11, 2, 0, 44707, 1, 6, 13 },
    { 0, 6, 6, 11, 2, 0, 44720, 1, 6, 13 },
    { 0, 6, 6, 11, 2, 0, 44733, 1, 6, 13 },
    { 0, 6, 6, 11, 2, 0, 44746, 1, 6, 13 },
    { 0, 6, 6, 11, 2, 0, 44759, 1, 6, 13 },
    { 0, 6, 6, 11, 2, 0, 44772, 1, 6, 13 },
    { 0, 6, 6, 11, 2, 0, 44785, 1, 6, 13 },
    { 0, 6, 6, 11, 2, 0, 44798, 1, 6, 13 },
    { 0, 6, 6, 11, 2, 0, 44811, 1, 6, 13 },
    { 0, 6, 6, 11, 2, 0, 44824, 1, 6, 13 },
    { 0, 6, 6, 11, 2, 0, 44837, 1, 6, 13 },
    { 0, 6, 6, 11, 2, 0, 44850, 1, 6, 13 },
    { 0, 6, 6, 11, 2, 0, 44863, 1, 6, 13 },
    { 0, 6, 6, 11, 2, 0, 44876, 1, 6, 13 },
    { 0, 6, 6, 11, 2, 0, 44889, 1, 6, 13 },
    { 0, 6, 6, 11, 2, 0, 44902, 1, 6, 13 },
    { 0, 6, 6, 11, 2, 0, 44915, 1, 6, 13 },
    { 0, 6, 6, 11, 2, 0, 44928, 1, 6, 13 },
    { 0, 6, 6, 11, 2, 0, 44941, 1, 6, 13 },
    { 0, 6, 6, 11, 2, 0, 44954, 1, 6, 13 },
    { 0, 6, 6, 11, 2, 0, 44967, 1, 6, 13 },
    { 0, 6, 6, 11, 2, 0, 44980, 1, 6, 13 },
    { 0, 6, 6, 11, 2, 0, 44993, 1, 6, 13 },
    { 0, 6, 6, 11, 2, 0, 45006, 1, 6, 13 },
    { 0, 6, 6, 11, 2, 0, 45019, 1, 6, 13 },
    { 0, 6, 6, 11, 2, 0, 45032, 1, 6, 13 },
    { 0, 6, 6, 11, 2, 0, 45045, 1, 6, 13 },
    { 0, 6, 6, 11, 2, 0, 45058, 1, 6, 13 },
    { 0, 6, 6, 11, 2, 0, 45071, 1, 6, 13 },
    { 0, 6, 6, 11, 2, 0, 45084, 1, 6, 13 },
    { 0, 6, 6, 11, 2, 0, 45097, 1, 6, 13 },
    { 0, 6, 6, 11, 2, 0, 45110, 1, 6, 13 },
    { 0, 6, 6, 11, 2, 0, 45123, 1, 6, 13 },
    { 0, 6, 6, 11, 2, 0, 45136, 1, 6, 13 },
    { 0, 6, 6, 11, 2, 0, 45149, 1, 6, 13 },
    { 0, 6, 6, 11, 2, 0, 45162, 1, 6, 13 },
    { 0, 6, 6, 11, 2, 0, 45175, 1, 6, 13 },
    { 0, 6, 6, 11, 2, 0, 45188, 1, 6, 13 },
    { 0, 6, 6, 11, 2, 0, 45201, 1, 6, 13 },
    { 0, 6, 6, 11, 2, 0, 45214, 1, 6, 13 },
    { 0, 6, 6, 11, 2, 0, 45227, 1, 6, 13 },
    { 0, 6, 6, 11, 2, 0, 45240, 1, 6, 13 },
    { 0, 6, 6, 11, 2, 0, 45253, 1, 6, 13 },
    { 0, 6, 6, 11, 2, 0, 45266, 1, 6, 13 },
    { 0, 6, 6, 11, 2, 0, 45279, 1, 6, 13 },
    { 0, 6, 6, 11, 2, 0, 45292, 1, 6, 13 },
    { 0, 6, 6, 11, 2, 0, 45305, 1, 6, 13 },
    { 0, 6, 6, 11, 2, 0, 45318, 1, 6, 13 },
    { 0, 6, 6, 11, 2, 0, 45331, 1, 6, 13 },
    { 0, 6, 6, 11, 2, 0, 45344, 1, 6, 13 },
    { 0, 6, 6, 11, 2, 0, 45357, 1, 6, 13 },
    { 0, 6, 6, 11, 2, 0, 45370, 1, 6, 13 },
    { 0, 6, 6, 11, 2, 0, 45383, 1, 6, 13 },
    { 0, 6, 6, 11, 2, 0, 45396, 1, 6, 13 },
    { 0, 6, 6, 11, 2, 0, 45409, 1, 6, 13 },
    { 0, 6, 6, 11, 2, 0, 45422, 1, 6, 13 },
    { 0, 6, 6, 11, 2, 0, 45435, 1, 6, 13 },
    { 0, 6, 6, 11, 2, 0, 45448, 1, 6, 13 },
    { 0, 6, 6, 11, 2, 0, 45461, 1, 6, 13 },
    { 0, 6, 6, 11, 2, 0, 45474, 1, 6, 13 },
    { 0, 6, 6, 11, 2, 0, 45487, 1, 6, 13 },
    { 0, 6, 6, 11, 2, 0, 45500, 1, 6, 13 },
    { 0, 6, 6, 11, 2, 0, 45513, 1, 6, 13 },
    { 0, 6, 6, 11, 2, 0, 45526, 1, 6, 13 },
    { 0, 6, 6, 11, 2, 0, 45539, 1, 6, 13 },
    { 0, 6, 6, 11, 2, 0, 45552, 1, 6, 13 },
    { 0, 6, 6, 11, 2, 0, 45565, 1, 6, 13 },
    { 0, 6, 6, 11, 2, 0, 45578, 1, 6, 13 },
    { 0, 6, 6, 11, 2, 0, 45591, 1, 6, 13 },
    { 0, 6, 6, 11, 2, 0, 45604, 1, 6, 13 },
    { 0, 6, 6, 11, 2, 0, 45617, 1, 6, 13 },
    { 0, 6, 6, 11, 2, 0, 45630, 1, 6, 13 },
    { 0, 6, 6, 11, 2, 0, 45643, 1, 6, 13 },
    { 0, 6, 6, 11, 2, 0, 45656, 1, 6, 13 },
    { 0, 6, 6, 11, 2, 0, 45669, 1, 6, 13 },
    { 0, 6, 6, 11, 2, 0, 45682, 1, 6, 13 },
    { 0, 6, 6, 11, 2, 0, 45695, 1, 6, 13 },
    { 0, 6, 6, 11, 2, 0, 45708, 1, 6, 13 },
    { 0, 6, 6, 11, 2, 0, 45721, 1, 6, 13 },
    { 0, 6, 6, 11, 2, 0, 45734, 1, 6, 13 },
    { 0, 6, 6, 11, 2, 0, 45747, 1, 6, 13 },
    { 0, 6, 6, 11, 2, 0, 45760, 1, 6, 13 },
    { 0, 6, 6, 11, 2, 0, 45773, 1, 6, 13 },
    { 0, 6, 6, 11, 2, 0, 45786, 1, 6, 13 },
    { 0, 6, 6, 11, 2, 0, 45799, 1, 6, 13 },
    { 0, 6, 6, 11, 2, 0, 45812, 1, 6, 13 },
    { 0, 6, 6, 11, 2, 0, 45825, 1, 6, 13 },
    { 0, 6, 6, 11, 2, 0, 45838, 1, 6, 13 },
    { 0, 6, 6, 11, 2, 0, 45851, 1, 6, 13 },
    { 0, 6, 6, 11, 2, 0, 45864, 1, 6, 13 },
    { 0, 6, 6, 11, 2, 0, 45877, 1, 6, 13 },
    { 0, 6, 6, 11, 2, 0, 45890, 1, 6, 13 },
    { 0, 6, 6, 11, 2, 0, 45903, 1, 6, 13 },
    { 0, 6, 6, 11, 2, 0, 45916, 1, 6, 13 },
    { 0, 6, 6, 11, 2, 0, 45929, 1, 6, 13 },
    { 0, 6, 6, 11, 2, 0, 45942, 1, 6, 13 },
    { 0, 6, 6, 11, 2, 0, 45955, 1, 6, 13 },
    { 0, 6, 6, 11, 2, 0, 45968, 1, 6, 13 },
    { 0, 6, 6, 11, 2, 0, 45981, 1, 6, 13 },
    { 0, 6, 6, 11, 2, 0, 45994, 1, 6, 13 },
    { 0, 6, 6, 11, 2, 0, 46007, 1, 6, 13 },
    { 0, 6, 6, 11, 2, 0, 46020, 1, 6, 13 },
    { 0, 6, 6, 11, 2, 0, 46033, 1, 6, 13 },
    { 0, 6, 6, 11, 2, 0, 46046, 1, 6, 13 },
    { 0, 6, 6, 11, 2, 0, 46059, 1, 6, 13 },
    { 0, 6, 6, 11, 2, 0, 46072, 1, 6, 13 },
    { 0, 6, 6, 11, 2, 0, 46085, 1, 6, 13 },
    { 0, 6, 6, 11, 2, 0, 46098, 1, 6, 13 },
    { 0, 6, 6, 11, 2, 0, 46111, 1, 6, 13 },
    { 0, 6, 6, 11, 2, 0, 46124, 1, 6, 13 },
    { 0, 6, 6, 11, 2, 0, 46137, 1, 6, 13 },
    { 0, 6, 6, 11, 2, 0, 46150, 1, 6, 13 },
    { 0, 6, 6, 11, 2, 0, 46163, 1, 6, 13 },
    { 0, 6, 6, 11, 2, 0, 46176, 1, 6, 13 },
    { 0, 6, 6, 11, 2, 0, 46189, 1, 6, 13 },
    { 0, 6, 6, 11, 2, 0, 46202, 1, 6, 13 },
    { 0, 6, 6, 11, 2, 0, 46215, 1, 6, 13 },
    { 0, 6, 6, 11, 2, 0, 46228, 1, 6, 13 },
    { 0, 6, 6, 11, 2, 0, 46241, 1, 6, 13 },
    { 0, 6, 6, 11, 2, 0, 46254, 1, 6, 13 },
    { 0, 6, 6, 11, 2, 0, 46267, 1, 6, 13 },
    { 0, 6, 6, 11, 2, 0, 46280, 1, 6, 13 },
    { 0, 6, 6, 11, 2, 0, 46293, 1, 6, 13 },
    { 0, 6, 6, 11, 2, 0, 46306, 1, 6, 13 },
    { 0, 6, 6, 11, 2, 0, 46319, 1, 6, 13 },
    { 0, 6, 6, 11, 2, 0, 46332, 1, 6, 13 },
    { 0, 6, 6, 11, 2, 0, 46345, 1, 6, 13 },
    { 0, 6, 6, 11, 2, 0, 46358, 1, 6, 13 },
    { 0, 6, 6, 11, 2, 0, 46371, 1, 6, 13 },
    { 0, 6, 6, 11, 2, 0, 46384, 1, 6, 13 },
    { 0, 6, 6, 11, 2, 0, 46397, 1, 6, 13 },
    { 0, 6, 6, 11, 2, 0, 46410, 1, 6, 13 },
    { 0, 6, 6, 11, 2, 0, 46423, 1, 6, 13 },
    { 0, 6, 6, 11, 2, 0, 46436, 1, 6, 13 },
    { 0, 6, 6, 11, 2, 0, 46449, 1, 6, 13 },
    { 0, 6, 6, 11, 2, 0, 46462, 1, 6, 13 },
    { 0, 6, 6, 11, 2, 0, 46475, 1, 6, 13 },
    { 0, 6, 6, 11, 2, 0, 46488, 1, 6, 13 },
    { 0, 6, 6, 11, 2, 0, 46501, 1, 6, 13 },
    { 0, 6, 6, 11, 2, 0, 46514, 1, 6, 13 },
    { 0, 6, 6, 11, 2, 0, 46527, 1, 6, 13 },
    { 0, 6, 6, 11, 2, 0, 46540, 1, 6, 13 },
    { 0, 6, 6, 11, 2, 0, 46553, 1, 6, 13 },
    { 0, 6, 6, 11, 2, 0, 46566, 1, 6, 13 },
    { 0, 6, 6, 11, 2, 0, 46579, 1, 6, 13 },
    { 0, 6, 6, 11, 2, 0, 46592, 1, 6, 13 },
    { 0, 6, 6, 11, 2, 0, 46605, 1, 6, 13 },
    { 0, 6, 6, 11, 2, 0, 46618, 1, 6, 13 },
    { 0, 6, 6, 11, 2, 0, 46631, 1, 6, 13 },
    { 0, 6, 6, 11, 2, 0, 46644, 1, 6, 13 },
    { 0, 6, 6, 11, 2, 0, 46657, 1, 6, 13 },
    { 0, 6, 6, 11, 2, 0, 46670, 1, 6, 13 },
    { 0, 6, 6, 11, 2, 0, 46683, 1, 6, 13 },
    { 0, 6, 6, 11, 2, 0, 46696, 1, 6, 13 },
    { 0, 6, 6, 11, 2, 0, 46709, 1, 6, 13 },
    { 0, 6, 6, 11, 2, 0, 46722, 1, 6, 13 },
    { 0, 6, 6, 11, 2, 0, 46735, 1, 6, 13 },
    { 0, 6, 6, 11, 2, 0, 46748, 1, 6, 13 },
    { 0, 6, 6, 11, 2, 0, 46761, 1, 6, 13 },
    { 0, 6, 6, 11, 2, 0, 46774, 1, 6, 13 },
    { 0, 6, 6, 11, 2, 0, 46787, 1, 6, 13 },
    { 0, 6, 6, 11, 2, 0, 46800, 1, 6, 13 },
    { 0, 6, 6, 11, 2, 0, 46813, 1, 6, 13 },
    { 0, 6, 6, 11, 2, 0, 46826, 1, 6, 13 },
    { 0, 6, 6, 11, 2, 0, 46839, 1, 6, 13 },
    { 0, 6, 6, 11, 2, 0, 46852, 1, 6, 13 },
    { 0, 6, 6, 11, 2, 0, 46865, 1, 6, 13 },
    { 0, 6, 6, 11, 2, 0, 46878, 1, 6, 13 },
    { 0, 6, 6, 11, 2, 0, 46891, 1, 6, 13 },
    { 0, 6, 6, 11, 2, 0, 46904, 1, 6, 13 },
    { 0, 6, 6, 11, 2, 0, 46917, 1, 6, 13 },
    { 0, 6, 6, 11, 2, 0, 46930, 1, 6, 13 },
    { 0, 6, 6, 11, 2, 0, 46943, 1, 6, 13 },
    { 0, 6, 6, 11, 2, 0, 46956, 1, 6, 13 },
    { 0, 6, 6, 11, 2, 0, 46969, 1, 6, 13 },
    { 0, 6, 6, 11, 2, 0, 46982, 1, 6, 13 },
    { 0, 6, 6, 11, 2, 0, 46995, 1, 6, 13 },
    { 0, 6, 6, 11, 2, 0, 47008, 1, 6, 13 },
    { 0, 6, 6, 11, 2, 0, 47021, 1, 6, 13 },
    { 0, 6, 6, 11, 2, 0, 47034, 1, 6, 13 },
    { 0, 6, 6, 11, 2, 0, 47047, 1, 6, 13 },
    { 0, 6, 6, 11, 2, 0, 47060, 1, 6, 13 },
    { 0, 6, 6, 11, 2, 0, 47073, 1, 6, 13 },
    { 0, 6, 6, 11, 2, 0, 47086, 1, 6, 13 },
    { 0, 6, 6, 11, 2, 0, 47099, 1, 6, 13 },
    { 0, 6, 6, 11, 2, 0, 47112, 1, 6, 13 },
    { 0, 6, 6, 11, 2, 0, 47125, 1, 6, 13 },
    { 0, 6, 6, 11, 2, 0, 47138, 1, 6, 13 },
    { 0, 6, 6, 11, 2, 0, 47151, 1, 6, 13 },
    { 0, 6, 6, 11, 2, 0, 47164, 1, 6, 13 },
    { 0, 6, 6, 11, 2, 0, 47177, 1, 6, 13 },
    { 0, 6, 6, 11, 2, 0, 47190, 1, 6, 13 },
    { 0, 6, 6, 11, 2, 0, 47203, 1, 6, 13 },
    { 0, 6, 6, 11, 2, 0, 47216, 1, 6, 13 },
    { 0, 6, 6, 11, 2, 0, 47229, 1, 6, 13 },
    { 0, 6, 6, 11, 2, 0, 47242, 1, 6, 13 },
    { 0, 6, 6, 11, 2, 0, 47255, 1, 6, 13 },
    { 0, 6, 6, 11, 2, 0, 47268, 1, 6, 13 },
    { 0, 6, 6, 11, 2, 0, 47281, 1, 6, 13 },
    { 0, 6, 6, 11, 2, 0, 47294, 1, 6, 13 },
    { 0, 6, 6, 11, 2, 0, 47307, 1, 6, 13 },
    { 0, 6, 6, 11, 2, 0, 47320, 1, 6, 13 },
    { 0, 6, 6, 11, 2, 0, 47333, 1, 6, 13 },
    { 0, 6, 6, 11, 2, 0, 47346, 1, 6, 13 },
    { 0, 6, 6, 11, 2, 0, 47359, 1, 6, 13 },
    { 0, 6, 6, 11, 2, 0, 47372, 1, 6, 13 },
    { 0, 6, 6, 11, 2, 0, 47385, 1, 6, 13 },
    { 0, 6, 6, 11, 2, 0, 47398, 1, 6, 13 },
    { 0, 6, 6, 11, 2, 0, 47411, 1, 6, 13 },
    { 0, 6, 6, 11, 2, 0, 47424, 1, 6, 13 },
    { 0, 6, 6, 11, 2, 0, 47437, 1, 6, 13 },
    { 0, 6, 6, 11, 2, 0, 47450, 1, 6, 13 },
    { 0, 6, 6, 11, 2, 0, 47463, 1, 6, 13 },
    { 0, 6, 6, 11, 2, 0, 47476, 1, 6, 13 },
    { 0, 6, 6, 11, 2, 0, 47489, 1, 6, 13 },
    { 0, 6, 6, 11, 2, 0, 47502, 1, 6, 13 },
    { 0, 6, 6, 11, 2, 0, 47515, 1, 6, 13 },
    { 0, 6, 6, 11, 2, 0, 47528, 1, 6, 13 },
    { 0, 6, 6, 11, 2, 0, 47541, 1, 6, 13 },
    { 0, 6, 6, 11, 2, 0, 47554, 1, 6, 13 },
    { 0, 6, 6, 11, 2, 0, 47567, 1, 6, 13 },
    { 0, 6, 6, 11, 2, 0, 47580, 1, 6, 13 },
    { 0, 6, 6, 11, 2, 0, 47593, 1, 6, 13 },
    { 0, 6, 6, 11, 2, 0, 47606, 1, 6, 13 },
    { 0, 6, 6, 11, 2, 0, 47619, 1, 6, 13 },
    { 0, 6, 6, 11, 2, 0, 47632, 1, 6, 13 },
    { 0, 6, 6, 11, 2, 0, 47645, 1, 6, 13 },
    { 0, 6, 6, 11, 2, 0, 47658, 1, 6, 13 },
    { 0, 6, 6, 11, 2, 0, 47671, 1, 6, 13 },
    { 0, 6, 6, 11, 2, 0, 47684, 1, 6, 13 },
    { 0, 6, 6, 11, 2, 0, 47697, 1, 6, 13 },
    { 0, 6, 6, 11, 2, 0, 47710, 1, 6, 13 },
    { 0, 6, 6, 11, 2, 0, 47723, 1, 6, 13 },
    { 0, 6, 6, 11, 2, 0, 47736, 1, 6, 13 },
    { 0, 6, 6, 11, 2, 0, 47749, 1, 6, 13 },
    { 0, 6, 6, 11, 2, 0, 47762, 1, 6, 13 },
    { 0, 6, 6, 11, 2, 0, 47775, 1, 6, 13 },
    { 0, 6, 6, 11, 2, 0, 47788, 1, 6, 13 },
    { 0, 6, 6, 11, 2, 0, 47801, 1, 6, 13 },
    { 0, 6, 6, 11, 2, 0, 47814, 1, 6, 13 },
    { 0, 6, 6, 11, 2, 0, 47827, 1, 6, 13 },
    { 0, 6, 6, 11, 2, 0, 47840, 1, 6, 13 },
    { 0, 6, 6, 11, 2, 0, 47853, 1, 6, 13 },
    { 0, 6, 6, 11, 2, 0, 47866, 1, 6, 13 },
    { 0, 6, 6, 11, 2, 0, 47879, 1, 6, 13 },
    { 0, 6, 6, 11, 2, 0, 47892, 1, 6, 13 },
    { 0, 6, 6, 11, 2, 0, 47905, 1, 6, 13 },
    { 0, 6, 6, 11, 2, 0, 47918, 1, 6, 13 },
    { 0, 6, 6, 11, 2, 0, 47931, 1, 6, 13 },
    { 0, 6, 6, 11, 2, 0, 47944, 1, 6, 13 },
    { 0, 6, 6, 11, 2, 0, 47957, 1, 6, 13 },
    { 0, 6, 6, 11, 2, 0, 47970, 1, 6, 13 },
    { 0, 6, 6, 11, 2, 0, 47983, 1, 6, 13 },
    { 0, 6, 6, 11, 2, 0, 47996, 1, 6, 13 },
    { 0, 6, 6, 11, 2, 0, 48009, 1, 6, 13 },
    { 0, 6, 6, 11, 2, 0, 48022, 1, 6, 13 },
    { 0, 6, 6, 11, 2, 0, 48035, 1, 6, 13 },
    { 0, 6, 6, 11, 2, 0, 48048, 1, 6, 13 },
    { 0, 6, 6, 11, 2, 0, 48061, 1, 6, 13 },
    { 0, 6, 6, 11, 2, 0, 48074, 1, 6, 13 },
    { 0, 6, 6, 11, 2, 0, 48087, 1, 6, 13 },
    { 0, 6, 6, 11, 2, 0, 48100, 1, 6, 13 },
    { 0, 6, 6, 11, 2, 0, 48113, 1, 6, 13 },
    { 0, 6, 6, 11, 2, 0, 48126, 1, 6, 13 },
    { 0, 6, 6, 11, 2, 0, 48139, 1, 6, 13 },
    { 0, 6, 6, 11, 2, 0, 48152, 1, 6, 13 },
    { 0, 6, 6, 11, 2, 0, 48165, 1, 6, 13 },
    { 0, 6, 6, 11, 2, 0, 48178, 1, 6, 13 },
    { 0, 6, 6, 11, 2, 0, 48191, 1, 6, 13 },
    { 0, 6, 6, 11, 2, 0, 48204, 1, 6, 13 },
    { 0, 6, 6, 11, 2, 0, 48217, 1, 6, 13 },
    { 0, 6, 6, 11, 2, 0, 48230, 1, 6, 13 },
    { 0, 6, 6, 11, 2, 0, 48243, 1, 6, 13 },
    { 0, 6, 6, 11, 2, 0, 48256, 1, 6, 13 },
    { 0, 6, 6, 11, 2, 0, 48269, 1, 6, 13 },
    { 0, 6, 6, 11, 2, 0, 48282, 1, 6, 13 },
    { 0, 6, 6, 11, 2, 0, 48295, 1, 6, 13 },
    { 0, 6, 6, 11, 2, 0, 48308, 1, 6, 13 },
    { 0, 6, 6, 11, 2, 0, 48321, 1, 6, 13 },
    { 0, 6, 6, 11, 2, 0, 48334, 1, 6, 13 },
    { 0, 6, 6, 11, 2, 0, 48347, 1, 6, 13 },
    { 0, 6, 6, 11, 2, 0, 48360, 1, 6, 13 },
    { 0, 6, 6, 11, 2, 0, 48373, 1, 6, 13 },
    { 0, 6, 6, 11, 2, 0, 48386, 1, 6, 13 },
    { 0, 6, 6, 11, 2, 0, 48399, 1, 6, 13 },
    { 0, 6, 6, 11, 2, 0, 48412, 1, 6, 13 },
    { 0, 6, 6, 11, 2, 0, 48425, 1, 6, 13 },
    { 0, 6, 6, 11, 2, 0, 48438, 1, 6, 13 },
    { 0, 6, 6, 11, 2, 0, 48451, 1, 6, 13 },
    { 0, 6, 6, 11, 2, 0, 48464, 1, 6, 13 },
    { 0, 6, 6, 11, 2, 0, 48477, 1, 6, 13 },
    { 0, 6, 6, 11, 2, 0, 48490, 1, 6, 13 },
    { 0, 6, 6, 11, 2, 0, 48503, 1, 6, 13 },
    { 0, 6, 6, 11, 2, 0, 48516, 1, 6, 13 },
    { 0, 6, 6, 11, 2, 0, 48529, 1, 6, 13 },
    { 0, 6, 6, 11, 2, 0, 48542, 1, 6, 13 },
    { 0, 6, 6, 11, 2, 0, 48555, 1, 6, 13 },
    { 0, 6, 6, 11, 2, 0, 48568, 1, 6, 13 },
    { 0, 6, 6, 11, 2, 0, 48581, 1, 6, 13 },
    { 0, 6, 6, 11, 2, 0, 48594, 1, 6, 13 },
    { 0, 6, 6, 11, 2, 0, 48607, 1, 6, 13 },
    { 0, 6, 6, 11, 2, 0, 48620, 1, 6, 13 },
    { 0, 6, 6, 11, 2, 0, 48633, 1, 6, 13 },
    { 0, 6, 6, 11, 2, 0, 48646, 1, 6, 13 },
    { 0, 6, 6, 11, 2, 0, 48659, 1, 6, 13 },
    { 0, 6, 6, 11, 2, 0, 48672, 1, 6, 13 },
    { 0, 6, 6, 11, 2, 0, 48685, 1, 6, 13 },
    { 0, 6, 6, 11, 2, 0, 48698, 1, 6, 13 },
    { 0, 6, 6, 11, 2, 0, 48711, 1, 6, 13 },
    { 0, 6, 6, 11, 2, 0, 48724, 1, 6, 13 },
    { 0, 6, 6, 11, 2, 0, 48737, 1, 6, 13 },
    { 0, 6, 6, 11, 2, 0, 48750, 1, 6, 13 },
    { 0, 6, 6, 11, 2, 0, 48763, 1, 6, 13 },
    { 0, 6, 6, 11, 2, 0, 48776, 1, 6, 13 },
    { 0, 6, 6, 11, 2, 0, 48789, 1, 6, 13 },
    { 0, 6, 6, 11, 2, 0, 48802, 1, 6, 13 },
    { 0, 6, 6, 11, 2, 0, 48815, 1, 6, 13 },
    { 0, 6, 6, 11, 2, 0, 48828, 1, 6, 13 },
    { 0, 6, 6, 11, 2, 0, 48841, 1, 6, 13 },
    { 0, 6, 6, 11, 2, 0, 48854, 1, 6, 13 },
    { 0, 6, 6, 11, 2, 0, 48867, 1, 6, 13 },
    { 0, 6, 6, 11, 2, 0, 48880, 1, 6, 13 },
    { 0, 6, 6, 11, 2, 0, 48893, 1, 6, 13 },
    { 0, 6, 6, 11, 2, 0, 48906, 1, 6, 13 },
    { 0, 6, 6, 11, 2, 0, 48919, 1, 6, 13 },
    { 0, 6, 6, 11, 2, 0, 48932, 1, 6, 13 },
    { 0, 6, 6, 11, 2, 0, 48945, 1, 6, 13 },
    { 0, 6, 6, 11, 2, 0, 48958, 1, 6, 13 },
    { 0, 6, 6, 11, 2, 0, 48971, 1, 6, 13 },
    { 0, 6, 6, 11, 2, 0, 48984, 1, 6, 13 },
    { 0, 6, 6, 11, 2, 0, 48997, 1, 6, 13 },
    { 0, 6, 6, 11, 2, 0, 49010, 1, 6, 13 },
    { 0, 6, 6, 11, 2, 0, 49023, 1, 6, 13 },
    { 0, 6, 6, 11, 2, 0, 49036, 1, 6, 13 },
    { 0, 6, 6, 11, 2, 0, 49049, 1, 6, 13 },
    { 0, 6, 6, 11, 2, 0, 49062, 1, 6, 13 },
    { 0, 6, 6, 11, 2, 0, 49075, 1, 6, 13 },
    { 0, 6, 6, 11, 2, 0, 49088, 1, 6, 13 },
    { 0, 6, 6, 11, 2, 0, 49101, 1, 6, 13 },
    { 0, 6, 6, 11, 2, 0, 49114, 1, 6, 13 },
    { 0, 6, 6, 11, 2, 0, 49127, 1, 6, 13 },
    { 0, 6, 6, 11, 2, 0, 49140, 1, 6, 13 },
    { 0, 6, 6, 11, 2, 0, 49153, 1, 6, 13 },
    { 0, 6, 6, 11, 2, 0, 49166, 1, 6, 13 },
    { 0, 6, 6, 11, 2, 0, 49179, 1, 6, 13 },
    { 0, 6, 6, 11, 2, 0, 49192, 1, 6, 13 },
    { 0, 6, 6, 11, 2, 0, 49205, 1, 6, 13 },
    { 0, 6, 6, 11, 2, 0, 49218, 1, 6, 13 },
    { 0, 6, 6, 11, 2, 0, 49231, 1, 6, 13 },
    { 0, 6, 6, 11, 2, 0, 49244, 1, 6, 13 },
    { 0, 6, 6, 11, 2, 0, 49257, 1, 6, 13 },
    { 0, 6, 6, 11, 2, 0, 49270, 1, 6, 13 },
    { 0, 6, 6, 11, 2, 0, 49283, 1, 6, 13 },
    { 0, 6, 6, 11, 2, 0, 49296, 1, 6, 13 },
    { 0, 6, 6, 11, 2, 0, 49309, 1, 6, 13 },
    { 0, 6, 6, 11, 2, 0, 49322, 1, 6, 13 },
    { 0, 6, 6, 11, 2, 0, 49335, 1, 6, 13 },
    { 0, 6, 6, 11, 2, 0, 49348, 1, 6, 13 },
    { 0, 6, 6, 11, 2, 0, 49361, 1, 6, 13 },
    { 0, 6, 6, 11, 2, 0, 49374, 1, 6, 13 },
    { 0, 6, 6, 11, 2, 0, 49387, 1, 6, 13 },
    { 0, 6, 6, 11, 2, 0, 49400, 1, 6, 13 },
    { 0, 6, 6, 11, 2, 0, 49413, 1, 6, 13 },
    { 0, 6, 6, 11, 2, 0, 49426, 1, 6, 13 },
    { 0, 6, 6, 11, 2, 0, 49439, 1, 6, 13 },
    { 0, 6, 6, 11, 2, 0, 49452, 1, 6, 13 },
    { 0, 6, 6, 11, 2, 0, 49465, 1, 6, 13 },
    { 0, 6, 6, 11, 2, 0, 49478, 1, 6, 13 },
    { 0, 6, 6, 11, 2, 0, 49491, 1, 6, 13 },
    { 0, 6, 6, 11, 2, 0, 49504, 1, 6, 13 },
    { 0, 6, 6, 11, 2, 0, 49517, 1, 6, 13 },
    { 0, 6, 6, 11, 2, 0, 49530, 1, 6, 13 },
    { 0, 6, 6, 11, 2, 0, 49543, 1, 6, 13 },
    { 0, 6, 6, 11, 2, 0, 49556, 1, 6, 13 },
    { 0, 6, 6, 11, 2, 0, 49569, 1, 6, 13 },
    { 0, 6, 6, 11, 2, 0, 49582, 1, 6, 13 },
    { 0, 6, 6, 11, 2, 0, 49595, 1, 6, 13 },
    { 0, 6, 6, 11, 2, 0, 49608, 1, 6, 13 },
    { 0, 6, 6, 11, 2, 0, 49621, 1, 6, 13 },
    { 0, 6, 6, 11, 2, 0, 49634, 1, 6, 13 },
    { 0, 6, 6, 11, 2, 0, 49647, 1, 6, 13 },
    { 0, 6, 6, 11, 2, 0, 49660, 1, 6, 13 },
    { 0, 6, 6, 11, 2, 0, 49673, 1, 6, 13 },
    { 0, 6, 6, 11, 2, 0, 49686, 1, 6, 13 },
    { 0, 6, 6, 11, 2, 0, 49699, 1, 6, 13 },
    { 0, 6, 6, 11, 2, 0, 49712, 1, 6, 13 },
    { 0, 6, 6, 11, 2, 0, 49725, 1, 6, 13 },
    { 0, 6, 6, 11, 2, 0, 49738, 1, 6, 13 },
    { 0, 6, 6, 11, 2, 0, 49751, 1, 6, 13 },
    { 0, 6, 6, 11, 2, 0, 49764, 1, 6, 13 },
    { 0, 6, 6, 11, 2, 0, 49777, 1, 6, 13 },
    { 0, 6, 6, 11, 2, 0, 49790, 1, 6, 13 },
    { 0, 6, 6, 11, 2, 0, 49803, 1, 6, 13 },
    { 0, 6, 6, 11, 2, 0, 49816, 1, 6, 13 },
    { 0, 6, 6, 11, 2, 0, 49829, 1, 6, 13 },
    { 0, 6, 6, 11, 2, 0, 49842, 1, 6, 13 },
    { 0, 6, 6, 11, 2, 0, 49855, 1, 6, 13 },
    { 0, 6, 6, 11, 2, 0, 49868, 1, 6, 13 },
    { 0, 6, 6, 11, 2, 0, 49881, 1, 6, 13 },
    { 0, 6, 6, 11, 2, 0, 49894, 1, 6, 13 },
    { 0, 6, 6, 11, 2, 0, 49907, 1, 6, 13 },
    { 0, 6, 6, 11, 2, 0, 49920, 1, 6, 13 },
    { 0, 6, 6, 11, 2, 0, 49933, 1, 6, 13 },
    { 0, 6, 6, 11, 2, 0, 49946, 1, 6, 13 },
    { 0, 6, 6, 11, 2, 0, 49959, 1, 6, 13 },
    { 0, 6, 6, 11, 2, 0, 49972, 1, 6, 13 },
    { 0, 6, 6, 11, 2, 0, 49985, 1, 6, 13 },
    { 0, 6, 6, 11, 2, 0, 49998, 1, 6, 13 },
    { 0, 6, 6, 11, 2, 0, 50011, 1, 6, 13 },
    { 0, 6, 6, 11, 2, 0, 50024, 1, 6, 13 },
    { 0, 6, 6, 11, 2, 0, 50037, 1, 6, 13 },
    { 0, 6, 6, 11, 2, 0, 50050, 1, 6, 13 },
    { 0, 6, 6, 11, 2, 0, 50063, 1, 6, 13 },
    { 0, 6, 6, 11, 2, 0, 50076, 1, 6, 13 },
    { 0, 6, 6, 11, 2, 0, 50089, 1, 6, 13 },
    { 0, 6, 6, 11, 2, 0, 50102, 1, 6, 13 },
    { 0, 6, 6, 11, 2, 0, 50115, 1, 6, 13 },
    { 0, 6, 6, 11, 2, 0, 50128, 1, 6, 13 },
    { 0, 6, 6, 11, 2, 0, 50141, 1, 6, 13 },
    { 0, 6, 6, 11, 2, 0, 50154, 1, 6, 13 },
    { 0, 6, 6, 11, 2, 0, 50167, 1, 6, 13 },
    { 0, 6, 6, 11, 2, 0, 50180, 1, 6, 13 },
    { 0, 6, 6, 11, 2, 0, 50193, 1, 6, 13 },
    { 0, 6, 6, 11, 2, 0, 50206, 1, 6, 13 },
    { 0, 6, 6, 11, 2, 0, 50219, 1, 6, 13 },
    { 0, 6, 6, 11, 2, 0, 50232, 1, 6, 13 },
    { 0, 6, 6, 11, 2, 0, 50245, 1, 6, 13 },
    { 0, 6, 6, 11, 2, 0, 50258, 1, 6, 13 },
    { 0, 6, 6, 11, 2, 0, 50271, 1, 6, 13 },
    { 0, 6, 6, 11, 2, 0, 50284, 1, 6, 13 },
    { 0, 6, 6, 11, 2, 0, 50297, 1, 6, 13 },
    { 0, 6, 6, 11, 2, 0, 50310, 1, 6, 13 },
    { 0, 6, 6, 11, 2, 0, 50323, 1, 6, 13 },
    { 0, 6, 6, 11, 2, 0, 50336, 1, 6, 13 },
    { 0, 6, 6, 11, 2, 0, 50349, 1, 6, 13 },
    { 0, 6, 6, 11, 2, 0, 50362, 1, 6, 13 },
    { 0, 6, 6, 11, 2, 0, 50375, 1, 6, 13 },
    { 0, 6, 6, 11, 2, 0, 50388, 1, 6, 13 },
    { 0, 6, 6, 11, 2, 0, 50401, 1, 6, 13 },
    { 0, 6, 6, 11, 2, 0, 50414, 1, 6, 13 },
    { 0, 6, 6, 11, 2, 0, 50427, 1, 6, 13 },
    { 0, 6, 6, 11, 2, 0, 50440, 1, 6, 13 },
    { 0, 6, 6, 11, 2, 0, 50453, 1, 6, 13 },
    { 0, 6, 6, 11, 2, 0, 50466, 1, 6, 13 },
    { 0, 6, 6, 11, 2, 0, 50479, 1, 6, 13 },
    { 0, 6, 6, 11, 2, 0, 50492, 1, 6, 13 },
    { 0, 6, 6, 11, 2, 0, 50505, 1, 6, 13 },
    { 0, 6, 6, 11, 2, 0, 50518, 1, 6, 13 },
    { 0, 6, 6, 11, 2, 0, 50531, 1, 6, 13 },
    { 0, 6, 6, 11, 2, 0, 50544, 1, 6, 13 },
    { 0, 6, 6, 11, 2, 0, 50557, 1, 6, 13 },
    { 0, 6, 6, 11, 2, 0, 50570, 1, 6, 13 },
    { 0, 6, 6, 11, 2, 0, 50583, 1, 6, 13 },
    { 0, 6, 6, 11, 2, 0, 50596, 1, 6, 13 },
    { 0, 6, 6, 11, 2, 0, 50609, 1, 6, 13 },
    { 0, 6, 6, 11, 2, 0, 50622, 1, 6, 13 },
    { 0, 6, 6, 11, 2, 0, 50635, 1, 6, 13 },
    { 0, 6, 6, 11, 2, 0, 50648, 1, 6, 13 },
    { 0, 6, 6, 11, 2, 0, 50661, 1, 6, 13 },
    { 0, 6, 6, 11, 2, 0, 50674, 1, 6, 13 },
    { 0, 6, 6, 11, 2, 0, 50687, 1, 6, 13 },
    { 0, 6, 6, 11, 2, 0, 50700, 1, 6, 13 },
    { 0, 6, 6, 11, 2, 0, 50713, 1, 6, 13 },
    { 0, 6, 6, 11, 2, 0, 50726, 1, 6, 13 },
    { 0, 6, 6, 11, 2, 0, 50739, 1, 6, 13 },
    { 0, 6, 6, 11, 2, 0, 50752, 1, 6, 13 },
    { 0, 6, 6, 11, 2, 0, 50765, 1, 6, 13 },
    { 0, 6, 6, 11, 2, 0, 50778, 1, 6, 13 },
    { 0, 6, 6, 11, 2, 0, 50791, 1, 6, 13 },
    { 0, 6, 6, 11, 2, 0, 50804, 1, 6, 13 },
    { 0, 6, 6, 11, 2, 0, 50817, 1, 6, 13 },
    { 0, 6, 6, 11, 2, 0, 50830, 1, 6, 13 },
    { 0, 6, 6, 11, 2, 0, 50843, 1, 6, 13 },
    { 0, 6, 6, 11, 2, 0, 50856, 1, 6, 13 },
    { 0, 6, 6, 11, 2, 0, 50869, 1, 6, 13 },
    { 0, 6, 6, 11, 2, 0, 50882, 1, 6, 13 },
    { 0, 6, 6, 11, 2, 0, 50895, 1, 6, 13 },
    { 0, 6, 6, 11, 2, 0, 50908, 1, 6, 13 },
    { 0, 6, 6, 11, 2, 0, 50921, 1, 6, 13 },
    { 0, 6, 6, 11, 2, 0, 50934, 1, 6, 13 },
    { 0, 6, 6, 11, 2, 0, 50947, 1, 6, 13 },
    { 0, 6, 6, 11, 2, 0, 50960, 1, 6, 13 },
    { 0, 6, 6, 11, 2, 0, 50973, 1, 6, 13 },
    { 0, 6, 6, 11, 2, 0, 50986, 1, 6, 13 },
    { 0, 6, 6, 11, 2, 0, 50999, 1, 6, 13 },
    { 0, 6, 6, 11, 2, 0, 51012, 1, 6, 13 },
    { 0, 6, 6, 11, 2, 0, 51025, 1, 6, 13 },
    { 0, 6, 6, 11, 2, 0, 51038, 1, 6, 13 },
    { 0, 6, 6, 11, 2, 0, 51051, 1, 6, 13 },
    { 0, 6, 6, 11, 2, 0, 51064, 1, 6, 13 },
    { 0, 6, 6, 11, 2, 0, 51077, 1, 6, 13 },
    { 0, 6, 6, 11, 2, 0, 51090, 1, 6, 13 },
    { 0, 6, 6, 11, 2, 0, 51103, 1, 6, 13 },
    { 0, 6, 6, 11, 2, 0, 51116, 1, 6, 13 },
    { 0, 6, 6, 11, 2, 0, 51129, 1, 6, 13 },
    { 0, 6, 6, 11, 2, 0, 51142, 1, 6, 13 },
    { 0, 6, 6, 11, 2, 0, 51155, 1, 6, 13 },
    { 0, 6, 6, 11, 2, 0, 51168, 1, 6, 13 },
    { 0, 6, 6, 11, 2, 0, 51181, 1, 6, 13 },
    { 0, 6, 6, 11, 2, 0, 51194, 1, 6, 13 },
    { 0, 6, 6, 11, 2, 0, 51207, 1, 6, 13 },
    { 0, 6, 6, 11, 2, 0, 51220, 1, 6, 13 },
    { 0, 6, 6, 11, 2, 0, 51233, 1, 6, 13 },
    { 0, 6, 6, 11, 2, 0, 51246, 1, 6, 13 },
    { 0, 6, 6, 11, 2, 0, 51259, 1, 6, 13 },
    { 0, 6, 6, 11, 2, 0, 51272, 1, 6, 13 },
    { 0, 6, 6, 11, 2, 0, 51285, 1, 6, 13 },
    { 0, 6, 6, 11, 2, 0, 51298, 1, 6, 13 },
    { 0, 6, 6, 11, 2, 0, 51311, 1, 6, 13 },
    { 0, 6, 6, 11, 2, 0, 51324, 1, 6, 13 },
    { 0, 6, 6, 11, 2, 0, 51337, 1, 6, 13 },
    { 0, 6, 6, 11, 2, 0, 51350, 1, 6, 13 },
    { 0, 6, 6, 11, 2, 0, 51363, 1, 6, 13 },
    { 0, 6, 6, 11, 2, 0, 51376, 1, 6, 13 },
    { 0, 6, 6, 11, 2, 0, 51389, 1, 6, 13 },
    { 0, 6, 6, 11, 2, 0, 51402, 1, 6, 13 },
    { 0, 6, 6, 11, 2, 0, 51415, 1, 6, 13 },
    { 0, 6, 6, 11, 2, 0, 51428, 1, 6, 13 },
    { 0, 6, 6, 11, 2, 0, 51441, 1, 6, 13 },
    { 0, 6, 6, 11, 2, 0, 51454, 1, 6, 13 },
    { 0, 6, 6, 11, 2, 0, 51467, 1, 6, 13 },
    { 0, 6, 6, 11, 2, 0, 51480, 1, 6, 13 },
    { 0, 6, 6, 11, 2, 0, 51493, 1, 6, 13 },
    { 0, 6, 6, 11, 2, 0, 51506, 1, 6, 13 },
    { 0, 6, 6, 11, 2, 0, 51519, 1, 6, 13 },
    { 0, 6, 6, 11, 2, 0, 51532, 1, 6, 13 },
    { 0, 6, 6, 11, 2, 0, 51545, 1, 6, 13 },
    { 0, 6, 6, 11, 2, 0, 51558, 1, 6, 13 },
    { 0, 6, 6, 11, 2, 0, 51571, 1, 6, 13 },
    { 0, 6, 6, 11, 2, 0, 51584, 1, 6, 13 },
    { 0, 6, 6, 11, 2, 0, 51597, 1, 6, 13 },
    { 0, 6, 6, 11, 2, 0, 51610, 1, 6, 13 },
    { 0, 6, 6, 11, 2, 0, 51623, 1, 6, 13 },
    { 0, 6, 6, 11, 2, 0, 51636, 1, 6, 13 },
    { 0, 6, 6, 11, 2, 0, 51649, 1, 6, 13 },
    { 0, 6, 6, 11, 2, 0, 51662, 1, 6, 13 },
    { 0, 6, 6, 11, 2, 0, 51675, 1, 6, 13 },
    { 0, 6, 6, 11, 2, 0, 51688, 1, 6, 13 },
    { 0, 6, 6, 11, 2, 0, 51701, 1, 6, 13 },
    { 0, 6, 6, 11, 2, 0, 51714, 1, 6, 13 },
    { 0, 6, 6, 11, 2, 0, 51727, 1, 6, 13 },
    { 0, 6, 6, 11, 2, 0, 51740, 1, 6, 13 },
    { 0, 6, 6, 11, 2, 0, 51753, 1, 6, 13 },
    { 0, 6, 6, 11, 2, 0, 51766, 1, 6, 13 },
    { 0, 6, 6, 11, 2, 0, 51779, 1, 6, 13 },
    { 0, 6, 6, 11, 2, 0, 51792, 1, 6, 13 },
    { 0, 6, 6, 11, 2, 0, 51805, 1, 6, 13 },
    { 0, 6, 6, 11, 2, 0, 51818, 1, 6, 13 },
    { 0, 6, 6, 11, 2, 0, 51831, 1, 6, 13 },
    { 0, 6, 6, 11, 2, 0, 51844, 1, 6, 13 },
    { 0, 6, 6, 11, 2, 0, 51857, 1, 6, 13 },
    { 0, 6, 6, 11, 2, 0, 51870, 1, 6, 13 },
    { 0, 6, 6, 11, 2, 0, 51883, 1, 6, 13 },
    { 0, 6, 6, 11, 2, 0, 51896, 1, 6, 13 },
    { 0, 6, 6, 11, 2, 0, 51909, 1, 6, 13 },
    { 0, 6, 6, 11, 2, 0, 51922, 1, 6, 13 },
    { 0, 6, 6, 11, 2, 0, 51935, 1, 6, 13 },
    { 0, 6, 6, 11, 2, 0, 51948, 1, 6, 13 },
    { 0, 6, 6, 11, 2, 0, 51961, 1, 6, 13 },
    { 0, 6, 6, 11, 2, 0, 51974, 1, 6, 13 },
    { 0, 6, 6, 11, 2, 0, 51987, 1, 6, 13 },
    { 0, 6, 6, 11, 2, 0, 52000, 1, 6, 13 },
    { 0, 6, 6, 11, 2, 0, 52013, 1, 6, 13 },
    { 0, 6, 6, 11, 2, 0, 52026, 1, 6, 13 },
    { 0, 6, 6, 11, 2, 0, 52039, 1, 6, 13 },
    { 0, 6, 6, 11, 2, 0, 52052, 1, 6, 13 },
    { 0, 6, 6, 11, 2, 0, 52065, 1, 6, 13 },
    { 0, 6, 6, 11, 2, 0, 52078, 1, 6, 13 },
    { 0, 6, 6, 11, 2, 0, 52091, 1, 6, 13 },
    { 0, 6, 6, 11, 2, 0, 52104, 1, 6, 13 },
    { 0, 6, 6, 11, 2, 0, 52117, 1, 6, 13 },
    { 0, 6, 6, 11, 2, 0, 52130, 1, 6, 13 },
    { 0, 6, 6, 11, 2, 0, 52143, 1, 6, 13 },
    { 0, 6, 6, 11, 2, 0, 52156, 1, 6, 13 },
    { 0, 6, 6, 11, 2, 0, 52169, 1, 6, 13 },
    { 0, 6, 6, 11, 2, 0, 52182, 1, 6, 13 },
    { 0, 6, 6, 11, 2, 0, 52195, 1, 6, 13 },
    { 0, 6, 6, 11, 2, 0, 52208, 1, 6, 13 },
    { 0, 6, 6, 11, 2, 0, 52221, 1, 6, 13 },
    { 0, 6, 6, 11, 2, 0, 52234, 1, 6, 13 },
    { 0, 6, 6, 11, 2, 0, 52247, 1, 6, 13 },
    { 0, 6, 6, 11, 2, 0, 52260, 1, 6, 13 },
    { 0, 6, 6, 11, 2, 0, 52273, 1, 6, 13 },
    { 0, 6, 6, 11, 2, 0, 52286, 1, 6, 13 },
    { 0, 6, 6, 11, 2, 0, 52299, 1, 6, 13 },
    { 0, 6, 6, 11, 2, 0, 52312, 1, 6, 13 },
    { 0, 6, 6, 11, 2, 0, 52325, 1, 6, 13 },
    { 0, 6, 6, 11, 2, 0, 52338, 1, 6, 13 },
    { 0, 6, 6, 11, 2, 0, 52351, 1, 6, 13 },
    { 0, 6, 6, 11, 2, 0, 52364, 1, 6, 13 },
    { 0, 6, 6, 11, 2, 0, 52377, 1, 6, 13 },
    { 0, 6, 6, 11, 2, 0, 52390, 1, 6, 13 },
    { 0, 6, 6, 11, 2, 0, 52403, 1, 6, 13 },
    { 0, 6, 6, 11, 2, 0, 52416, 1, 6, 13 },
    { 0, 6, 6, 11, 2, 0, 52429, 1, 6, 13 },
    { 0, 6, 6, 11, 2, 0, 52442, 1, 6, 13 },
    { 0, 6, 6, 11, 2, 0, 52455, 1, 6, 13 },
    { 0, 6, 6, 11, 2, 0, 52468, 1, 6, 13 },
    { 0, 6, 6, 11, 2, 0, 52481, 1, 6, 13 },
    { 0, 6, 6, 11, 2, 0, 52494, 1, 6, 13 },
    { 0, 6, 6, 11, 2, 0, 52507, 1, 6, 13 },
    { 0, 6, 6, 11, 2, 0, 52520, 1, 6, 13 },
    { 0, 6, 6, 11, 2, 0, 52533, 1, 6, 13 },
    { 0, 6, 6, 11, 2, 0, 52546, 1, 6, 13 },
    { 0, 6, 6, 11, 2, 0, 52559, 1, 6, 13 },
    { 0, 6, 6, 11, 2, 0, 52572, 1, 6, 13 },
    { 0, 6, 6, 11, 2, 0, 52585, 1, 6, 13 },
    { 0, 6, 6, 11, 2, 0, 52598, 1, 6, 13 },
    { 0, 6, 6, 11, 2, 0, 52611, 1, 6, 13 },
    { 0, 6, 6, 11, 2, 0, 52624, 1, 6, 13 },
    { 0, 6, 6, 11, 2, 0, 52637, 1, 6, 13 },
    { 0, 6, 6, 11, 2, 0, 52650, 1, 6, 13 },
    { 0, 6, 6, 11, 2, 0, 52663, 1, 6, 13 },
    { 0, 6, 6, 11, 2, 0, 52676, 1, 6, 13 },
    { 0, 6, 6, 11, 2, 0, 52689, 1, 6, 13 },
    { 0, 6, 6, 11, 2, 0, 52702, 1, 6, 13 },
    { 0, 6, 6, 11, 2, 0, 52715, 1, 6, 13 },
    { 0, 6, 6, 11, 2, 0, 52728, 1, 6, 13 },
    { 0, 6, 6, 11, 2, 0, 52741, 1, 6, 13 },
    { 0, 6, 6, 11, 2, 0, 52754, 1, 6, 13 },
    { 0, 6, 6, 11, 2, 0, 52767, 1, 6, 13 },
    { 0, 6, 6, 11, 2, 0, 52780, 1, 6, 13 },
    { 0, 6, 6, 11, 2, 0, 52793, 1, 6, 13 },
    { 0, 6, 6, 11, 2, 0, 52806, 1, 6, 13 },
    { 0, 6, 6, 11, 2, 0, 52819, 1, 6, 13 },
    { 0, 6, 6, 11, 2, 0, 52832, 1, 6, 13 },
    { 0, 6, 6, 11, 2, 0, 52845, 1, 6, 13 },
    { 0, 6, 6, 11, 2, 0, 52858, 1, 6, 13 },
    { 0, 6, 6, 11, 2, 0, 52871, 1, 6, 13 },
    { 0, 6, 6, 11, 2, 0, 52884, 1, 6, 13 },
    { 0, 6, 6, 11, 2, 0, 52897, 1, 6, 13 },
    { 0, 6, 6, 11, 2, 0, 52910, 1, 6, 13 },
    { 0, 6, 6, 11, 2, 0, 52923, 1, 6, 13 },
    { 0, 6, 6, 11, 2, 0, 52936, 1, 6, 13 },
    { 0, 6, 6, 11, 2, 0, 52949, 1, 6, 13 },
    { 0, 6, 6, 11, 2, 0, 52962, 1, 6, 13 },
    { 0, 6, 6, 11, 2, 0, 52975, 1, 6, 13 },
    { 0, 6, 6, 11, 2, 0, 52988, 1, 6, 13 },
    { 0, 6, 6, 11, 2, 0, 53001, 1, 6, 13 },
    { 0, 6, 6, 11, 2, 0, 53014, 1, 6, 13 },
    { 0, 6, 6, 11, 2, 0, 53027, 1, 6, 13 },
    { 0, 6, 6, 11, 2, 0, 53040, 1, 6, 13 },
    { 0, 6, 6, 11, 2, 0, 53053, 1, 6, 13 },
    { 0, 6, 6, 11, 2, 0, 53066, 1, 6, 13 },
    { 0, 6, 6, 11, 2, 0, 53079, 1, 6, 13 },
    { 0, 6, 6, 11, 2, 0, 53092, 1, 6, 13 },
    { 0, 6, 6, 11, 2, 0, 53105, 1, 6, 13 },
    { 0, 6, 6, 11, 2, 0, 53118, 1, 6, 13 },
    { 0, 6, 6, 11, 2, 0, 53131, 1, 6, 13 },
    { 0, 6, 6, 11, 2, 0, 53144, 1, 6, 13 },
    { 0, 6, 6, 11, 2, 0, 53157, 1, 6, 13 },
    { 0, 6, 6, 11, 2, 0, 53170, 1, 6, 13 },
    { 0, 6, 6, 11, 2, 0, 53183, 1, 6, 13 },
    { 0, 6, 6, 11, 2, 0, 53196, 1, 6, 13 },
    { 0, 6, 6, 11, 2, 0, 53209, 1, 6, 13 },
    { 0, 6, 6, 11, 2, 0, 53222, 1, 6, 13 },
    { 0, 6, 6, 11, 2, 0, 53235, 1, 6, 13 },
    { 0, 6, 6, 11, 2, 0, 53248, 1, 6, 13 },
    { 0, 6, 6, 11, 2, 0, 53261, 1, 6, 13 },
    { 0, 6, 6, 11, 2, 0, 53274, 1, 6, 13 },
    { 0, 6, 6, 11, 2, 0, 53287, 1, 6, 13 },
    { 0, 6, 6, 11, 2, 0, 53300, 1, 6, 13 },
    { 0, 6, 6, 11, 2, 0, 53313, 1, 6, 13 },
    { 0, 6, 6, 11, 2, 0, 53326, 1, 6, 13 },
    { 0, 6, 6, 11, 2, 0, 53339, 1, 6, 13 },
    { 0, 6, 6, 11, 2, 0, 53352, 1, 6, 13 },
    { 0, 6, 6, 11, 2, 0, 53365, 1, 6, 13 },
    { 0, 6, 6, 11, 2, 0, 53378, 1, 6, 13 },
    { 0, 6, 6, 11, 2, 0, 53391, 1, 6, 13 },
    { 0, 6, 6, 11, 2, 0, 53404, 1, 6, 13 },
    { 0, 6, 6, 11, 2, 0, 53417, 1, 6, 13 },
    { 0, 6, 6, 11, 2, 0, 53430, 1, 6, 13 },
    { 0, 6, 6, 11, 2, 0, 53443, 1, 6, 13 },
    { 0, 6, 6, 11, 2, 0, 53456, 1, 6, 13 },
    { 0, 6, 6, 11, 2, 0, 53469, 1, 6, 13 },
    { 0, 6, 6, 11, 2, 0, 53482, 1, 6, 13 },
    { 0, 6, 6, 11, 2, 0, 53495, 1, 6, 13 },
    { 0, 6, 6, 11, 2, 0, 53508, 1, 6, 13 },
    { 0, 6, 6, 11, 2, 0, 53521, 1, 6, 13 },
    { 0, 6, 6, 11, 2, 0, 53534, 1, 6, 13 },
    { 0, 6, 6, 11, 2, 0, 53547, 1, 6, 13 },
    { 0, 6, 6, 11, 2, 0, 53560, 1, 6, 13 },
};

static const int16_t tinyxEmbeddedFixedFontEncoding[] = {
    0, -1, -1, -1, -1, -1, -1, -1, -1, -1, -1, -1, -1, -1, -1, -1,
    -1, -1, -1, -1, -1, -1, -1, -1, -1, -1, -1, -1, -1, -1, -1, -1,
    1, 2, 3, 4, 5, 6, 7, 8, 9, 10, 11, 12, 13, 14, 15, 16,
    17, 18, 19, 20, 21, 22, 23, 24, 25, 26, 27, 28, 29, 30, 31, 32,
    33, 34, 35, 36, 37, 38, 39, 40, 41, 42, 43, 44, 45, 46, 47, 48,
    49, 50, 51, 52, 53, 54, 55, 56, 57, 58, 59, 60, 61, 62, 63, 64,
    65, 66, 67, 68, 69, 70, 71, 72, 73, 74, 75, 76, 77, 78, 79, 80,
    81, 82, 83, 84, 85, 86, 87, 88, 89, 90, 91, 92, 93, 94, 95, -1,
    -1, -1, -1, -1, -1, -1, -1, -1, -1, -1, -1, -1, -1, -1, -1, -1,
    -1, -1, -1, -1, -1, -1, -1, -1, -1, -1, -1, -1, -1, -1, -1, -1,
    96, 97, 98, 99, 100, 101, 102, 103, 104, 105, 106, 107, 108, 109, 110, 111,
    112, 113, 114, 115, 116, 117, 118, 119, 120, 121, 122, 123, 124, 125, 126, 127,
    128, 129, 130, 131, 132, 133, 134, 135, 136, 137, 138, 139, 140, 141, 142, 143,
    144, 145, 146, 147, 148, 149, 150, 151, 152, 153, 154, 155, 156, 157, 158, 159,
    160, 161, 162, 163, 164, 165, 166, 167, 168, 169, 170, 171, 172, 173, 174, 175,
    176, 177, 178, 179, 180, 181, 182, 183, 184, 185, 186, 187, 188, 189, 190, 191,
    192, 193, 194, 195, 196, 197, 198, 199, 200, 201, 202, 203, 204, 205, 206, 207,
    208, 209, 210, 211, 212, 213, 214, 215, 216, 217, 218, 219, 220, 221, 222, 223,
    224, 225, 226, 227, 228, 229, 230, 231, 232, 233, 234, 235, 236, 237, 238, 239,
    240, 241, 242, 243, 244, 245, 246, 247, 248, 249, 250, 251, 252, 253, 254, 255,
    256, 257, 258, 259, 260, 261, 262, 263, 264, 265, 266, 267, 268, 269, 270, 271,
    272, 273, 274, 275, 276, 277, 278, 279, 280, 281, 282, 283, 284, 285, 286, 287,
    288, 289, 290, 291, 292, 293, 294, 295, 296, 297, 298, 299, 300, 301, 302, 303,
    304, 305, 306, 307, 308, 309, 310, 311, 312, 313, 314, 315, 316, 317, 318, 319,
    320, 321, 322, 323, 324, 325, 326, 327, 328, 329, 330, 331, 332, 333, 334, 335,
    336, 337, 338, 339, 340, 341, 342, 343, 344, 345, 346, 347, 348, 349, 350, 351,
    352, 353, 354, 355, 356, 357, 358, 359, 360, 361, 362, 363, 364, 365, 366, 367,
    368, 369, 370, 371, 372, 373, 374, 375, 376, 377, 378, 379, 380, 381, 382, 383,
    384, 385, 386, 387, 388, 389, 390, 391, 392, 393, 394, 395, 396, 397, 398, 399,
    400, 401, 402, 403, 404, 405, 406, 407, 408, 409, 410, 411, 412, 413, 414, 415,
    416, 417, 418, 419, 420, 421, 422, 423, 424, 425, 426, 427, 428, 429, 430, 431,
    432, 433, 434, 435, 436, 437, 438, 439, 440, 441, 442, 443, 444, 445, 446, 447,
    448, 449, 450, 451, 452, 453, 454, 455, 456, 457, 458, 459, 460, 461, 462, 463,
    464, 465, 466, 467, 468, 469, 470, 471, 472, 473, 474, 475, 476, 477, 478, 479,
    480, -1, 481, 482, 483, 484, 485, 486, 487, 488, 489, 490, 491, 492, 493, 494,
    495, 496, 497, 498, -1, -1, -1, -1, -1, -1, -1, -1, -1, -1, -1, -1,
    -1, -1, -1, -1, -1, -1, -1, -1, -1, -1, -1, -1, -1, -1, -1, -1,
    499, 500, 501, 502, 503, 504, 505, 506, 507, 508, 509, 510, 511, 512, 513, 514,
    515, 516, 517, 518, 519, 520, 521, 522, 523, 524, 525, 526, 527, 528, 529, 530,
    531, 532, 533, 534, 535, 536, 537, 538, 539, 540, 541, 542, 543, 544, 545, 546,
    547, 548, 549, 550, 551, 552, 553, 554, 555, 556, 557, 558, 559, 560, 561, 562,
    563, 564, 565, 566, 567, 568, 569, 570, 571, 572, 573, 574, 575, 576, 577, 578,
    579, 580, 581, 582, 583, 584, 585, 586, 587, 588, 589, 590, 591, 592, -1, -1,
    593, 594, 595, 596, 597, 598, 599, 600, 601, 602, 603, 604, 605, 606, 607, 608,
    609, 610, 611, 612, 613, 614, 615, 616, 617, 618, 619, 620, 621, 622, 623, 624,
    625, 626, 627, 628, 629, 630, 631, 632, 633, 634, 635, 636, 637, 638, 639, 640,
    641, 642, 643, 644, 645, 646, 647, 648, 649, 650, 651, 652, 653, 654, 655, -1,
    -1, -1, -1, -1, -1, -1, -1, -1, -1, -1, -1, -1, -1, -1, -1, -1,
    656, 657, 658, 659, 660, 661, 662, 663, 664, 665, 666, 667, 668, 669, 670, 671,
    672, 673, 674, 675, 676, 677, 678, 679, 680, 681, 682, 683, 684, 685, 686, 687,
    688, 689, 690, 691, 692, 693, 694, 695, 696, 697, 698, 699, 700, 701, 702, 703,
    704, 705, 706, 707, 708, 709, 710, 711, 712, 713, 714, 715, 716, 717, 718, 719,
    720, 721, 722, 723, 724, 725, 726, 727, 728, 729, 730, 731, 732, 733, 734, 735,
    -1, -1, -1, -1, -1, -1, -1, -1, -1, -1, -1, -1, -1, -1, -1, -1,
    736, 737, 738, 739, 740, 741, 742, 743, 744, 745, 746, 747, 748, 749, 750, 751,
    -1, -1, -1, -1, 752, 753, -1, -1, -1, -1, 754, -1, -1, -1, 755, -1,
    -1, -1, -1, -1, 756, 757, 758, 759, 760, 761, 762, -1, 763, -1, 764, 765,
    766, 767, 768, 769, 770, 771, 772, 773, 774, 775, 776, 777, 778, 779, 780, 781,
    782, 783, -1, 784, 785, 786, 787, 788, 789, 790, 791, 792, 793, 794, 795, 796,
    797, 798, 799, 800, 801, 802, 803, 804, 805, 806, 807, 808, 809, 810, 811, 812,
    813, 814, 815, 816, 817, 818, 819, 820, 821, 822, 823, 824, 825, 826, 827, -1,
    828, 829, 830, 831, 832, 833, 834, 835, 836, 837, 838, 839, 840, 841, 842, 843,
    844, 845, 846, 847, 848, 849, 850, 851, 852, 853, 854, 855, 856, 857, 858, 859,
    860, 861, 862, 863, 864, 865, 866, -1, -1, -1, -1, -1, -1, -1, -1, -1,
    867, 868, 869, 870, 871, 872, 873, 874, 875, 876, 877, 878, 879, 880, 881, 882,
    883, 884, 885, 886, 887, 888, 889, 890, 891, 892, 893, 894, 895, 896, 897, 898,
    899, 900, 901, 902, 903, 904, 905, 906, 907, 908, 909, 910, 911, 912, 913, 914,
    915, 916, 917, 918, 919, 920, 921, 922, 923, 924, 925, 926, 927, 928, 929, 930,
    931, 932, 933, 934, 935, 936, 937, 938, 939, 940, 941, 942, 943, 944, 945, 946,
    947, 948, 949, 950, 951, 952, 953, 954, 955, 956, 957, 958, 959, 960, 961, 962,
    963, 964, 965, 966, 967, 968, 969, 970, 971, 972, 973, 974, 975, 976, 977, 978,
    979, 980, 981, 982, 983, 984, 985, 986, 987, 988, 989, 990, 991, 992, 993, 994,
    995, 996, 997, 998, 999, 1000, 1001, -1, 1002, 1003, 1004, 1005, 1006, 1007, 1008, 1009,
    1010, 1011, 1012, 1013, 1014, 1015, 1016, 1017, 1018, 1019, 1020, 1021, 1022, 1023, 1024, 1025,
    1026, 1027, 1028, 1029, 1030, 1031, 1032, 1033, 1034, 1035, 1036, 1037, 1038, 1039, 1040, 1041,
    1042, 1043, 1044, 1045, 1046, 1047, 1048, 1049, 1050, 1051, 1052, 1053, 1054, 1055, 1056, 1057,
    1058, 1059, 1060, 1061, 1062, 1063, 1064, 1065, 1066, 1067, 1068, 1069, 1070, 1071, 1072, -1,
    1073, 1074, 1075, 1076, 1077, 1078, 1079, 1080, 1081, 1082, 1083, 1084, 1085, 1086, 1087, 1088,
    1089, 1090, 1091, 1092, 1093, 1094, 1095, 1096, 1097, 1098, 1099, 1100, 1101, 1102, 1103, 1104,
    1105, 1106, 1107, 1108, 1109, 1110, -1, -1, 1111, 1112, -1, -1, -1, -1, -1, -1,
    1113, 1114, 1115, 1116, 1117, 1118, 1119, 1120, 1121, 1122, 1123, 1124, 1125, 1126, 1127, 1128,
    -1, -1, -1, -1, -1, -1, -1, -1, -1, -1, -1, -1, -1, -1, -1, -1,
    -1, -1, -1, -1, -1, -1, -1, -1, -1, -1, -1, -1, -1, -1, -1, -1,
    -1, 1129, 1130, 1131, 1132, 1133, 1134, 1135, 1136, 1137, 1138, 1139, 1140, 1141, 1142, 1143,
    1144, 1145, 1146, 1147, 1148, 1149, 1150, 1151, 1152, 1153, 1154, 1155, 1156, 1157, 1158, 1159,
    1160, 1161, 1162, 1163, 1164, 1165, 1166, -1, -1, 1167, 1168, 1169, 1170, 1171, 1172, 1173,
    -1, 1174, 1175, 1176, 1177, 1178, 1179, 1180, 1181, 1182, 1183, 1184, 1185, 1186, 1187, 1188,
    1189, 1190, 1191, 1192, 1193, 1194, 1195, 1196, 1197, 1198, 1199, 1200, 1201, 1202, 1203, 1204,
    1205, 1206, 1207, 1208, 1209, 1210, 1211, 1212, -1, 1213, 1214, -1, -1, -1, -1, -1,
    -1, 1215, 1216, 1217, 1218, 1219, 1220, 1221, 1222, 1223, 1224, -1, 1225, 1226, 1227, 1228,
    1229, 1230, -1, 1231, 1232, 1233, 1234, -1, 1235, 1236, 1237, 1238, 1239, 1240, -1, 1241,
    1242, 1243, 1244, 1245, 1246, 1247, 1248, 1249, 1250, 1251, -1, 1252, 1253, 1254, 1255, 1256,
    1257, 1258, 1259, 1260, 1261, -1, -1, -1, -1, -1, -1, -1, -1, -1, -1, -1,
    1262, 1263, 1264, 1265, 1266, 1267, 1268, 1269, 1270, 1271, 1272, 1273, 1274, 1275, 1276, 1277,
    1278, 1279, 1280, 1281, 1282, 1283, 1284, 1285, 1286, 1287, 1288, -1, -1, -1, -1, -1,
    1289, 1290, 1291, 1292, 1293, -1, -1, -1, -1, -1, -1, -1, -1, -1, -1, -1,
    -1, -1, -1, -1, -1, -1, -1, -1, -1, -1, -1, -1, -1, -1, -1, -1,
    -1, -1, -1, -1, -1, -1, -1, -1, -1, -1, -1, -1, -1, -1, -1, -1,
    -1, -1, -1, -1, -1, -1, -1, -1, -1, -1, -1, -1, -1, -1, -1, -1,
    -1, -1, -1, -1, -1, -1, -1, -1, -1, -1, -1, -1, -1, -1, -1, -1,
    -1, -1, -1, -1, -1, -1, -1, -1, -1, -1, -1, -1, -1, -1, -1, -1,
    -1, -1, -1, -1, -1, -1, -1, -1, -1, -1, -1, -1, -1, -1, -1, -1,
    -1, -1, -1, -1, -1, -1, -1, -1, -1, -1, -1, -1, -1, -1, -1, -1,
    -1, -1, -1, -1, -1, -1, -1, -1, -1, -1, -1, -1, -1, -1, -1, -1,
    -1, -1, -1, -1, -1, -1, -1, -1, -1, -1, -1, -1, -1, -1, -1, -1,
    -1, -1, -1, -1, -1, -1, -1, -1, -1, -1, -1, -1, -1, -1, -1, -1,
    -1, -1, -1, -1, -1, -1, -1, -1, -1, -1, -1, -1, -1, -1, -1, -1,
    -1, -1, -1, -1, -1, -1, -1, -1, -1, -1, -1, -1, -1, -1, -1, -1,
    -1, -1, -1, -1, -1, -1, -1, -1, -1, -1, -1, -1, -1, -1, -1, -1,
    -1, -1, -1, -1, -1, -1, -1, -1, -1, -1, -1, -1, -1, -1, -1, -1,
    -1, -1, -1, -1, -1, -1, -1, -1, -1, -1, -1, -1, -1, -1, -1, -1,
    -1, -1, -1, -1, -1, -1, -1, -1, -1, -1, -1, -1, -1, -1, -1, -1,
    -1, -1, -1, -1, -1, -1, -1, -1, -1, -1, -1, -1, -1, -1, -1, -1,
    -1, -1, -1, -1, -1, -1, -1, -1, -1, -1, -1, -1, -1, -1, -1, -1,
    -1, -1, -1, -1, -1, -1, -1, -1, -1, -1, -1, -1, -1, -1, -1, -1,
    -1, -1, -1, -1, -1, -1, -1, -1, -1, -1, -1, -1, -1, -1, -1, -1,
    -1, -1, -1, -1, -1, -1, -1, -1, -1, -1, -1, -1, -1, -1, -1, -1,
    -1, -1, -1, -1, -1, -1, -1, -1, -1, -1, -1, -1, -1, -1, -1, -1,
    -1, -1, -1, -1, -1, -1, -1, -1, -1, -1, -1, -1, -1, -1, -1, -1,
    -1, -1, -1, -1, -1, -1, -1, -1, -1, -1, -1, -1, -1, -1, -1, -1,
    -1, -1, -1, -1, -1, -1, -1, -1, -1, -1, -1, -1, -1, -1, -1, -1,
    -1, -1, -1, -1, -1, -1, -1, -1, -1, -1, -1, -1, -1, -1, -1, -1,
    -1, -1, -1, -1, -1, -1, -1, -1, -1, -1, -1, -1, -1, -1, -1, -1,
    -1, -1, -1, -1, -1, -1, -1, -1, -1, -1, -1, -1, -1, -1, -1, -1,
    -1, -1, -1, -1, -1, -1, -1, -1, -1, -1, -1, -1, -1, -1, -1, -1,
    -1, -1, -1, -1, -1, -1, -1, -1, -1, -1, -1, -1, -1, -1, -1, -1,
    -1, -1, -1, -1, -1, -1, -1, -1, -1, -1, -1, -1, -1, -1, -1, -1,
    -1, -1, -1, -1, -1, -1, -1, -1, -1, -1, -1, -1, -1, -1, -1, -1,
    -1, -1, -1, -1, -1, -1, -1, -1, -1, -1, -1, -1, -1, -1, -1, -1,
    -1, -1, -1, -1, -1, -1, -1, -1, -1, -1, -1, -1, -1, -1, -1, -1,
    -1, -1, -1, -1, -1, -1, -1, -1, -1, -1, -1, -1, -1, -1, -1, -1,
    -1, -1, -1, -1, -1, -1, -1, -1, -1, -1, -1, -1, -1, -1, -1, -1,
    -1, -1, -1, -1, -1, -1, -1, -1, -1, -1, -1, -1, -1, -1, -1, -1,
    -1, -1, -1, -1, -1, -1, -1, -1, -1, -1, -1, -1, -1, -1, -1, -1,
    -1, -1, -1, -1, -1, -1, -1, -1, -1, -1, -1, -1, -1, -1, -1, -1,
    -1, -1, -1, -1, -1, -1, -1, -1, -1, -1, -1, -1, -1, -1, -1, -1,
    -1, -1, -1, -1, -1, -1, -1, -1, -1, -1, -1, -1, -1, -1, -1, -1,
    -1, -1, -1, -1, -1, -1, -1, -1, -1, -1, -1, -1, -1, -1, -1, -1,
    -1, -1, -1, -1, -1, -1, -1, -1, -1, -1, -1, -1, -1, -1, -1, -1,
    -1, -1, -1, -1, -1, -1, -1, -1, -1, -1, -1, -1, -1, -1, -1, -1,
    -1, -1, -1, -1, -1, -1, -1, -1, -1, -1, -1, -1, -1, -1, -1, -1,
    -1, -1, -1, -1, -1, -1, -1, -1, -1, -1, -1, -1, -1, -1, -1, -1,
    -1, -1, -1, -1, -1, -1, -1, -1, -1, -1, -1, -1, -1, -1, -1, -1,
    -1, -1, -1, -1, -1, -1, -1, -1, -1, -1, -1, -1, -1, -1, -1, -1,
    -1, -1, -1, -1, -1, -1, -1, -1, -1, -1, -1, -1, -1, -1, -1, -1,
    -1, -1, -1, -1, -1, -1, -1, -1, -1, -1, -1, -1, -1, -1, -1, -1,
    -1, -1, -1, -1, -1, -1, -1, -1, -1, -1, -1, -1, -1, -1, -1, -1,
    -1, -1, -1, -1, -1, -1, -1, -1, -1, -1, -1, -1, -1, -1, -1, -1,
    -1, -1, -1, -1, -1, -1, -1, -1, -1, -1, -1, -1, -1, -1, -1, -1,
    -1, -1, -1, -1, -1, -1, -1, -1, -1, -1, -1, -1, -1, -1, -1, -1,
    -1, -1, -1, -1, -1, -1, -1, -1, -1, -1, -1, -1, -1, -1, -1, -1,
    -1, -1, -1, -1, -1, -1, -1, -1, -1, -1, -1, -1, -1, -1, -1, -1,
    -1, -1, -1, -1, -1, -1, -1, -1, -1, -1, -1, -1, -1, -1, -1, -1,
    -1, -1, -1, -1, -1, -1, -1, -1, -1, -1, -1, -1, -1, -1, -1, -1,
    -1, -1, -1, -1, -1, -1, -1, -1, -1, -1, -1, -1, -1, -1, -1, -1,
    -1, -1, -1, -1, -1, -1, -1, -1, -1, -1, -1, -1, -1, -1, -1, -1,
    -1, -1, -1, -1, -1, -1, -1, -1, -1, -1, -1, -1, -1, -1, -1, -1,
    -1, -1, -1, -1, -1, -1, -1, -1, -1, -1, -1, -1, -1, -1, -1, -1,
    -1, -1, -1, -1, -1, -1, -1, -1, -1, -1, -1, -1, -1, -1, -1, -1,
    -1, -1, -1, -1, -1, -1, -1, -1, -1, -1, -1, -1, -1, -1, -1, -1,
    -1, -1, -1, -1, -1, -1, -1, -1, -1, -1, -1, -1, -1, -1, -1, -1,
    -1, -1, -1, -1, -1, -1, -1, -1, -1, -1, -1, -1, -1, -1, -1, -1,
    -1, -1, -1, -1, -1, -1, -1, -1, -1, -1, -1, -1, -1, -1, -1, -1,
    -1, -1, -1, -1, -1, -1, -1, -1, -1, -1, -1, -1, -1, -1, -1, -1,
    -1, -1, -1, -1, -1, -1, -1, -1, -1, -1, -1, -1, -1, -1, -1, -1,
    -1, -1, -1, -1, -1, -1, -1, -1, -1, -1, -1, -1, -1, -1, -1, -1,
    -1, -1, -1, -1, -1, -1, -1, -1, -1, -1, -1, -1, -1, -1, -1, -1,
    -1, -1, -1, -1, -1, -1, -1, -1, -1, -1, -1, -1, -1, -1, -1, -1,
    -1, -1, -1, -1, -1, -1, -1, -1, -1, -1, -1, -1, -1, -1, -1, -1,
    -1, -1, -1, -1, -1, -1, -1, -1, -1, -1, -1, -1, -1, -1, -1, -1,
    -1, -1, -1, -1, -1, -1, -1, -1, -1, -1, -1, -1, -1, -1, -1, -1,
    -1, -1, -1, -1, -1, -1, -1, -1, -1, -1, -1, -1, -1, -1, -1, -1,
    -1, -1, -1, -1, -1, -1, -1, -1, -1, -1, -1, -1, -1, -1, -1, -1,
    -1, -1, -1, -1, -1, -1, -1, -1, -1, -1, -1, -1, -1, -1, -1, -1,
    -1, -1, -1, -1, -1, -1, -1, -1, -1, -1, -1, -1, -1, -1, -1, -1,
    -1, -1, -1, -1, -1, -1, -1, -1, -1, -1, -1, -1, -1, -1, -1, -1,
    -1, -1, -1, -1, -1, -1, -1, -1, -1, -1, -1, -1, -1, -1, -1, -1,
    -1, -1, -1, -1, -1, -1, -1, -1, -1, -1, -1, -1, -1, -1, -1, -1,
    -1, -1, -1, -1, -1, -1, -1, -1, -1, -1, -1, -1, -1, -1, -1, -1,
    -1, -1, -1, -1, -1, -1, -1, -1, -1, -1, -1, -1, -1, -1, -1, -1,
    -1, -1, -1, -1, -1, -1, -1, -1, -1, -1, -1, -1, -1, -1, -1, -1,
    -1, -1, -1, -1, -1, -1, -1, -1, -1, -1, -1, -1, -1, -1, -1, -1,
    -1, -1, -1, -1, -1, -1, -1, -1, -1, -1, -1, -1, -1, -1, -1, -1,
    -1, -1, -1, -1, -1, -1, -1, -1, -1, -1, -1, -1, -1, -1, -1, -1,
    -1, -1, -1, -1, -1, -1, -1, -1, -1, -1, -1, -1, -1, -1, -1, -1,
    -1, -1, -1, -1, -1, -1, -1, -1, -1, -1, -1, -1, -1, -1, -1, -1,
    -1, -1, -1, -1, -1, -1, -1, -1, -1, -1, -1, -1, -1, -1, -1, -1,
    -1, -1, -1, -1, -1, -1, -1, -1, -1, -1, -1, -1, -1, -1, -1, -1,
    -1, -1, -1, -1, -1, -1, -1, -1, -1, -1, -1, -1, -1, -1, -1, -1,
    -1, -1, -1, -1, -1, -1, -1, -1, -1, -1, -1, -1, -1, -1, -1, -1,
    -1, -1, -1, -1, -1, -1, -1, -1, -1, -1, -1, -1, -1, -1, -1, -1,
    -1, -1, -1, -1, -1, -1, -1, -1, -1, -1, -1, -1, -1, -1, -1, -1,
    -1, -1, -1, -1, -1, -1, -1, -1, -1, -1, -1, -1, -1, -1, -1, -1,
    -1, -1, -1, -1, -1, -1, -1, -1, -1, -1, -1, -1, -1, -1, -1, -1,
    -1, -1, -1, -1, -1, -1, -1, -1, -1, -1, -1, -1, -1, -1, -1, -1,
    -1, -1, -1, -1, -1, -1, -1, -1, -1, -1, -1, -1, -1, -1, -1, -1,
    -1, -1, -1, -1, -1, -1, -1, -1, -1, -1, -1, -1, -1, -1, -1, -1,
    -1, -1, -1, -1, -1, -1, -1, -1, -1, -1, -1, -1, -1, -1, -1, -1,
    -1, -1, -1, -1, -1, -1, -1, -1, -1, -1, -1, -1, -1, -1, -1, -1,
    -1, -1, -1, -1, -1, -1, -1, -1, -1, -1, -1, -1, -1, -1, -1, -1,
    -1, -1, -1, -1, -1, -1, -1, -1, -1, -1, -1, -1, -1, -1, -1, -1,
    -1, -1, -1, -1, -1, -1, -1, -1, -1, -1, -1, -1, -1, -1, -1, -1,
    -1, -1, -1, -1, -1, -1, -1, -1, -1, -1, -1, -1, -1, -1, -1, -1,
    -1, -1, -1, -1, -1, -1, -1, -1, -1, -1, -1, -1, -1, -1, -1, -1,
    -1, -1, -1, -1, -1, -1, -1, -1, -1, -1, -1, -1, -1, -1, -1, -1,
    -1, -1, -1, -1, -1, -1, -1, -1, -1, -1, -1, -1, -1, -1, -1, -1,
    -1, -1, -1, -1, -1, -1, -1, -1, -1, -1, -1, -1, -1, -1, -1, -1,
    -1, -1, -1, -1, -1, -1, -1, -1, -1, -1, -1, -1, -1, -1, -1, -1,
    -1, -1, -1, -1, -1, -1, -1, -1, -1, -1, -1, -1, -1, -1, -1, -1,
    -1, -1, -1, -1, -1, -1, -1, -1, -1, -1, -1, -1, -1, -1, -1, -1,
    -1, -1, -1, -1, -1, -1, -1, -1, -1, -1, -1, -1, -1, -1, -1, -1,
    -1, -1, -1, -1, -1, -1, -1, -1, -1, -1, -1, -1, -1, -1, -1, -1,
    -1, -1, -1, -1, -1, -1, -1, -1, -1, -1, -1, -1, -1, -1, -1, -1,
    -1, -1, -1, -1, -1, -1, -1, -1, -1, -1, -1, -1, -1, -1, -1, -1,
    -1, -1, -1, -1, -1, -1, -1, -1, -1, -1, -1, -1, -1, -1, -1, -1,
    -1, -1, -1, -1, -1, -1, -1, -1, -1, -1, -1, -1, -1, -1, -1, -1,
    -1, -1, -1, -1, -1, -1, -1, -1, -1, -1, -1, -1, -1, -1, -1, -1,
    -1, -1, -1, -1, -1, -1, -1, -1, -1, -1, -1, -1, -1, -1, -1, -1,
    -1, -1, -1, -1, -1, -1, -1, -1, -1, -1, -1, -1, -1, -1, -1, -1,
    -1, -1, -1, -1, -1, -1, -1, -1, -1, -1, -1, -1, -1, -1, -1, -1,
    -1, -1, -1, -1, -1, -1, -1, -1, -1, -1, -1, -1, -1, -1, -1, -1,
    -1, -1, -1, -1, -1, -1, -1, -1, -1, -1, -1, -1, -1, -1, -1, -1,
    -1, -1, -1, -1, -1, -1, -1, -1, -1, -1, -1, -1, -1, -1, -1, -1,
    -1, -1, -1, -1, -1, -1, -1, -1, -1, -1, -1, -1, -1, -1, -1, -1,
    -1, 1294, 1295, 1296, 1297, 1298, 1299, 1300, 1301, 1302, 1303, 1304, 1305, 1306, 1307, 1308,
    1309, 1310, 1311, 1312, 1313, 1314, 1315, 1316, 1317, 1318, 1319, 1320, 1321, 1322, 1323, 1324,
    1325, 1326, 1327, 1328, 1329, 1330, 1331, 1332, 1333, 1334, 1335, 1336, 1337, 1338, 1339, 1340,
    1341, 1342, 1343, 1344, 1345, 1346, 1347, 1348, 1349, 1350, 1351, -1, -1, -1, -1, 1352,
    1353, 1354, 1355, 1356, 1357, 1358, 1359, 1360, 1361, 1362, 1363, 1364, 1365, 1366, 1367, 1368,
    1369, 1370, 1371, 1372, 1373, 1374, 1375, 1376, 1377, 1378, 1379, 1380, -1, -1, -1, -1,
    -1, -1, -1, -1, -1, -1, -1, -1, -1, -1, -1, -1, -1, -1, -1, -1,
    -1, -1, -1, -1, -1, -1, -1, -1, -1, -1, -1, -1, -1, -1, -1, -1,
    -1, -1, -1, -1, -1, -1, -1, -1, -1, -1, -1, -1, -1, -1, -1, -1,
    -1, -1, -1, -1, -1, -1, -1, -1, -1, -1, -1, -1, -1, -1, -1, -1,
    -1, -1, -1, -1, -1, -1, -1, -1, -1, -1, -1, -1, -1, -1, -1, -1,
    -1, -1, -1, -1, -1, -1, -1, -1, -1, -1, -1, -1, -1, -1, -1, -1,
    -1, -1, -1, -1, -1, -1, -1, -1, -1, -1, -1, -1, -1, -1, -1, -1,
    -1, -1, -1, -1, -1, -1, -1, -1, -1, -1, -1, -1, -1, -1, -1, -1,
    -1, -1, -1, -1, -1, -1, -1, -1, -1, -1, -1, -1, -1, -1, -1, -1,
    -1, -1, -1, -1, -1, -1, -1, -1, -1, -1, -1, -1, -1, -1, -1, -1,
    -1, -1, -1, -1, -1, -1, -1, -1, -1, -1, -1, -1, -1, -1, -1, -1,
    -1, -1, -1, -1, -1, -1, -1, -1, -1, -1, -1, -1, -1, -1, -1, -1,
    -1, -1, -1, -1, -1, -1, -1, -1, -1, -1, -1, -1, -1, -1, -1, -1,
    -1, -1, -1, -1, -1, -1, -1, -1, -1, -1, -1, -1, -1, -1, -1, -1,
    -1, -1, -1, -1, -1, -1, -1, -1, -1, -1, -1, -1, -1, -1, -1, -1,
    -1, -1, -1, -1, -1, -1, -1, -1, -1, -1, -1, -1, -1, -1, -1, -1,
    -1, -1, -1, -1, -1, -1, -1, -1, -1, -1, -1, -1, -1, -1, -1, -1,
    -1, -1, -1, -1, -1, -1, -1, -1, -1, -1, -1, -1, -1, -1, -1, -1,
    -1, -1, -1, -1, -1, -1, -1, -1, -1, -1, -1, -1, -1, -1, -1, -1,
    -1, -1, -1, -1, -1, -1, -1, -1, -1, -1, -1, -1, -1, -1, -1, -1,
    -1, -1, -1, -1, -1, -1, -1, -1, -1, -1, -1, -1, -1, -1, -1, -1,
    -1, -1, -1, -1, -1, -1, -1, -1, -1, -1, -1, -1, -1, -1, -1, -1,
    -1, -1, -1, -1, -1, -1, -1, -1, -1, -1, -1, -1, -1, -1, -1, -1,
    -1, -1, -1, -1, -1, -1, -1, -1, -1, -1, -1, -1, -1, -1, -1, -1,
    -1, -1, -1, -1, -1, -1, -1, -1, -1, -1, -1, -1, -1, -1, -1, -1,
    -1, -1, -1, -1, -1, -1, -1, -1, -1, -1, -1, -1, -1, -1, -1, -1,
    -1, -1, -1, -1, -1, -1, -1, -1, -1, -1, -1, -1, -1, -1, -1, -1,
    -1, -1, -1, -1, -1, -1, -1, -1, -1, -1, -1, -1, -1, -1, -1, -1,
    -1, -1, -1, -1, -1, -1, -1, -1, -1, -1, -1, -1, -1, -1, -1, -1,
    -1, -1, -1, -1, -1, -1, -1, -1, -1, -1, -1, -1, -1, -1, -1, -1,
    -1, -1, -1, -1, -1, -1, -1, -1, -1, -1, -1, -1, -1, -1, -1, -1,
    -1, -1, -1, -1, -1, -1, -1, -1, -1, -1, -1, -1, -1, -1, -1, -1,
    -1, -1, -1, -1, -1, -1, -1, -1, -1, -1, -1, -1, -1, -1, -1, -1,
    -1, -1, -1, -1, -1, -1, -1, -1, -1, -1, -1, -1, -1, -1, -1, -1,
    -1, -1, -1, -1, -1, -1, -1, -1, -1, -1, -1, -1, -1, -1, -1, -1,
    -1, -1, -1, -1, -1, -1, -1, -1, -1, -1, -1, -1, -1, -1, -1, -1,
    -1, -1, -1, -1, -1, -1, -1, -1, -1, -1, -1, -1, -1, -1, -1, -1,
    -1, -1, -1, -1, -1, -1, -1, -1, -1, -1, -1, -1, -1, -1, -1, -1,
    -1, -1, -1, -1, -1, -1, -1, -1, -1, -1, -1, -1, -1, -1, -1, -1,
    1381, 1382, 1383, 1384, 1385, 1386, 1387, 1388, 1389, 1390, 1391, 1392, 1393, 1394, 1395, 1396,
    1397, 1398, 1399, 1400, 1401, 1402, 1403, 1404, 1405, 1406, 1407, 1408, 1409, 1410, 1411, 1412,
    1413, 1414, 1415, 1416, 1417, 1418, 1419, 1420, 1421, -1, -1, 1422, -1, -1, -1, -1,
    -1, -1, -1, -1, -1, -1, -1, -1, -1, -1, -1, -1, -1, -1, -1, -1,
    -1, -1, -1, -1, -1, -1, -1, -1, -1, -1, -1, -1, -1, -1, -1, -1,
    -1, -1, -1, -1, -1, -1, -1, -1, -1, -1, -1, -1, -1, -1, -1, -1,
    -1, -1, -1, -1, -1, -1, -1, -1, -1, -1, -1, -1, -1, -1, -1, -1,
    -1, -1, -1, -1, -1, -1, -1, -1, -1, -1, -1, -1, -1, -1, -1, -1,
    -1, -1, -1, -1, -1, -1, -1, -1, -1, -1, -1, -1, -1, -1, -1, -1,
    -1, -1, -1, -1, -1, -1, -1, -1, -1, -1, -1, -1, -1, -1, -1, -1,
    -1, -1, -1, -1, -1, -1, -1, -1, -1, -1, -1, -1, -1, -1, -1, -1,
    -1, -1, -1, -1, -1, -1, -1, -1, -1, -1, -1, -1, -1, -1, -1, -1,
    -1, -1, -1, -1, -1, -1, -1, -1, -1, -1, -1, -1, -1, -1, -1, -1,
    -1, -1, -1, -1, -1, -1, -1, -1, 1423, 1424, 1425, 1426, 1427, 1428, 1429, 1430,
    1431, 1432, 1433, 1434, 1435, 1436, 1437, 1438, 1439, 1440, 1441, 1442, 1443, 1444, 1445, 1446,
    1447, 1448, 1449, -1, -1, -1, -1, -1, -1, -1, -1, -1, -1, -1, -1, -1,
    -1, -1, -1, -1, -1, -1, -1, -1, -1, -1, -1, -1, -1, -1, -1, -1,
    -1, -1, -1, -1, -1, -1, -1, -1, -1, -1, -1, 1450, -1, -1, -1, -1,
    -1, -1, -1, -1, -1, -1, -1, -1, -1, 1451, -1, -1, -1, -1, -1, -1,
    -1, -1, -1, -1, -1, -1, -1, -1, -1, -1, -1, -1, -1, -1, -1, -1,
    -1, -1, -1, -1, -1, -1, -1, -1, -1, -1, -1, -1, -1, -1, -1, -1,
    -1, -1, -1, -1, -1, -1, -1, -1, -1, -1, -1, -1, -1, -1, -1, -1,
    -1, -1, -1, -1, -1, -1, -1, -1, -1, -1, -1, -1, -1, -1, -1, -1,
    -1, -1, -1, -1, -1, -1, -1, -1, -1, -1, -1, -1, -1, -1, -1, -1,
    -1, -1, -1, -1, -1, -1, -1, -1, -1, -1, -1, -1, -1, -1, -1, -1,
    -1, -1, -1, -1, -1, -1, -1, -1, -1, -1, -1, -1, -1, -1, -1, -1,
    -1, -1, -1, -1, -1, -1, -1, -1, -1, -1, -1, -1, -1, -1, -1, -1,
    -1, -1, -1, -1, -1, -1, -1, -1, -1, -1, -1, -1, -1, -1, -1, -1,
    -1, -1, -1, -1, -1, -1, -1, -1, -1, -1, -1, -1, -1, -1, -1, -1,
    -1, -1, -1, -1, -1, -1, -1, -1, -1, -1, -1, -1, -1, -1, -1, -1,
    -1, -1, -1, -1, -1, -1, -1, -1, -1, -1, -1, -1, -1, -1, -1, -1,
    -1, -1, -1, -1, -1, -1, -1, -1, -1, -1, -1, -1, -1, -1, -1, -1,
    -1, -1, -1, -1, -1, -1, -1, -1, -1, -1, -1, -1, -1, -1, -1, -1,
    -1, -1, -1, -1, -1, -1, -1, -1, -1, -1, -1, -1, -1, -1, -1, -1,
    -1, -1, -1, -1, -1, -1, -1, -1, -1, -1, -1, -1, -1, -1, -1, -1,
    -1, -1, -1, -1, -1, -1, -1, -1, -1, -1, -1, -1, -1, -1, -1, -1,
    -1, -1, -1, -1, -1, -1, -1, -1, -1, -1, -1, -1, -1, -1, -1, -1,
    -1, -1, -1, -1, -1, -1, -1, -1, -1, -1, -1, -1, -1, -1, -1, -1,
    -1, -1, -1, -1, -1, -1, -1, -1, -1, -1, -1, -1, -1, -1, -1, -1,
    -1, -1, -1, -1, -1, -1, -1, -1, -1, -1, -1, -1, -1, -1, -1, -1,
    -1, -1, -1, -1, -1, -1, -1, -1, -1, -1, -1, -1, -1, -1, -1, -1,
    -1, -1, -1, -1, -1, -1, -1, -1, -1, -1, -1, -1, -1, -1, -1, -1,
    -1, -1, -1, -1, -1, -1, -1, -1, -1, -1, -1, -1, -1, -1, -1, -1,
    -1, -1, -1, -1, -1, -1, -1, -1, -1, -1, -1, -1, -1, -1, -1, -1,
    -1, -1, -1, -1, -1, -1, -1, -1, -1, -1, -1, -1, -1, -1, -1, -1,
    -1, -1, -1, -1, -1, -1, -1, -1, -1, -1, -1, -1, -1, -1, -1, -1,
    -1, -1, -1, -1, -1, -1, -1, -1, -1, -1, -1, -1, -1, -1, -1, -1,
    -1, -1, -1, -1, -1, -1, -1, -1, -1, -1, -1, -1, -1, -1, -1, -1,
    -1, -1, -1, -1, -1, -1, -1, -1, -1, -1, -1, -1, -1, -1, -1, -1,
    -1, -1, -1, -1, -1, -1, -1, -1, -1, -1, -1, -1, -1, -1, -1, -1,
    -1, -1, -1, -1, -1, -1, -1, -1, -1, -1, -1, -1, -1, -1, -1, -1,
    -1, -1, -1, -1, -1, -1, -1, -1, -1, -1, -1, -1, -1, -1, -1, -1,
    -1, -1, -1, -1, -1, -1, -1, -1, -1, -1, -1, -1, -1, -1, -1, -1,
    -1, -1, -1, -1, -1, -1, -1, -1, -1, -1, -1, -1, -1, -1, -1, -1,
    -1, -1, -1, -1, -1, -1, -1, -1, -1, -1, -1, -1, -1, -1, -1, -1,
    -1, -1, -1, -1, -1, -1, -1, -1, -1, -1, -1, -1, -1, -1, -1, -1,
    -1, -1, -1, -1, -1, -1, -1, -1, -1, -1, -1, -1, -1, -1, -1, -1,
    -1, -1, -1, -1, -1, -1, -1, -1, -1, -1, -1, -1, -1, -1, -1, -1,
    -1, -1, -1, -1, -1, -1, -1, -1, -1, -1, -1, -1, -1, -1, -1, -1,
    -1, -1, -1, -1, -1, -1, -1, -1, -1, -1, -1, -1, -1, -1, -1, -1,
    -1, -1, -1, -1, -1, -1, -1, -1, -1, -1, -1, -1, -1, -1, -1, -1,
    -1, -1, -1, -1, -1, -1, -1, -1, -1, -1, -1, -1, -1, -1, -1, -1,
    -1, -1, -1, -1, -1, -1, -1, -1, -1, -1, -1, -1, -1, -1, -1, -1,
    -1, -1, -1, -1, -1, -1, -1, -1, -1, -1, -1, -1, -1, -1, -1, -1,
    -1, -1, -1, -1, -1, -1, -1, -1, -1, -1, -1, -1, -1, -1, -1, -1,
    -1, -1, -1, -1, -1, -1, -1, -1, -1, -1, -1, -1, -1, -1, -1, -1,
    -1, -1, -1, -1, -1, -1, -1, -1, -1, -1, -1, -1, -1, -1, -1, -1,
    -1, -1, -1, -1, -1, -1, -1, -1, -1, -1, -1, -1, -1, -1, -1, -1,
    -1, -1, -1, -1, -1, -1, -1, -1, -1, -1, -1, -1, -1, -1, -1, -1,
    -1, -1, -1, -1, -1, -1, -1, -1, -1, -1, -1, -1, -1, -1, -1, -1,
    -1, -1, -1, -1, -1, -1, -1, -1, -1, -1, -1, -1, -1, -1, -1, -1,
    -1, -1, -1, -1, -1, -1, -1, -1, -1, -1, -1, -1, -1, -1, -1, -1,
    -1, -1, -1, -1, -1, -1, -1, -1, -1, -1, -1, -1, -1, -1, -1, -1,
    -1, -1, -1, -1, -1, -1, -1, -1, -1, -1, -1, -1, -1, -1, -1, -1,
    -1, -1, -1, -1, -1, -1, -1, -1, -1, -1, -1, -1, -1, -1, -1, -1,
    -1, -1, -1, -1, -1, -1, -1, -1, -1, -1, -1, -1, -1, -1, -1, -1,
    -1, -1, -1, -1, -1, -1, -1, -1, -1, -1, -1, -1, -1, -1, -1, -1,
    -1, -1, -1, -1, -1, -1, -1, -1, -1, -1, -1, -1, -1, -1, -1, -1,
    -1, -1, -1, -1, -1, -1, -1, -1, -1, -1, -1, -1, -1, -1, -1, -1,
    -1, -1, -1, -1, -1, -1, -1, -1, -1, -1, -1, -1, -1, -1, -1, -1,
    -1, -1, -1, -1, -1, -1, -1, -1, -1, -1, -1, -1, -1, -1, -1, -1,
    -1, -1, -1, -1, -1, -1, -1, -1, -1, -1, -1, -1, -1, -1, -1, -1,
    -1, -1, -1, -1, -1, -1, -1, -1, -1, -1, -1, -1, -1, -1, -1, -1,
    -1, -1, -1, -1, -1, -1, -1, -1, -1, -1, -1, -1, -1, -1, -1, -1,
    -1, -1, -1, -1, -1, -1, -1, -1, -1, -1, -1, -1, -1, -1, -1, -1,
    -1, -1, -1, -1, -1, -1, -1, -1, -1, -1, -1, -1, -1, -1, -1, -1,
    -1, -1, -1, -1, -1, -1, -1, -1, -1, -1, -1, -1, -1, -1, -1, -1,
    -1, -1, -1, -1, -1, -1, -1, -1, -1, -1, -1, -1, -1, -1, -1, -1,
    -1, -1, -1, -1, -1, -1, -1, -1, -1, -1, -1, -1, -1, -1, -1, -1,
    -1, -1, -1, -1, -1, -1, -1, -1, -1, -1, -1, -1, -1, -1, -1, -1,
    -1, -1, -1, -1, -1, -1, -1, -1, -1, -1, -1, -1, -1, -1, -1, -1,
    1452, 1453, 1454, 1455, 1456, 1457, 1458, 1459, 1460, 1461, 1462, 1463, 1464, 1465, 1466, 1467,
    1468, 1469, 1470, 1471, 1472, 1473, 1474, 1475, 1476, 1477, 1478, 1479, 1480, -1, -1, -1,
    1481, 1482, 1483, 1484, 1485, 1486, 1487, 1488, 1489, 1490, 1491, 1492, 1493, 1494, 1495, 1496,
    1497, 1498, 1499, 1500, 1501, 1502, 1503, 1504, 1505, 1506, 1507, 1508, 1509, 1510, 1511, 1512,
    1513, 1514, 1515, 1516, 1517, 1518, 1519, 1520, 1521, 1522, 1523, 1524, 1525, 1526, 1527, 1528,
    1529, 1530, 1531, 1532, 1533, 1534, 1535, 1536, 1537, 1538, 1539, 1540, 1541, 1542, 1543, 1544,
    1545, 1546, 1547, 1548, 1549, 1550, 1551, 1552, 1553, 1554, 1555, 1556, 1557, 1558, 1559, 1560,
    1561, -1, -1, -1, -1, -1, -1, -1, -1, -1, -1, -1, -1, -1, -1, -1,
    -1, -1, -1, -1, -1, -1, -1, -1, -1, -1, -1, -1, -1, -1, -1, -1,
    -1, -1, -1, -1, -1, -1, -1, -1, -1, -1, -1, -1, -1, -1, -1, -1,
    -1, -1, -1, -1, -1, -1, -1, -1, -1, -1, -1, -1, -1, -1, -1, -1,
    -1, -1, -1, -1, -1, -1, -1, -1, -1, -1, -1, -1, -1, -1, -1, -1,
    -1, -1, -1, -1, -1, -1, -1, -1, -1, -1, -1, -1, -1, -1, -1, -1,
    -1, -1, -1, -1, -1, -1, -1, -1, -1, -1, -1, -1, -1, -1, -1, -1,
    -1, -1, -1, -1, -1, -1, -1, -1, -1, -1, -1, -1, -1, -1, -1, -1,
    -1, -1, -1, -1, -1, -1, -1, -1, -1, -1, -1, -1, -1, -1, -1, -1,
    -1, -1, -1, -1, -1, -1, -1, -1, -1, -1, -1, -1, -1, -1, -1, -1,
    -1, -1, -1, -1, -1, -1, -1, -1, -1, -1, -1, -1, -1, -1, -1, -1,
    -1, -1, -1, -1, -1, -1, -1, -1, -1, -1, -1, -1, -1, -1, -1, -1,
    -1, -1, -1, -1, -1, -1, -1, -1, -1, -1, -1, -1, -1, -1, -1, -1,
    -1, -1, -1, -1, -1, -1, -1, -1, -1, -1, -1, -1, -1, -1, -1, -1,
    -1, -1, -1, -1, -1, -1, -1, -1, -1, -1, -1, -1, -1, -1, -1, -1,
    -1, -1, -1, -1, -1, -1, -1, -1, -1, -1, -1, -1, -1, -1, -1, -1,
    -1, -1, -1, -1, -1, -1, -1, -1, -1, -1, -1, -1, -1, -1, -1, -1,
    -1, -1, -1, -1, -1, -1, -1, -1, -1, -1, -1, -1, -1, -1, -1, -1,
    -1, -1, -1, -1, -1, -1, -1, -1, -1, -1, -1, -1, -1, -1, -1, -1,
    -1, -1, -1, -1, -1, -1, -1, -1, -1, -1, -1, -1, -1, -1, -1, -1,
    -1, -1, -1, -1, -1, -1, -1, -1, -1, -1, -1, -1, -1, -1, -1, -1,
    -1, -1, -1, -1, -1, -1, -1, -1, -1, -1, -1, -1, -1, -1, -1, -1,
    -1, -1, -1, -1, -1, -1, -1, -1, -1, -1, -1, -1, -1, -1, -1, -1,
    -1, -1, -1, -1, -1, -1, -1, -1, -1, -1, -1, -1, -1, -1, -1, -1,
    -1, -1, -1, -1, -1, -1, -1, -1, -1, -1, -1, -1, -1, -1, -1, -1,
    -1, -1, -1, -1, -1, -1, -1, -1, -1, -1, -1, -1, -1, -1, -1, -1,
    -1, -1, -1, -1, -1, -1, -1, -1, -1, -1, -1, -1, -1, -1, -1, -1,
    -1, -1, -1, -1, -1, -1, -1, -1, -1, -1, -1, -1, -1, -1, -1, -1,
    -1, -1, -1, -1, -1, -1, -1, -1, -1, -1, -1, -1, -1, -1, -1, -1,
    -1, -1, -1, -1, -1, -1, -1, -1, -1, -1, -1, -1, -1, -1, -1, -1,
    -1, -1, -1, -1, -1, -1, -1, -1, -1, -1, -1, -1, -1, -1, -1, -1,
    -1, -1, -1, -1, -1, -1, -1, -1, -1, -1, -1, -1, -1, -1, -1, -1,
    -1, -1, -1, -1, -1, -1, -1, -1, -1, -1, -1, -1, -1, -1, -1, -1,
    -1, -1, -1, -1, -1, -1, -1, -1, -1, -1, -1, -1, -1, -1, -1, -1,
    -1, -1, -1, -1, -1, -1, -1, -1, -1, -1, -1, -1, -1, -1, -1, -1,
    -1, -1, -1, -1, -1, -1, -1, -1, -1, -1, -1, -1, -1, -1, -1, -1,
    -1, -1, -1, -1, -1, -1, -1, -1, -1, -1, -1, -1, -1, -1, -1, -1,
    -1, -1, -1, -1, -1, -1, -1, -1, -1, -1, -1, -1, -1, -1, -1, -1,
    -1, -1, -1, -1, -1, -1, -1, -1, -1, -1, -1, -1, -1, -1, -1, -1,
    -1, -1, -1, -1, -1, -1, -1, -1, -1, -1, -1, -1, -1, -1, -1, -1,
    -1, -1, -1, -1, -1, -1, -1, -1, -1, -1, -1, -1, -1, -1, -1, -1,
    -1, -1, -1, -1, -1, -1, -1, -1, -1, -1, -1, -1, -1, -1, -1, -1,
    -1, -1, -1, -1, -1, -1, -1, -1, -1, -1, -1, -1, -1, -1, -1, -1,
    -1, -1, -1, -1, -1, -1, -1, -1, -1, -1, -1, -1, -1, -1, -1, -1,
    -1, -1, -1, -1, -1, -1, -1, -1, -1, -1, -1, -1, -1, -1, -1, -1,
    -1, -1, -1, -1, -1, -1, -1, -1, -1, -1, -1, -1, -1, -1, -1, -1,
    -1, -1, -1, -1, -1, -1, -1, -1, -1, -1, -1, -1, -1, -1, -1, -1,
    -1, -1, -1, -1, -1, -1, -1, -1, -1, -1, -1, -1, -1, -1, -1, -1,
    -1, -1, -1, -1, -1, -1, -1, -1, -1, -1, -1, -1, -1, -1, -1, -1,
    -1, -1, -1, -1, -1, -1, -1, -1, -1, -1, -1, -1, -1, -1, -1, -1,
    -1, -1, -1, -1, -1, -1, -1, -1, -1, -1, -1, -1, -1, -1, -1, -1,
    -1, -1, -1, -1, -1, -1, -1, -1, -1, -1, -1, -1, -1, -1, -1, -1,
    -1, -1, -1, -1, -1, -1, -1, -1, -1, -1, -1, -1, -1, -1, -1, -1,
    -1, -1, -1, -1, -1, -1, -1, -1, -1, -1, -1, -1, -1, -1, -1, -1,
    -1, -1, -1, -1, -1, -1, -1, -1, -1, -1, -1, -1, -1, -1, -1, -1,
    -1, -1, -1, -1, -1, -1, -1, -1, -1, -1, -1, -1, -1, -1, -1, -1,
    -1, -1, -1, -1, -1, -1, -1, -1, -1, -1, -1, -1, -1, -1, -1, -1,
    -1, -1, -1, -1, -1, -1, -1, -1, -1, -1, -1, -1, -1, -1, -1, -1,
    -1, -1, -1, -1, -1, -1, -1, -1, -1, -1, -1, -1, -1, -1, -1, -1,
    -1, -1, -1, -1, -1, -1, -1, -1, -1, -1, -1, -1, -1, -1, -1, -1,
    -1, -1, -1, -1, -1, -1, -1, -1, -1, -1, -1, -1, -1, -1, -1, -1,
    -1, -1, -1, -1, -1, -1, -1, -1, -1, -1, -1, -1, -1, -1, -1, -1,
    -1, -1, -1, -1, -1, -1, -1, -1, -1, -1, -1, -1, -1, -1, -1, -1,
    -1, -1, -1, -1, -1, -1, -1, -1, -1, -1, -1, -1, -1, -1, -1, -1,
    -1, -1, -1, -1, -1, -1, -1, -1, -1, -1, -1, -1, -1, -1, -1, -1,
    -1, -1, -1, -1, -1, -1, -1, -1, -1, -1, -1, -1, -1, -1, -1, -1,
    -1, -1, -1, -1, -1, -1, -1, -1, -1, -1, -1, -1, -1, -1, -1, -1,
    -1, -1, -1, -1, -1, -1, -1, -1, -1, -1, -1, -1, -1, -1, -1, -1,
    -1, -1, -1, -1, -1, -1, -1, -1, -1, -1, -1, -1, -1, -1, -1, -1,
    -1, -1, -1, -1, -1, -1, -1, -1, -1, -1, -1, -1, -1, -1, -1, -1,
    -1, -1, -1, -1, -1, -1, -1, -1, -1, -1, -1, -1, -1, -1, -1, -1,
    -1, -1, -1, -1, -1, -1, -1, -1, -1, -1, -1, -1, -1, -1, -1, -1,
    -1, -1, -1, -1, -1, -1, -1, -1, -1, -1, -1, -1, -1, -1, -1, -1,
    -1, -1, -1, -1, -1, -1, -1, -1, -1, -1, -1, -1, -1, -1, -1, -1,
    -1, -1, -1, -1, -1, -1, -1, -1, -1, -1, -1, -1, -1, -1, -1, -1,
    -1, -1, -1, -1, -1, -1, -1, -1, -1, -1, -1, -1, -1, -1, -1, -1,
    -1, -1, -1, -1, -1, -1, -1, -1, -1, -1, -1, -1, -1, -1, -1, -1,
    -1, -1, -1, -1, -1, -1, -1, -1, -1, -1, -1, -1, -1, -1, -1, -1,
    -1, -1, -1, -1, -1, -1, -1, -1, -1, -1, -1, -1, -1, -1, -1, -1,
    -1, -1, -1, -1, -1, -1, -1, -1, -1, -1, -1, -1, -1, -1, -1, -1,
    -1, -1, -1, -1, -1, -1, -1, -1, -1, -1, -1, -1, -1, -1, -1, -1,
    -1, -1, -1, -1, -1, -1, -1, -1, -1, -1, -1, -1, -1, -1, -1, -1,
    -1, -1, -1, -1, -1, -1, -1, -1, -1, -1, -1, -1, -1, -1, -1, -1,
    -1, -1, -1, -1, -1, -1, -1, -1, -1, -1, -1, -1, -1, -1, -1, -1,
    -1, -1, -1, -1, -1, -1, -1, -1, -1, -1, -1, -1, -1, -1, -1, -1,
    -1, -1, -1, -1, -1, -1, -1, -1, -1, -1, -1, -1, -1, -1, -1, -1,
    -1, -1, -1, -1, -1, -1, -1, -1, -1, -1, -1, -1, -1, -1, -1, -1,
    -1, -1, -1, -1, -1, -1, -1, -1, -1, -1, -1, -1, -1, -1, -1, -1,
    -1, -1, -1, -1, -1, -1, -1, -1, -1, -1, -1, -1, -1, -1, -1, -1,
    -1, -1, -1, -1, -1, -1, -1, -1, -1, -1, -1, -1, -1, -1, -1, -1,
    -1, -1, -1, -1, -1, -1, -1, -1, -1, -1, -1, -1, -1, -1, -1, -1,
    -1, -1, -1, -1, -1, -1, -1, -1, -1, -1, -1, -1, -1, -1, -1, -1,
    -1, -1, -1, -1, -1, -1, -1, -1, -1, -1, -1, -1, -1, -1, -1, -1,
    -1, -1, -1, -1, -1, -1, -1, -1, -1, -1, -1, -1, -1, -1, -1, -1,
    -1, -1, -1, -1, -1, -1, -1, -1, -1, -1, -1, -1, -1, -1, -1, -1,
    -1, -1, -1, -1, -1, -1, -1, -1, -1, -1, -1, -1, -1, -1, -1, -1,
    -1, -1, -1, -1, -1, -1, -1, -1, -1, -1, -1, -1, -1, -1, -1, -1,
    -1, -1, -1, -1, -1, -1, -1, -1, -1, -1, -1, -1, -1, -1, -1, -1,
    -1, -1, -1, -1, -1, -1, -1, -1, -1, -1, -1, -1, -1, -1, -1, -1,
    -1, -1, -1, -1, -1, -1, -1, -1, -1, -1, -1, -1, -1, -1, -1, -1,
    -1, -1, -1, -1, -1, -1, -1, -1, -1, -1, -1, -1, -1, -1, -1, -1,
    -1, -1, -1, -1, -1, -1, -1, -1, -1, -1, -1, -1, -1, -1, -1, -1,
    -1, -1, -1, -1, -1, -1, -1, -1, -1, -1, -1, -1, -1, -1, -1, -1,
    -1, -1, -1, -1, -1, -1, -1, -1, -1, -1, -1, -1, -1, -1, -1, -1,
    -1, -1, -1, -1, -1, -1, -1, -1, -1, -1, -1, -1, -1, -1, -1, -1,
    -1, -1, -1, -1, -1, -1, -1, -1, -1, -1, -1, -1, -1, -1, -1, -1,
    -1, -1, -1, -1, -1, -1, -1, -1, -1, -1, -1, -1, -1, -1, -1, -1,
    -1, -1, -1, -1, -1, -1, -1, -1, -1, -1, -1, -1, -1, -1, -1, -1,
    -1, -1, -1, -1, -1, -1, -1, -1, -1, -1, -1, -1, -1, -1, -1, -1,
    -1, -1, -1, -1, -1, -1, -1, -1, -1, -1, -1, -1, -1, -1, -1, -1,
    -1, -1, -1, -1, -1, -1, -1, -1, -1, -1, -1, -1, -1, -1, -1, -1,
    -1, -1, -1, -1, -1, -1, -1, -1, -1, -1, -1, -1, -1, -1, -1, -1,
    -1, -1, -1, -1, -1, -1, -1, -1, -1, -1, -1, -1, -1, -1, -1, -1,
    1562, 1563, 1564, 1565, 1566, 1567, 1568, 1569, 1570, 1571, 1572, 1573, 1574, 1575, 1576, 1577,
    1578, 1579, 1580, 1581, 1582, 1583, 1584, 1585, 1586, 1587, 1588, 1589, 1590, 1591, 1592, 1593,
    1594, 1595, 1596, 1597, 1598, 1599, 1600, 1601, 1602, 1603, 1604, 1605, 1606, 1607, 1608, 1609,
    1610, 1611, 1612, 1613, 1614, 1615, 1616, 1617, 1618, 1619, 1620, 1621, 1622, 1623, 1624, 1625,
    1626, 1627, 1628, 1629, 1630, 1631, 1632, 1633, 1634, 1635, 1636, 1637, 1638, 1639, 1640, 1641,
    1642, 1643, 1644, 1645, 1646, 1647, 1648, 1649, 1650, 1651, 1652, 1653, 1654, 1655, 1656, 1657,
    1658, 1659, 1660, 1661, 1662, 1663, 1664, 1665, 1666, 1667, 1668, 1669, 1670, 1671, 1672, 1673,
    1674, 1675, 1676, 1677, 1678, 1679, 1680, 1681, 1682, 1683, 1684, 1685, 1686, 1687, 1688, 1689,
    1690, 1691, 1692, 1693, 1694, 1695, 1696, 1697, 1698, 1699, 1700, 1701, 1702, 1703, 1704, 1705,
    1706, 1707, 1708, 1709, 1710, 1711, 1712, 1713, 1714, 1715, 1716, 1717, 1718, 1719, 1720, 1721,
    1722, 1723, 1724, 1725, 1726, 1727, 1728, 1729, 1730, 1731, 1732, 1733, 1734, 1735, 1736, 1737,
    1738, 1739, 1740, 1741, 1742, 1743, 1744, 1745, 1746, 1747, 1748, 1749, 1750, 1751, 1752, 1753,
    1754, 1755, 1756, 1757, 1758, 1759, 1760, 1761, 1762, 1763, 1764, 1765, 1766, 1767, 1768, 1769,
    1770, 1771, 1772, 1773, 1774, 1775, 1776, 1777, 1778, 1779, 1780, 1781, 1782, 1783, 1784, 1785,
    1786, 1787, 1788, 1789, 1790, 1791, 1792, 1793, 1794, 1795, 1796, 1797, 1798, 1799, 1800, 1801,
    1802, 1803, 1804, 1805, 1806, 1807, 1808, 1809, 1810, 1811, 1812, 1813, 1814, 1815, 1816, 1817,
    1818, 1819, 1820, 1821, 1822, 1823, 1824, 1825, 1826, 1827, 1828, 1829, 1830, 1831, 1832, 1833,
    1834, 1835, 1836, 1837, 1838, 1839, -1, -1, 1840, 1841, 1842, 1843, 1844, 1845, -1, -1,
    1846, 1847, 1848, 1849, 1850, 1851, 1852, 1853, 1854, 1855, 1856, 1857, 1858, 1859, 1860, 1861,
    1862, 1863, 1864, 1865, 1866, 1867, 1868, 1869, 1870, 1871, 1872, 1873, 1874, 1875, 1876, 1877,
    1878, 1879, 1880, 1881, 1882, 1883, -1, -1, 1884, 1885, 1886, 1887, 1888, 1889, -1, -1,
    1890, 1891, 1892, 1893, 1894, 1895, 1896, 1897, -1, 1898, -1, 1899, -1, 1900, -1, 1901,
    1902, 1903, 1904, 1905, 1906, 1907, 1908, 1909, 1910, 1911, 1912, 1913, 1914, 1915, 1916, 1917,
    1918, 1919, 1920, 1921, 1922, 1923, 1924, 1925, 1926, 1927, 1928, 1929, 1930, 1931, -1, -1,
    1932, 1933, 1934, 1935, 1936, 1937, 1938, 1939, 1940, 1941, 1942, 1943, 1944, 1945, 1946, 1947,
    1948, 1949, 1950, 1951, 1952, 1953, 1954, 1955, 1956, 1957, 1958, 1959, 1960, 1961, 1962, 1963,
    1964, 1965, 1966, 1967, 1968, 1969, 1970, 1971, 1972, 1973, 1974, 1975, 1976, 1977, 1978, 1979,
    1980, 1981, 1982, 1983, 1984, -1, 1985, 1986, 1987, 1988, 1989, 1990, 1991, 1992, 1993, 1994,
    1995, 1996, 1997, 1998, 1999, -1, 2000, 2001, 2002, 2003, 2004, 2005, 2006, 2007, 2008, 2009,
    2010, 2011, 2012, 2013, -1, -1, 2014, 2015, 2016, 2017, 2018, 2019, -1, 2020, 2021, 2022,
    2023, 2024, 2025, 2026, 2027, 2028, 2029, 2030, 2031, 2032, 2033, 2034, 2035, 2036, 2037, 2038,
    -1, -1, 2039, 2040, 2041, -1, 2042, 2043, 2044, 2045, 2046, 2047, 2048, 2049, 2050, -1,
    2051, 2052, 2053, 2054, 2055, 2056, 2057, 2058, 2059, 2060, 2061, 2062, 2063, 2064, 2065, 2066,
    2067, 2068, 2069, 2070, 2071, 2072, 2073, 2074, 2075, 2076, 2077, 2078, 2079, 2080, 2081, 2082,
    2083, 2084, 2085, 2086, 2087, 2088, 2089, 2090, -1, -1, -1, -1, -1, -1, -1, 2091,
    2092, 2093, 2094, 2095, 2096, 2097, 2098, 2099, 2100, 2101, 2102, 2103, 2104, 2105, 2106, 2107,
    2108, 2109, 2110, 2111, 2112, 2113, 2114, 2115, 2116, 2117, 2118, 2119, 2120, 2121, 2122, 2123,
    2124, 2125, 2126, -1, -1, -1, -1, 2127, -1, -1, -1, -1, -1, -1, -1, 2128,
    2129, 2130, 2131, 2132, -1, -1, -1, -1, -1, -1, -1, -1, -1, -1, -1, -1,
    2133, 2134, -1, -1, 2135, 2136, 2137, 2138, 2139, 2140, 2141, 2142, 2143, 2144, 2145, 2146,
    2147, 2148, 2149, 2150, 2151, 2152, 2153, 2154, 2155, 2156, 2157, 2158, 2159, 2160, 2161, -1,
    -1, -1, -1, -1, -1, -1, -1, -1, -1, -1, -1, -1, -1, -1, -1, -1,
    2162, 2163, 2164, 2165, 2166, 2167, 2168, 2169, 2170, 2171, 2172, 2173, 2174, 2175, 2176, 2177,
    2178, 2179, -1, -1, -1, -1, -1, -1, -1, -1, -1, -1, -1, -1, -1, -1,
    -1, -1, -1, -1, -1, -1, -1, -1, -1, -1, -1, -1, -1, -1, -1, -1,
    2180, 2181, 2182, 2183, 2184, 2185, 2186, 2187, 2188, 2189, 2190, 2191, 2192, 2193, 2194, 2195,
    2196, 2197, 2198, 2199, 2200, 2201, 2202, 2203, 2204, 2205, 2206, -1, -1, -1, -1, -1,
    -1, -1, -1, -1, -1, -1, -1, -1, -1, -1, -1, -1, -1, -1, -1, -1,
    2207, 2208, 2209, 2210, 2211, 2212, 2213, 2214, 2215, 2216, 2217, 2218, 2219, 2220, 2221, 2222,
    2223, 2224, 2225, 2226, 2227, 2228, 2229, 2230, 2231, 2232, 2233, 2234, 2235, 2236, 2237, 2238,
    2239, 2240, 2241, 2242, 2243, 2244, 2245, 2246, 2247, 2248, 2249, 2250, 2251, 2252, 2253, 2254,
    2255, 2256, 2257, 2258, 2259, 2260, 2261, 2262, 2263, 2264, 2265, -1, -1, 2266, 2267, 2268,
    2269, 2270, 2271, 2272, 2273, 2274, 2275, 2276, 2277, 2278, 2279, 2280, -1, -1, -1, -1,
    -1, -1, -1, 2281, 2282, 2283, 2284, 2285, 2286, 2287, 2288, 2289, 2290, 2291, 2292, 2293,
    2294, 2295, 2296, 2297, 2298, 2299, 2300, 2301, 2302, 2303, 2304, 2305, 2306, 2307, 2308, 2309,
    2310, 2311, 2312, 2313, 2314, 2315, 2316, 2317, 2318, 2319, 2320, 2321, 2322, 2323, 2324, 2325,
    2326, 2327, 2328, 2329, -1, -1, -1, -1, -1, -1, -1, -1, -1, -1, -1, -1,
    2330, 2331, 2332, 2333, 2334, 2335, 2336, 2337, 2338, 2339, 2340, 2341, 2342, 2343, 2344, 2345,
    2346, 2347, 2348, 2349, 2350, 2351, 2352, 2353, 2354, 2355, 2356, 2357, 2358, 2359, 2360, 2361,
    2362, 2363, 2364, 2365, 2366, 2367, 2368, 2369, 2370, 2371, 2372, 2373, 2374, 2375, 2376, 2377,
    2378, 2379, 2380, 2381, 2382, 2383, 2384, 2385, 2386, 2387, 2388, 2389, 2390, 2391, 2392, 2393,
    2394, 2395, 2396, 2397, 2398, 2399, 2400, 2401, 2402, 2403, 2404, 2405, 2406, 2407, 2408, 2409,
    2410, 2411, 2412, 2413, 2414, 2415, 2416, 2417, 2418, 2419, 2420, 2421, 2422, 2423, 2424, 2425,
    2426, 2427, 2428, 2429, 2430, 2431, 2432, 2433, 2434, 2435, 2436, 2437, 2438, 2439, 2440, 2441,
    2442, 2443, 2444, 2445, 2446, 2447, 2448, 2449, 2450, 2451, 2452, 2453, 2454, 2455, 2456, 2457,
    2458, 2459, 2460, 2461, 2462, 2463, 2464, 2465, 2466, 2467, 2468, 2469, 2470, 2471, 2472, 2473,
    2474, 2475, 2476, 2477, 2478, 2479, 2480, 2481, 2482, 2483, 2484, 2485, 2486, 2487, 2488, 2489,
    2490, 2491, 2492, 2493, 2494, 2495, 2496, 2497, 2498, 2499, 2500, 2501, 2502, 2503, 2504, 2505,
    2506, 2507, 2508, 2509, 2510, 2511, 2512, 2513, 2514, 2515, 2516, 2517, 2518, 2519, 2520, 2521,
    2522, 2523, 2524, 2525, 2526, 2527, 2528, 2529, 2530, 2531, 2532, 2533, 2534, 2535, 2536, 2537,
    2538, 2539, 2540, 2541, 2542, 2543, 2544, 2545, 2546, 2547, 2548, 2549, 2550, 2551, 2552, 2553,
    2554, 2555, 2556, 2557, 2558, 2559, 2560, 2561, 2562, 2563, 2564, 2565, 2566, 2567, 2568, 2569,
    2570, 2571, 2572, 2573, 2574, 2575, 2576, 2577, 2578, 2579, 2580, 2581, 2582, 2583, 2584, 2585,
    2586, 2587, 2588, 2589, 2590, 2591, 2592, 2593, 2594, 2595, 2596, 2597, 2598, 2599, 2600, 2601,
    2602, 2603, 2604, 2605, 2606, 2607, 2608, 2609, 2610, 2611, 2612, 2613, 2614, 2615, 2616, 2617,
    2618, 2619, 2620, 2621, 2622, 2623, 2624, 2625, 2626, 2627, 2628, 2629, 2630, 2631, 2632, 2633,
    2634, 2635, 2636, 2637, 2638, 2639, 2640, 2641, 2642, 2643, 2644, 2645, 2646, 2647, 2648, 2649,
    2650, 2651, 2652, 2653, 2654, 2655, 2656, 2657, 2658, 2659, 2660, 2661, 2662, 2663, 2664, 2665,
    2666, 2667, 2668, 2669, 2670, 2671, 2672, 2673, 2674, 2675, 2676, 2677, 2678, 2679, 2680, 2681,
    2682, 2683, 2684, 2685, 2686, 2687, 2688, 2689, 2690, 2691, 2692, 2693, 2694, 2695, 2696, 2697,
    2698, 2699, 2700, 2701, 2702, 2703, 2704, 2705, 2706, 2707, 2708, 2709, 2710, 2711, 2712, 2713,
    2714, 2715, 2716, 2717, 2718, 2719, 2720, 2721, 2722, 2723, 2724, 2725, 2726, 2727, 2728, 2729,
    2730, 2731, 2732, 2733, 2734, 2735, 2736, 2737, 2738, -1, -1, 2739, 2740, 2741, 2742, 2743,
    2744, 2745, 2746, 2747, 2748, 2749, 2750, 2751, 2752, 2753, 2754, 2755, 2756, 2757, 2758, 2759,
    2760, 2761, 2762, 2763, 2764, 2765, 2766, 2767, 2768, 2769, 2770, 2771, 2772, 2773, 2774, 2775,
    2776, 2777, 2778, 2779, 2780, 2781, 2782, 2783, 2784, 2785, 2786, 2787, 2788, 2789, 2790, 2791,
    2792, 2793, 2794, 2795, 2796, 2797, 2798, 2799, 2800, 2801, 2802, 2803, 2804, 2805, 2806, 2807,
    2808, 2809, 2810, 2811, 2812, 2813, 2814, 2815, 2816, 2817, 2818, 2819, 2820, 2821, 2822, 2823,
    2824, 2825, 2826, 2827, 2828, 2829, 2830, 2831, 2832, 2833, 2834, 2835, 2836, 2837, 2838, 2839,
    2840, 2841, 2842, 2843, 2844, 2845, 2846, 2847, 2848, 2849, 2850, 2851, 2852, 2853, 2854, 2855,
    2856, 2857, 2858, 2859, 2860, 2861, 2862, 2863, 2864, 2865, 2866, 2867, 2868, 2869, 2870, 2871,
    2872, 2873, 2874, 2875, 2876, 2877, 2878, 2879, 2880, 2881, 2882, 2883, 2884, 2885, 2886, 2887,
    2888, 2889, 2890, 2891, 2892, 2893, 2894, 2895, 2896, 2897, 2898, 2899, 2900, 2901, 2902, -1,
    -1, -1, -1, -1, -1, -1, -1, -1, -1, -1, -1, -1, -1, -1, -1, -1,
    -1, -1, -1, -1, -1, -1, -1, -1, -1, -1, -1, -1, -1, -1, -1, -1,
    -1, -1, -1, -1, -1, -1, -1, -1, -1, -1, -1, -1, -1, -1, -1, -1,
    2903, 2904, 2905, 2906, 2907, 2908, 2909, 2910, 2911, 2912, 2913, 2914, 2915, 2916, 2917, 2918,
    2919, 2920, 2921, 2922, 2923, 2924, 2925, 2926, 2927, 2928, 2929, 2930, 2931, 2932, 2933, 2934,
    2935, 2936, 2937, 2938, 2939, 2940, 2941, -1, -1, -1, -1, -1, -1, -1, -1, -1,
    -1, -1, -1, -1, -1, -1, -1, -1, -1, -1, -1, -1, -1, -1, -1, -1,
    2942, 2943, 2944, 2945, 2946, 2947, 2948, 2949, 2950, 2951, 2952, -1, -1, -1, -1, -1,
    -1, -1, -1, -1, -1, -1, -1, -1, -1, -1, -1, -1, -1, -1, -1, -1,
    2953, 2954, 2955, 2956, 2957, 2958, 2959, 2960, 2961, 2962, 2963, 2964, 2965, 2966, 2967, 2968,
    2969, 2970, 2971, 2972, 2973, 2974, 2975, 2976, 2977, 2978, 2979, 2980, 2981, 2982, 2983, 2984,
    2985, 2986, 2987, 2988, 2989, 2990, 2991, -1, -1, -1, -1, -1, -1, -1, -1, -1,
    -1, -1, -1, -1, -1, -1, -1, -1, -1, -1, -1, -1, -1, -1, -1, -1,
    -1, -1, -1, -1, -1, -1, -1, -1, -1, -1, -1, -1, -1, -1, -1, -1,
    -1, -1, -1, -1, -1, -1, -1, -1, -1, -1, -1, -1, -1, -1, -1, -1,
    -1, -1, -1, -1, -1, -1, -1, -1, -1, -1, -1, -1, -1, -1, -1, -1,
    -1, -1, -1, -1, -1, -1, -1, -1, -1, -1, -1, -1, -1, -1, -1, -1,
    -1, -1, -1, -1, -1, -1, -1, -1, -1, -1, 2992, -1, -1, -1, -1, -1,
    -1, -1, -1, -1, -1, -1, -1, -1, -1, -1, -1, -1, -1, -1, -1, -1,
    2993, 2994, 2995, 2996, 2997, 2998, 2999, 3000, 3001, 3002, 3003, 3004, 3005, 3006, 3007, 3008,
    3009, 3010, 3011, 3012, 3013, 3014, 3015, 3016, 3017, 3018, 3019, 3020, 3021, 3022, 3023, 3024,
    3025, 3026, 3027, 3028, 3029, 3030, 3031, 3032, 3033, 3034, 3035, 3036, 3037, 3038, 3039, 3040,
    3041, 3042, 3043, 3044, 3045, 3046, 3047, 3048, 3049, 3050, 3051, 3052, 3053, 3054, 3055, 3056,
    3057, 3058, 3059, 3060, 3061, 3062, 3063, 3064, 3065, 3066, 3067, 3068, 3069, 3070, 3071, 3072,
    3073, 3074, 3075, 3076, 3077, 3078, 3079, 3080, 3081, 3082, 3083, 3084, 3085, 3086, 3087, 3088,
    3089, 3090, 3091, 3092, 3093, 3094, 3095, 3096, 3097, 3098, 3099, 3100, 3101, 3102, 3103, 3104,
    3105, 3106, 3107, 3108, 3109, 3110, 3111, 3112, 3113, 3114, 3115, 3116, 3117, 3118, 3119, 3120,
    3121, 3122, 3123, 3124, 3125, 3126, 3127, 3128, 3129, 3130, 3131, 3132, 3133, 3134, 3135, 3136,
    3137, 3138, 3139, 3140, 3141, 3142, 3143, 3144, 3145, 3146, 3147, 3148, 3149, 3150, 3151, 3152,
    3153, 3154, 3155, 3156, 3157, 3158, 3159, 3160, 3161, 3162, 3163, 3164, 3165, 3166, 3167, 3168,
    3169, 3170, 3171, 3172, 3173, 3174, 3175, 3176, 3177, 3178, 3179, 3180, 3181, 3182, 3183, 3184,
    3185, 3186, 3187, 3188, 3189, 3190, 3191, 3192, 3193, 3194, 3195, 3196, 3197, 3198, 3199, 3200,
    3201, 3202, 3203, 3204, 3205, 3206, 3207, 3208, 3209, 3210, 3211, 3212, 3213, 3214, 3215, 3216,
    3217, 3218, 3219, 3220, 3221, 3222, 3223, 3224, 3225, 3226, 3227, 3228, 3229, 3230, 3231, 3232,
    3233, 3234, 3235, 3236, 3237, 3238, 3239, 3240, 3241, 3242, 3243, 3244, 3245, 3246, 3247, 3248,
    3249, 3250, 3251, 3252, 3253, 3254, 3255, 3256, 3257, 3258, 3259, 3260, 3261, 3262, 3263, 3264,
    3265, 3266, 3267, 3268, -1, -1, 3269, 3270, -1, 3271, 3272, 3273, 3274, 3275, 3276, 3277,
    3278, 3279, 3280, 3281, 3282, 3283, 3284, 3285, 3286, 3287, 3288, 3289, 3290, 3291, 3292, 3293,
    3294, 3295, 3296, 3297, 3298, 3299, 3300, 3301, 3302, 3303, 3304, 3305, 3306, 3307, 3308, 3309,
    3310, 3311, 3312, 3313, 3314, 3315, 3316, 3317, 3318, 3319, 3320, 3321, 3322, 3323, 3324, 3325,
    3326, 3327, 3328, 3329, 3330, 3331, 3332, 3333, 3334, 3335, 3336, 3337, 3338, 3339, 3340, 3341,
    3342, 3343, 3344, 3345, 3346, 3347, 3348, 3349, 3350, 3351, 3352, 3353, 3354, 3355, 3356, 3357,
    3358, 3359, 3360, 3361, 3362, 3363, 3364, 3365, 3366, 3367, 3368, 3369, 3370, 3371, -1, -1,
    3372, 3373, 3374, 3375, 3376, 3377, 3378, 3379, 3380, 3381, -1, -1, -1, -1, -1, -1,
    -1, -1, -1, -1, -1, -1, -1, -1, -1, -1, -1, -1, -1, -1, -1, -1,
    -1, -1, -1, -1, -1, -1, -1, -1, -1, -1, -1, -1, -1, -1, -1, -1,
    -1, -1, -1, -1, -1, -1, -1, -1, -1, -1, -1, -1, -1, -1, -1, -1,
    -1, -1, -1, -1, -1, -1, -1, -1, -1, -1, -1, -1, -1, -1, -1, -1,
    -1, -1, -1, -1, -1, -1, -1, -1, -1, -1, -1, -1, -1, -1, -1, -1,
    -1, -1, -1, -1, -1, -1, -1, -1, -1, -1, -1, -1, -1, -1, -1, -1,
    -1, -1, -1, -1, -1, -1, -1, -1, -1, -1, -1, -1, -1, -1, -1, -1,
    -1, 3382, 3383, 3384, 3385, -1, 3386, -1, 3387, -1, -1, -1, -1, -1, -1, -1,
    -1, -1, -1, 3388, 3389, 3390, 3391, 3392, 3393, 3394, 3395, 3396, 3397, 3398, 3399, 3400,
    3401, -1, 3402, 3403, 3404, 3405, 3406, 3407, -1, 3408, 3409, 3410, 3411, 3412, 3413, 3414,
    3415, 3416, 3417, 3418, 3419, 3420, 3421, 3422, 3423, -1, -1, 3424, 3425, 3426, 3427, 3428,
    -1, -1, -1, 3429, 3430, 3431, 3432, 3433, 3434, 3435, 3436, 3437, -1, 3438, -1, 3439,
    3440, 3441, 3442, -1, -1, -1, 3443, -1, 3444, 3445, 3446, 3447, 3448, 3449, 3450, -1,
    -1, 3451, 3452, 3453, 3454, 3455, 3456, 3457, -1, -1, -1, -1, -1, -1, -1, -1,
    -1, -1, -1, -1, -1, -1, 3458, 3459, 3460, 3461, 3462, 3463, 3464, 3465, 3466, 3467,
    3468, 3469, 3470, 3471, 3472, 3473, 3474, 3475, 3476, 3477, 3478, 3479, 3480, 3481, 3482, 3483,
    3484, 3485, 3486, 3487, 3488, -1, -1, -1, 3489, 3490, 3491, 3492, 3493, 3494, 3495, 3496,
    3497, 3498, -1, -1, 3499, 3500, 3501, 3502, -1, -1, -1, -1, -1, -1, -1, -1,
    -1, -1, 3503, -1, 3504, 3505, 3506, 3507, 3508, 3509, 3510, 3511, 3512, 3513, 3514, -1,
    -1, -1, -1, -1, -1, -1, -1, -1, -1, -1, -1, -1, -1, -1, -1, -1,
    -1, -1, -1, -1, -1, -1, -1, -1, -1, -1, -1, -1, -1, -1, -1, -1,
    -1, -1, -1, -1, -1, -1, 3515, 3516, 3517, 3518, 3519, 3520, -1, -1, -1, -1,
    -1, -1, -1, -1, -1, 3521, 3522, 3523, 3524, 3525, 3526, 3527, 3528, 3529, 3530, 3531,
    3532, 3533, 3534, 3535, 3536, 3537, 3538, 3539, 3540, 3541, 3542, 3543, 3544, 3545, 3546, 3547,
    3548, 3549, 3550, 3551, 3552, 3553, 3554, 3555, 3556, 3557, 3558, 3559, 3560, 3561, 3562, 3563,
    3564, 3565, 3566, 3567, 3568, 3569, 3570, 3571, 3572, 3573, 3574, 3575, 3576, 3577, 3578, 3579,
    3580, 3581, 3582, 3583, 3584, 3585, 3586, 3587, 3588, 3589, 3590, 3591, 3592, 3593, 3594, 3595,
    3596, 3597, 3598, 3599, 3600, 3601, 3602, 3603, 3604, 3605, 3606, 3607, 3608, 3609, 3610, 3611,
    3612, 3613, 3614, 3615, 3616, 3617, 3618, 3619, 3620, 3621, 3622, 3623, 3624, 3625, 3626, 3627,
    3628, 3629, 3630, 3631, 3632, 3633, 3634, 3635, 3636, 3637, 3638, 3639, 3640, 3641, 3642, 3643,
    3644, 3645, 3646, 3647, 3648, 3649, 3650, 3651, 3652, 3653, 3654, 3655, 3656, 3657, 3658, 3659,
    3660, 3661, 3662, 3663, 3664, 3665, 3666, 3667, 3668, 3669, 3670, 3671, 3672, 3673, 3674, 3675,
    3676, 3677, 3678, 3679, 3680, 3681, 3682, 3683, 3684, 3685, 3686, 3687, 3688, 3689, 3690, 3691,
    3692, 3693, 3694, 3695, 3696, 3697, 3698, 3699, 3700, 3701, 3702, 3703, 3704, 3705, 3706, 3707,
    3708, 3709, 3710, 3711, 3712, 3713, 3714, 3715, 3716, 3717, 3718, 3719, 3720, 3721, 3722, 3723,
    3724, 3725, 3726, 3727, 3728, 3729, 3730, 3731, 3732, 3733, 3734, 3735, 3736, 3737, 3738, 3739,
    3740, 3741, 3742, 3743, 3744, 3745, 3746, 3747, 3748, 3749, 3750, 3751, 3752, 3753, 3754, 3755,
    3756, 3757, 3758, 3759, 3760, 3761, 3762, 3763, 3764, 3765, 3766, 3767, 3768, 3769, 3770, 3771,
    3772, 3773, 3774, 3775, 3776, 3777, 3778, 3779, 3780, 3781, 3782, 3783, 3784, 3785, 3786, 3787,
    -1, -1, -1, -1, -1, -1, 3788, 3789, -1, -1, -1, -1, -1, -1, -1, -1,
    -1, -1, -1, -1, -1, -1, -1, -1, -1, -1, -1, -1, -1, -1, -1, -1,
    -1, -1, -1, -1, -1, -1, -1, -1, -1, -1, -1, -1, -1, -1, -1, -1,
    -1, -1, -1, -1, -1, -1, -1, -1, -1, -1, -1, -1, -1, -1, -1, -1,
    -1, -1, -1, -1, -1, -1, -1, -1, -1, -1, -1, -1, -1, -1, -1, -1,
    -1, -1, -1, -1, -1, -1, -1, -1, -1, -1, -1, -1, -1, -1, -1, -1,
    -1, -1, -1, -1, -1, -1, -1, -1, -1, -1, -1, -1, -1, -1, -1, -1,
    -1, -1, -1, -1, -1, -1, -1, -1, -1, -1, -1, -1, -1, -1, -1, -1,
    -1, -1, -1, 3790, 3791, 3792, 3793, 3794, 3795, 3796, 3797, 3798, 3799, 3800, 3801, 3802,
    3803, 3804, 3805, 3806, 3807, 3808, 3809, 3810, 3811, -1, -1, -1, -1, -1, -1, -1,
    -1, -1, -1, -1, -1, -1, -1, -1, -1, -1, -1, -1, -1, -1, -1, -1,
    -1, -1, -1, -1, -1, -1, -1, -1, -1, -1, -1, -1, -1, -1, -1, -1,
    -1, -1, -1, -1, -1, -1, -1, -1, -1, -1, -1, -1, -1, -1, -1, -1,
    -1, -1, -1, -1, -1, -1, -1, -1, -1, -1, -1, -1, -1, -1, -1, -1,
    -1, -1, -1, -1, -1, -1, -1, -1, -1, -1, -1, -1, -1, -1, -1, -1,
    -1, -1, -1, -1, -1, -1, -1, -1, -1, -1, -1, -1, 3812, 3813, -1, -1,
    3814, 3815, 3816, 3817, 3818, 3819, 3820, -1, -1, 3821, -1, -1, -1, -1, -1, -1,
    -1, -1, -1, -1, -1, -1, -1, -1, -1, -1, -1, -1, -1, 3822, -1, -1,
    -1, -1, -1, -1, -1, -1, -1, -1, -1, -1, -1, -1, -1, -1, -1, -1,
    -1, -1, -1, -1, -1, -1, -1, -1, -1, -1, -1, -1, -1, -1, -1, 3823,
    -1, -1, -1, -1, -1, -1, -1, -1, -1, -1, -1, -1, -1, -1, -1, -1,
    -1, -1, -1, -1, -1, -1, -1, -1, -1, -1, -1, -1, -1, -1, -1, -1,
    -1, -1, -1, -1, -1, -1, -1, -1, -1, -1, -1, -1, -1, -1, -1, -1,
    -1, -1, -1, -1, -1, -1, -1, -1, -1, -1, -1, -1, -1, -1, -1, -1,
    -1, -1, -1, -1, -1, -1, -1, -1, -1, -1, -1, -1, -1, -1, -1, -1,
    -1, -1, -1, -1, -1, -1, -1, -1, -1, -1, -1, -1, -1, -1, -1, -1,
    -1, -1, -1, -1, -1, -1, -1, -1, -1, -1, -1, -1, -1, -1, -1, -1,
    -1, -1, -1, -1, -1, -1, -1, -1, -1, -1, -1, -1, -1, -1, -1, -1,
    -1, -1, -1, -1, -1, -1, -1, -1, -1, -1, -1, -1, -1, -1, -1, -1,
    -1, -1, -1, -1, -1, -1, -1, -1, -1, -1, -1, -1, -1, -1, -1, -1,
    -1, -1, -1, -1, -1, -1, -1, -1, -1, -1, -1, -1, -1, -1, -1, -1,
    -1, -1, -1, -1, -1, -1, -1, -1, -1, -1, -1, -1, -1, -1, -1, -1,
    -1, -1, -1, -1, -1, -1, -1, -1, -1, -1, -1, -1, -1, -1, -1, -1,
    -1, -1, -1, -1, -1, -1, -1, -1, -1, -1, -1, -1, -1, -1, -1, -1,
    -1, -1, -1, -1, -1, -1, -1, -1, -1, -1, -1, -1, -1, -1, -1, -1,
    -1, -1, -1, -1, -1, -1, -1, -1, -1, -1, -1, -1, -1, -1, -1, -1,
    -1, -1, -1, -1, -1, -1, -1, -1, -1, -1, -1, -1, -1, -1, -1, -1,
    -1, -1, -1, -1, -1, -1, -1, -1, -1, -1, -1, -1, -1, -1, -1, -1,
    -1, -1, -1, -1, -1, -1, -1, -1, -1, -1, -1, -1, -1, -1, -1, -1,
    -1, -1, -1, -1, -1, -1, -1, -1, -1, -1, -1, -1, -1, -1, -1, -1,
    -1, -1, -1, -1, -1, -1, -1, -1, -1, -1, -1, -1, -1, -1, -1, -1,
    -1, -1, -1, -1, -1, -1, -1, -1, -1, -1, -1, -1, -1, -1, -1, -1,
    -1, -1, -1, -1, -1, -1, -1, -1, -1, -1, -1, -1, -1, -1, -1, -1,
    -1, -1, -1, -1, -1, -1, -1, -1, -1, -1, -1, -1, -1, -1, -1, -1,
    -1, -1, -1, -1, -1, -1, -1, -1, -1, -1, -1, -1, -1, -1, -1, -1,
    -1, -1, -1, -1, -1, -1, -1, -1, -1, -1, -1, -1, -1, -1, -1, -1,
    -1, -1, -1, -1, -1, -1, -1, -1, -1, -1, -1, -1, -1, -1, -1, -1,
    -1, -1, -1, -1, -1, -1, -1, -1, -1, -1, -1, -1, -1, -1, -1, -1,
    -1, -1, -1, -1, -1, -1, -1, -1, -1, -1, -1, -1, -1, -1, -1, -1,
    -1, -1, -1, -1, -1, -1, -1, -1, -1, -1, -1, -1, -1, -1, -1, -1,
    -1, -1, -1, -1, -1, -1, -1, -1, -1, -1, -1, -1, -1, -1, -1, -1,
    -1, -1, -1, -1, -1, -1, -1, -1, -1, -1, -1, -1, -1, -1, -1, -1,
    -1, -1, -1, -1, -1, -1, -1, -1, -1, -1, -1, -1, -1, -1, -1, -1,
    -1, -1, -1, -1, -1, -1, -1, -1, -1, -1, -1, -1, -1, -1, -1, -1,
    -1, -1, -1, -1, -1, -1, -1, -1, -1, -1, -1, -1, -1, -1, -1, -1,
    -1, -1, -1, -1, -1, -1, -1, -1, -1, -1, -1, -1, -1, -1, -1, -1,
    -1, -1, -1, -1, -1, -1, -1, -1, -1, -1, -1, -1, -1, -1, -1, -1,
    -1, -1, -1, -1, -1, -1, -1, -1, -1, -1, -1, -1, -1, -1, -1, -1,
    -1, -1, -1, -1, -1, -1, -1, -1, -1, -1, -1, -1, -1, -1, -1, -1,
    -1, -1, -1, -1, -1, -1, -1, -1, -1, -1, -1, -1, -1, -1, -1, -1,
    -1, -1, -1, -1, -1, -1, -1, -1, -1, -1, -1, -1, -1, -1, -1, -1,
    -1, -1, -1, -1, -1, -1, -1, -1, -1, -1, -1, -1, -1, -1, -1, -1,
    -1, -1, -1, -1, -1, -1, -1, -1, -1, -1, -1, -1, -1, -1, -1, -1,
    -1, -1, -1, -1, -1, -1, -1, -1, -1, -1, -1, -1, -1, -1, -1, -1,
    -1, -1, -1, -1, -1, -1, -1, -1, -1, -1, -1, -1, -1, -1, -1, -1,
    -1, -1, -1, -1, -1, -1, -1, -1, -1, -1, -1, -1, -1, -1, -1, -1,
    -1, -1, -1, -1, -1, -1, -1, -1, -1, -1, -1, -1, -1, -1, -1, -1,
    -1, -1, -1, -1, -1, -1, -1, -1, -1, -1, -1, -1, -1, -1, -1, -1,
    -1, -1, -1, -1, -1, -1, -1, -1, -1, -1, -1, -1, -1, -1, -1, -1,
    -1, -1, -1, -1, -1, -1, -1, -1, -1, -1, -1, -1, -1, -1, -1, -1,
    -1, -1, -1, -1, -1, -1, -1, -1, -1, -1, -1, -1, -1, -1, -1, -1,
    -1, -1, -1, -1, -1, -1, -1, -1, -1, -1, -1, -1, -1, -1, -1, -1,
    -1, -1, -1, -1, -1, -1, -1, -1, -1, -1, -1, -1, -1, -1, -1, -1,
    -1, -1, -1, -1, -1, -1, -1, -1, -1, -1, -1, -1, -1, -1, -1, -1,
    -1, -1, -1, -1, -1, -1, -1, -1, -1, -1, -1, -1, -1, -1, -1, -1,
    -1, -1, -1, -1, -1, -1, -1, -1, -1, -1, -1, -1, -1, -1, -1, -1,
    -1, -1, -1, -1, -1, -1, -1, -1, -1, -1, -1, -1, -1, -1, -1, -1,
    -1, -1, -1, -1, -1, -1, -1, -1, -1, -1, -1, -1, -1, -1, -1, -1,
    -1, -1, -1, -1, -1, -1, -1, -1, -1, -1, -1, -1, -1, -1, -1, -1,
    -1, -1, -1, -1, -1, -1, -1, -1, -1, -1, -1, -1, -1, -1, -1, -1,
    -1, -1, -1, -1, -1, -1, -1, -1, -1, -1, -1, -1, -1, -1, -1, -1,
    -1, -1, -1, -1, -1, -1, -1, -1, 3824, -1, -1, -1, -1, -1, -1, -1,
    -1, -1, -1, -1, -1, -1, -1, -1, 3825, 3826, -1, -1, -1, -1, 3827, -1,
    -1, -1, -1, -1, -1, -1, -1, -1, -1, -1, -1, -1, -1, -1, -1, -1,
    -1, -1, -1, -1, -1, -1, -1, -1, -1, -1, -1, -1, -1, -1, -1, -1,
    -1, -1, -1, -1, -1, -1, -1, -1, -1, -1, -1, -1, -1, -1, -1, -1,
    -1, -1, -1, -1, -1, -1, -1, -1, -1, -1, -1, -1, -1, -1, -1, -1,
    -1, -1, -1, -1, -1, -1, -1, -1, -1, -1, -1, -1, -1, -1, -1, -1,
    -1, -1, -1, -1, -1, -1, -1, -1, -1, -1, -1, -1, -1, -1, -1, -1,
    -1, -1, -1, -1, -1, -1, -1, -1, -1, -1, -1, -1, -1, -1, -1, -1,
    -1, -1, -1, -1, -1, -1, -1, -1, -1, -1, -1, -1, -1, -1, -1, -1,
    -1, -1, -1, -1, -1, -1, -1, -1, -1, -1, -1, -1, -1, -1, -1, -1,
    -1, -1, -1, -1, -1, -1, -1, -1, -1, -1, -1, -1, -1, -1, -1, -1,
    -1, -1, -1, -1, -1, -1, -1, -1, -1, -1, -1, -1, -1, -1, -1, -1,
    -1, -1, -1, -1, -1, -1, -1, -1, -1, -1, -1, -1, -1, -1, -1, -1,
    -1, -1, -1, -1, -1, -1, -1, -1, -1, -1, -1, -1, -1, -1, -1, -1,
    -1, -1, -1, -1, -1, -1, -1, -1, -1, -1, -1, -1, -1, -1, -1, -1,
    -1, -1, -1, -1, -1, -1, -1, -1, -1, -1, -1, -1, -1, -1, -1, -1,
    -1, -1, -1, -1, -1, -1, -1, -1, -1, -1, -1, -1, -1, -1, -1, -1,
    -1, -1, -1, -1, -1, -1, -1, -1, -1, -1, -1, -1, -1, -1, -1, -1,
    -1, -1, -1, -1, -1, -1, -1, -1, -1, -1, -1, -1, -1, -1, -1, -1,
    -1, -1, -1, -1, -1, -1, -1, -1, -1, -1, -1, -1, -1, -1, -1, -1,
    -1, -1, -1, -1, -1, -1, -1, -1, -1, -1, -1, -1, -1, -1, -1, -1,
    -1, -1, -1, -1, -1, -1, -1, -1, -1, -1, -1, -1, -1, -1, -1, -1,
    -1, -1, -1, -1, -1, -1, -1, -1, -1, -1, -1, -1, -1, -1, -1, -1,
    -1, -1, -1, -1, -1, -1, -1, -1, -1, -1, -1, -1, -1, -1, -1, -1,
    -1, -1, -1, -1, -1, -1, -1, -1, -1, -1, -1, -1, -1, -1, -1, -1,
    -1, -1, -1, -1, -1, -1, -1, -1, -1, -1, -1, -1, -1, -1, -1, -1,
    -1, -1, -1, -1, -1, -1, -1, -1, -1, -1, -1, -1, -1, -1, -1, -1,
    -1, -1, -1, -1, -1, -1, -1, -1, -1, -1, -1, -1, -1, -1, -1, -1,
    -1, -1, -1, -1, -1, -1, -1, -1, -1, -1, -1, -1, -1, -1, -1, -1,
    -1, -1, -1, -1, -1, -1, -1, -1, -1, -1, -1, -1, -1, -1, -1, -1,
    -1, -1, -1, -1, -1, -1, -1, -1, -1, -1, -1, -1, -1, -1, -1, -1,
    -1, -1, -1, -1, -1, -1, -1, -1, -1, -1, -1, -1, -1, -1, -1, -1,
    -1, -1, -1, -1, -1, -1, -1, -1, -1, -1, -1, -1, -1, -1, -1, -1,
    -1, -1, -1, -1, -1, -1, -1, -1, -1, -1, -1, -1, -1, -1, -1, 3828,
    -1, -1, -1, -1, -1, -1, -1, -1, -1, -1, -1, -1, -1, -1, -1, -1,
    -1, -1, -1, -1, -1, -1, -1, -1, -1, -1, -1, -1, -1, -1, -1, -1,
    -1, -1, -1, -1, -1, -1, -1, -1, -1, -1, -1, -1, -1, -1, -1, -1,
    -1, -1, -1, -1, -1, -1, -1, -1, -1, -1, -1, -1, -1, -1, -1, -1,
    -1, -1, -1, -1, -1, -1, -1, -1, -1, -1, -1, -1, -1, -1, -1, -1,
    -1, -1, -1, -1, -1, -1, -1, -1, -1, -1, -1, -1, -1, -1, -1, -1,
    -1, -1, -1, -1, -1, -1, -1, -1, -1, -1, -1, -1, -1, -1, -1, -1,
    -1, -1, -1, -1, -1, -1, -1, -1, -1, -1, -1, -1, -1, -1, -1, -1,
    -1, -1, -1, -1, -1, -1, -1, -1, -1, -1, -1, -1, -1, -1, -1, -1,
    -1, -1, -1, -1, -1, -1, -1, -1, -1, -1, -1, -1, -1, -1, -1, -1,
    -1, -1, -1, -1, -1, -1, -1, -1, -1, -1, -1, -1, -1, -1, -1, -1,
    -1, -1, -1, -1, -1, -1, -1, -1, -1, -1, -1, -1, -1, -1, -1, -1,
    -1, -1, -1, -1, -1, -1, -1, -1, -1, -1, -1, -1, -1, -1, -1, -1,
    -1, -1, -1, -1, -1, -1, -1, -1, -1, -1, -1, -1, -1, -1, -1, -1,
    -1, -1, -1, -1, -1, -1, -1, -1, -1, -1, -1, -1, -1, -1, -1, -1,
    -1, -1, -1, -1, -1, -1, -1, -1, -1, -1, -1, -1, -1, -1, -1, -1,
    -1, -1, -1, -1, -1, -1, -1, -1, -1, -1, -1, -1, -1, -1, -1, -1,
    -1, -1, -1, -1, -1, -1, -1, -1, -1, -1, -1, -1, -1, -1, -1, -1,
    -1, -1, -1, -1, -1, -1, -1, -1, -1, -1, -1, -1, -1, -1, -1, -1,
    -1, -1, -1, -1, -1, -1, -1, -1, -1, -1, -1, -1, -1, -1, -1, -1,
    -1, -1, -1, -1, -1, -1, -1, -1, -1, -1, -1, -1, -1, -1, -1, -1,
    -1, -1, -1, -1, -1, -1, -1, -1, -1, -1, -1, -1, -1, -1, -1, -1,
    -1, -1, -1, -1, -1, -1, -1, -1, -1, -1, -1, -1, -1, -1, -1, -1,
    -1, -1, -1, -1, -1, -1, -1, -1, -1, -1, -1, -1, -1, -1, -1, -1,
    -1, -1, -1, -1, -1, -1, -1, -1, -1, -1, -1, -1, -1, -1, -1, -1,
    -1, -1, -1, -1, -1, -1, -1, -1, -1, -1, -1, -1, -1, -1, -1, -1,
    -1, -1, -1, -1, -1, -1, -1, -1, -1, -1, -1, -1, -1, -1, -1, -1,
    -1, -1, -1, -1, -1, -1, -1, -1, -1, -1, -1, -1, -1, -1, -1, -1,
    -1, -1, -1, -1, -1, -1, -1, -1, -1, -1, -1, -1, -1, -1, -1, -1,
    -1, -1, -1, -1, -1, -1, -1, -1, -1, -1, -1, -1, -1, -1, -1, -1,
    -1, -1, -1, -1, -1, -1, -1, -1, -1, -1, -1, -1, -1, -1, -1, -1,
    -1, -1, -1, -1, -1, -1, -1, -1, -1, -1, -1, -1, -1, -1, -1, -1,
    -1, -1, -1, -1, -1, -1, -1, -1, -1, -1, -1, -1, -1, -1, -1, -1,
    -1, -1, -1, -1, -1, -1, -1, -1, -1, -1, -1, -1, -1, -1, -1, -1,
    -1, -1, -1, -1, -1, -1, -1, -1, -1, -1, -1, -1, -1, -1, -1, -1,
    -1, -1, -1, -1, -1, -1, -1, -1, -1, -1, -1, -1, -1, -1, -1, -1,
    -1, -1, -1, -1, -1, -1, -1, -1, -1, -1, -1, -1, -1, -1, -1, -1,
    -1, -1, -1, -1, -1, -1, -1, -1, -1, -1, -1, -1, -1, -1, -1, -1,
    -1, -1, -1, -1, -1, -1, -1, -1, -1, -1, -1, -1, -1, -1, -1, -1,
    -1, -1, -1, -1, -1, -1, -1, -1, -1, -1, -1, -1, -1, -1, -1, -1,
    -1, -1, -1, -1, -1, -1, -1, -1, -1, -1, -1, -1, -1, -1, -1, -1,
    -1, -1, -1, -1, -1, -1, -1, -1, -1, -1, -1, -1, -1, -1, -1, -1,
    -1, -1, -1, -1, -1, -1, -1, -1, -1, -1, -1, -1, -1, -1, -1, -1,
    -1, -1, -1, -1, -1, -1, -1, -1, -1, -1, -1, -1, -1, -1, -1, -1,
    -1, -1, -1, -1, -1, -1, -1, -1, -1, -1, -1, -1, -1, -1, -1, -1,
    -1, -1, -1, -1, -1, -1, -1, -1, -1, -1, -1, -1, -1, -1, -1, -1,
    -1, -1, -1, -1, -1, -1, -1, -1, -1, -1, -1, -1, -1, -1, -1, -1,
    -1, -1, -1, -1, -1, -1, -1, -1, -1, -1, -1, -1, -1, -1, -1, -1,
    -1, -1, -1, -1, -1, -1, -1, -1, -1, -1, -1, -1, -1, -1, -1, -1,
    -1, -1, -1, -1, -1, -1, -1, -1, -1, -1, -1, -1, -1, -1, -1, -1,
    -1, -1, -1, -1, -1, -1, -1, -1, -1, -1, -1, -1, -1, -1, -1, -1,
    -1, -1, -1, -1, -1, -1, -1, -1, -1, -1, -1, -1, -1, -1, -1, -1,
    -1, -1, -1, -1, -1, -1, -1, -1, -1, -1, -1, -1, -1, -1, -1, -1,
    -1, -1, -1, -1, -1, -1, -1, -1, -1, -1, -1, -1, -1, -1, -1, -1,
    -1, -1, -1, -1, -1, -1, -1, -1, -1, -1, -1, -1, -1, -1, -1, -1,
    -1, -1, -1, -1, -1, -1, -1, -1, -1, -1, -1, -1, -1, -1, -1, -1,
    -1, -1, -1, -1, -1, -1, -1, -1, -1, -1, -1, -1, -1, -1, -1, -1,
    -1, -1, -1, -1, -1, -1, -1, -1, -1, -1, -1, -1, -1, -1, -1, -1,
    -1, -1, -1, -1, -1, -1, -1, -1, -1, -1, -1, -1, -1, -1, -1, -1,
    -1, -1, -1, -1, -1, -1, -1, -1, -1, -1, -1, -1, -1, -1, -1, -1,
    -1, -1, -1, -1, -1, -1, -1, -1, -1, -1, -1, -1, -1, -1, -1, -1,
    -1, -1, -1, -1, -1, -1, -1, -1, -1, -1, -1, -1, -1, -1, -1, -1,
    -1, -1, -1, -1, -1, -1, -1, -1, -1, -1, -1, -1, -1, -1, -1, -1,
    -1, -1, -1, -1, -1, -1, -1, -1, -1, -1, -1, -1, -1, -1, -1, -1,
    -1, -1, -1, -1, -1, -1, -1, -1, -1, -1, -1, -1, -1, -1, -1, -1,
    -1, -1, -1, -1, -1, -1, -1, -1, -1, -1, -1, -1, -1, -1, -1, -1,
    -1, -1, -1, -1, -1, -1, -1, -1, -1, -1, -1, -1, -1, -1, -1, -1,
    -1, -1, -1, -1, -1, -1, -1, -1, -1, -1, -1, -1, -1, -1, -1, -1,
    -1, -1, -1, -1, -1, -1, -1, -1, -1, -1, -1, -1, -1, -1, -1, -1,
    -1, -1, -1, -1, -1, -1, -1, -1, -1, -1, -1, -1, -1, -1, -1, -1,
    -1, -1, -1, -1, -1, -1, -1, -1, -1, -1, -1, -1, -1, -1, -1, -1,
    -1, -1, -1, -1, -1, -1, -1, -1, -1, -1, -1, -1, -1, -1, -1, -1,
    -1, -1, -1, -1, -1, -1, -1, -1, -1, -1, -1, -1, -1, -1, -1, -1,
    -1, -1, -1, -1, -1, -1, -1, -1, -1, -1, -1, -1, -1, -1, -1, -1,
    -1, -1, -1, -1, -1, -1, -1, -1, -1, -1, -1, -1, -1, -1, -1, -1,
    -1, -1, -1, -1, -1, -1, -1, -1, -1, -1, -1, -1, -1, -1, -1, -1,
    -1, -1, -1, -1, -1, -1, -1, -1, -1, -1, -1, -1, -1, -1, -1, -1,
    -1, -1, -1, -1, -1, -1, -1, -1, -1, -1, -1, -1, -1, -1, -1, -1,
    -1, -1, -1, -1, -1, -1, -1, -1, -1, -1, -1, -1, -1, -1, -1, -1,
    -1, -1, -1, -1, -1, -1, -1, -1, -1, -1, -1, -1, -1, -1, -1, -1,
    -1, -1, -1, -1, -1, -1, -1, -1, -1, -1, -1, -1, -1, -1, -1, -1,
    -1, -1, -1, -1, -1, -1, -1, -1, -1, -1, -1, -1, -1, -1, -1, -1,
    -1, -1, -1, -1, -1, -1, -1, -1, -1, -1, -1, -1, -1, -1, -1, -1,
    -1, -1, -1, -1, -1, -1, -1, -1, -1, -1, -1, -1, -1, -1, -1, -1,
    -1, -1, -1, -1, -1, -1, -1, -1, -1, -1, -1, -1, -1, -1, -1, -1,
    -1, -1, -1, -1, -1, -1, -1, -1, -1, -1, -1, -1, -1, -1, -1, -1,
    -1, -1, -1, -1, -1, -1, -1, -1, -1, -1, -1, -1, -1, -1, -1, -1,
    -1, -1, -1, -1, -1, -1, -1, -1, -1, -1, -1, -1, -1, -1, -1, -1,
    -1, -1, -1, -1, -1, -1, -1, -1, -1, -1, -1, -1, -1, -1, -1, -1,
    -1, -1, -1, -1, -1, -1, -1, -1, -1, -1, -1, -1, -1, -1, -1, -1,
    -1, -1, -1, -1, -1, -1, -1, -1, -1, -1, -1, -1, -1, -1, -1, -1,
    -1, -1, -1, -1, -1, -1, -1, -1, -1, -1, -1, -1, -1, -1, -1, -1,
    -1, -1, -1, -1, -1, -1, -1, -1, -1, -1, -1, -1, -1, -1, -1, -1,
    -1, -1, -1, -1, -1, -1, -1, -1, -1, -1, -1, -1, -1, -1, -1, -1,
    -1, -1, -1, -1, -1, -1, -1, -1, -1, -1, -1, -1, -1, -1, -1, -1,
    -1, -1, -1, -1, -1, -1, -1, -1, -1, -1, -1, -1, -1, -1, -1, -1,
    -1, -1, -1, -1, -1, -1, -1, -1, -1, -1, -1, -1, -1, -1, -1, -1,
    -1, -1, -1, -1, -1, -1, -1, -1, -1, -1, -1, -1, -1, -1, -1, -1,
    -1, -1, -1, -1, -1, -1, -1, -1, -1, -1, -1, -1, -1, -1, -1, -1,
    -1, -1, -1, -1, -1, -1, -1, -1, -1, -1, -1, -1, -1, -1, -1, -1,
    -1, -1, -1, -1, -1, -1, -1, -1, -1, -1, -1, -1, -1, -1, -1, -1,
    -1, -1, -1, -1, -1, -1, -1, -1, -1, -1, -1, -1, -1, -1, -1, -1,
    -1, -1, -1, -1, -1, -1, -1, -1, -1, -1, -1, -1, -1, -1, -1, -1,
    -1, -1, -1, -1, -1, -1, -1, -1, -1, -1, -1, -1, -1, -1, -1, -1,
    -1, -1, -1, -1, -1, -1, -1, -1, -1, -1, -1, -1, -1, -1, -1, -1,
    -1, -1, -1, -1, -1, -1, -1, -1, -1, -1, -1, -1, -1, -1, -1, -1,
    -1, -1, -1, -1, -1, -1, -1, -1, -1, -1, -1, -1, -1, -1, -1, -1,
    -1, -1, -1, -1, -1, -1, -1, -1, -1, -1, -1, -1, -1, -1, -1, -1,
    -1, -1, -1, -1, -1, -1, -1, -1, -1, -1, -1, -1, -1, -1, -1, -1,
    -1, -1, -1, -1, -1, -1, -1, -1, -1, -1, -1, -1, -1, -1, -1, -1,
    -1, -1, -1, -1, -1, -1, -1, -1, -1, -1, -1, -1, -1, -1, -1, -1,
    -1, -1, -1, -1, -1, -1, -1, -1, -1, -1, -1, -1, -1, -1, -1, -1,
    -1, -1, -1, -1, -1, -1, -1, -1, -1, -1, -1, -1, -1, -1, -1, -1,
    -1, -1, -1, -1, -1, -1, -1, -1, -1, -1, -1, -1, -1, -1, -1, -1,
    -1, -1, -1, -1, -1, -1, -1, -1, -1, -1, -1, -1, -1, -1, -1, -1,
    -1, -1, -1, -1, -1, -1, -1, -1, -1, -1, -1, -1, -1, -1, -1, -1,
    -1, -1, -1, -1, -1, -1, -1, -1, -1, -1, -1, -1, -1, -1, -1, -1,
    -1, -1, -1, -1, -1, -1, -1, -1, -1, -1, -1, -1, -1, -1, -1, -1,
    -1, -1, -1, -1, -1, -1, -1, -1, -1, -1, -1, -1, -1, -1, -1, -1,
    -1, -1, -1, -1, -1, -1, -1, -1, -1, -1, -1, -1, -1, -1, -1, -1,
    -1, -1, -1, -1, -1, -1, -1, -1, -1, -1, -1, -1, -1, -1, -1, -1,
    -1, -1, -1, -1, -1, -1, -1, -1, -1, -1, -1, -1, -1, -1, -1, -1,
    -1, -1, -1, -1, -1, -1, -1, -1, -1, -1, -1, -1, -1, -1, -1, -1,
    -1, -1, -1, -1, -1, -1, -1, -1, -1, -1, -1, -1, -1, -1, -1, -1,
    -1, -1, -1, -1, -1, -1, -1, -1, -1, -1, -1, -1, -1, -1, -1, -1,
    -1, -1, -1, -1, -1, -1, -1, -1, -1, -1, -1, -1, -1, -1, -1, -1,
    -1, -1, -1, -1, -1, -1, -1, -1, -1, -1, -1, -1, -1, -1, -1, -1,
    -1, -1, -1, -1, -1, -1, -1, -1, -1, -1, -1, -1, -1, -1, -1, -1,
    -1, -1, -1, -1, -1, -1, -1, -1, -1, -1, -1, -1, -1, -1, -1, -1,
    -1, -1, -1, -1, -1, -1, -1, -1, -1, -1, -1, -1, -1, -1, -1, -1,
    -1, -1, -1, -1, -1, -1, -1, -1, -1, -1, -1, -1, -1, -1, -1, -1,
    -1, -1, -1, -1, -1, -1, -1, -1, -1, -1, -1, -1, -1, -1, -1, -1,
    -1, -1, -1, -1, -1, -1, -1, -1, -1, -1, -1, -1, -1, -1, -1, -1,
    -1, -1, -1, -1, -1, -1, -1, -1, -1, -1, -1, -1, -1, -1, -1, -1,
    -1, -1, -1, -1, -1, -1, -1, -1, -1, -1, -1, -1, -1, -1, -1, -1,
    -1, -1, -1, -1, -1, -1, -1, -1, -1, -1, -1, -1, -1, -1, -1, -1,
    -1, -1, -1, -1, -1, -1, -1, -1, -1, -1, -1, -1, -1, -1, -1, -1,
    -1, -1, -1, -1, -1, -1, -1, -1, -1, -1, -1, -1, -1, -1, -1, -1,
    -1, -1, -1, -1, -1, -1, -1, -1, -1, -1, -1, -1, -1, -1, -1, -1,
    -1, -1, -1, -1, -1, -1, -1, -1, -1, -1, -1, -1, -1, -1, -1, -1,
    -1, -1, -1, -1, -1, -1, -1, -1, -1, -1, -1, -1, -1, -1, -1, -1,
    -1, -1, -1, -1, -1, -1, -1, -1, -1, -1, -1, -1, -1, -1, -1, -1,
    -1, -1, -1, -1, -1, -1, -1, -1, -1, -1, -1, -1, -1, -1, -1, -1,
    -1, -1, -1, -1, -1, -1, -1, -1, -1, -1, -1, -1, -1, -1, -1, -1,
    -1, -1, -1, -1, -1, -1, -1, -1, -1, -1, -1, -1, -1, -1, -1, -1,
    -1, -1, -1, -1, -1, -1, -1, -1, -1, -1, -1, -1, -1, -1, -1, -1,
    -1, -1, -1, -1, -1, -1, -1, -1, -1, -1, -1, -1, -1, -1, -1, -1,
    -1, -1, -1, -1, -1, -1, -1, -1, -1, -1, -1, -1, -1, -1, -1, -1,
    -1, -1, -1, -1, -1, -1, -1, -1, -1, -1, -1, -1, -1, -1, -1, -1,
    -1, -1, -1, -1, -1, -1, -1, -1, -1, -1, -1, -1, -1, -1, -1, -1,
    -1, -1, -1, -1, -1, -1, -1, -1, -1, -1, -1, -1, -1, -1, -1, -1,
    -1, -1, -1, -1, -1, -1, -1, -1, -1, -1, -1, -1, -1, -1, -1, -1,
    -1, -1, -1, -1, -1, -1, -1, -1, -1, -1, -1, -1, -1, -1, -1, -1,
    -1, -1, -1, -1, -1, -1, -1, -1, -1, -1, -1, -1, -1, -1, -1, -1,
    -1, -1, -1, -1, -1, -1, -1, -1, -1, -1, -1, -1, -1, -1, -1, -1,
    -1, -1, -1, -1, -1, -1, -1, -1, -1, -1, -1, -1, -1, -1, -1, -1,
    -1, -1, -1, -1, -1, -1, -1, -1, -1, -1, -1, -1, -1, -1, -1, -1,
    -1, -1, -1, -1, -1, -1, -1, -1, -1, -1, -1, -1, -1, -1, -1, -1,
    -1, -1, -1, -1, -1, -1, -1, -1, -1, -1, -1, -1, -1, -1, -1, -1,
    -1, -1, -1, -1, -1, -1, -1, -1, -1, -1, -1, -1, -1, -1, -1, -1,
    -1, -1, -1, -1, -1, -1, -1, -1, -1, -1, -1, -1, -1, -1, -1, -1,
    -1, -1, -1, -1, -1, -1, -1, -1, -1, -1, -1, -1, -1, -1, -1, -1,
    -1, -1, -1, -1, -1, -1, -1, -1, -1, -1, -1, -1, -1, -1, -1, -1,
    -1, -1, -1, -1, -1, -1, -1, -1, -1, -1, -1, -1, -1, -1, -1, -1,
    -1, -1, -1, -1, -1, -1, -1, -1, -1, -1, -1, -1, -1, -1, -1, -1,
    -1, -1, -1, -1, -1, -1, -1, -1, -1, -1, -1, -1, -1, -1, -1, -1,
    -1, -1, -1, -1, -1, -1, -1, -1, -1, -1, -1, -1, -1, -1, -1, -1,
    -1, -1, -1, -1, -1, -1, -1, -1, -1, -1, -1, -1, -1, -1, -1, -1,
    -1, -1, -1, -1, -1, -1, -1, -1, -1, -1, -1, -1, -1, -1, -1, -1,
    -1, -1, -1, -1, -1, -1, -1, -1, -1, -1, -1, -1, -1, -1, -1, -1,
    -1, -1, -1, -1, -1, -1, -1, -1, -1, -1, -1, -1, -1, -1, -1, -1,
    -1, -1, -1, -1, -1, -1, -1, -1, -1, -1, -1, -1, -1, -1, -1, -1,
    -1, -1, -1, -1, -1, -1, -1, -1, -1, -1, -1, -1, -1, -1, -1, -1,
    -1, -1, -1, -1, -1, -1, -1, -1, -1, -1, -1, -1, -1, -1, -1, -1,
    -1, -1, -1, -1, -1, -1, -1, -1, -1, -1, -1, -1, -1, -1, -1, -1,
    -1, -1, -1, -1, -1, -1, -1, -1, -1, -1, -1, -1, -1, -1, -1, -1,
    -1, -1, -1, -1, -1, -1, -1, -1, -1, -1, -1, -1, -1, -1, -1, -1,
    -1, -1, -1, -1, -1, -1, -1, -1, -1, -1, -1, -1, -1, -1, -1, -1,
    -1, -1, -1, -1, -1, -1, -1, -1, -1, -1, -1, -1, -1, -1, -1, -1,
    -1, -1, -1, -1, -1, -1, -1, -1, -1, -1, -1, -1, -1, -1, -1, -1,
    -1, -1, -1, -1, -1, -1, -1, -1, -1, -1, -1, -1, -1, -1, -1, -1,
    -1, -1, -1, -1, -1, -1, -1, -1, -1, -1, -1, -1, -1, -1, -1, -1,
    -1, -1, -1, -1, -1, -1, -1, -1, -1, -1, -1, -1, -1, -1, -1, -1,
    -1, -1, -1, -1, -1, -1, -1, -1, -1, -1, -1, -1, -1, -1, -1, -1,
    -1, -1, -1, -1, -1, -1, -1, -1, -1, -1, -1, -1, -1, -1, -1, -1,
    -1, -1, -1, -1, -1, -1, -1, -1, -1, -1, -1, -1, -1, -1, -1, -1,
    -1, -1, -1, -1, -1, -1, -1, -1, -1, -1, -1, -1, -1, -1, -1, -1,
    -1, -1, -1, -1, -1, -1, -1, -1, -1, -1, -1, -1, -1, -1, -1, -1,
    -1, -1, -1, -1, -1, -1, -1, -1, -1, -1, -1, -1, -1, -1, -1, -1,
    -1, -1, -1, -1, -1, -1, -1, -1, -1, -1, -1, -1, -1, -1, -1, -1,
    -1, -1, -1, -1, -1, -1, -1, -1, -1, -1, -1, -1, -1, -1, -1, -1,
    -1, -1, -1, -1, -1, -1, -1, -1, -1, -1, -1, -1, -1, -1, -1, -1,
    -1, -1, -1, -1, -1, -1, -1, -1, -1, -1, -1, -1, -1, -1, -1, -1,
    -1, -1, -1, -1, -1, -1, -1, -1, -1, -1, -1, -1, -1, -1, -1, -1,
    -1, -1, -1, -1, -1, -1, -1, -1, -1, -1, -1, -1, -1, -1, -1, -1,
    -1, -1, -1, -1, -1, -1, -1, -1, -1, -1, -1, -1, -1, -1, -1, -1,
    -1, -1, -1, -1, -1, -1, -1, -1, -1, -1, -1, -1, -1, -1, -1, -1,
    -1, -1, -1, -1, -1, -1, -1, -1, -1, -1, -1, -1, -1, -1, -1, -1,
    -1, -1, -1, -1, -1, -1, -1, -1, -1, -1, -1, -1, -1, -1, -1, -1,
    -1, -1, -1, -1, -1, -1, -1, -1, -1, -1, -1, -1, -1, -1, -1, -1,
    -1, -1, -1, -1, -1, -1, -1, -1, -1, -1, -1, -1, -1, -1, -1, -1,
    -1, -1, -1, -1, -1, -1, -1, -1, -1, -1, -1, -1, -1, -1, -1, -1,
    -1, -1, -1, -1, -1, -1, -1, -1, -1, -1, -1, -1, -1, -1, -1, -1,
    -1, -1, -1, -1, -1, -1, -1, -1, -1, -1, -1, -1, -1, -1, -1, -1,
    -1, -1, -1, -1, -1, -1, -1, -1, -1, -1, -1, -1, -1, -1, -1, -1,
    -1, -1, -1, -1, -1, -1, -1, -1, -1, -1, -1, -1, -1, -1, -1, -1,
    -1, -1, -1, -1, -1, -1, -1, -1, -1, -1, -1, -1, -1, -1, -1, -1,
    -1, -1, -1, -1, -1, -1, -1, -1, -1, -1, -1, -1, -1, -1, -1, -1,
    -1, -1, -1, -1, -1, -1, -1, -1, -1, -1, -1, -1, -1, -1, -1, -1,
    -1, -1, -1, -1, -1, -1, -1, -1, -1, -1, -1, -1, -1, -1, -1, -1,
    -1, -1, -1, -1, -1, -1, -1, -1, -1, -1, -1, -1, -1, -1, -1, -1,
    -1, -1, -1, -1, -1, -1, -1, -1, -1, -1, -1, -1, -1, -1, -1, -1,
    -1, -1, -1, -1, -1, -1, -1, -1, -1, -1, -1, -1, -1, -1, -1, -1,
    -1, -1, -1, -1, -1, -1, -1, -1, -1, -1, -1, -1, -1, -1, -1, -1,
    -1, -1, -1, -1, -1, -1, -1, -1, -1, -1, -1, -1, -1, -1, -1, -1,
    -1, -1, -1, -1, -1, -1, -1, -1, -1, -1, -1, -1, -1, -1, -1, -1,
    -1, -1, -1, -1, -1, -1, -1, -1, -1, -1, -1, -1, -1, -1, -1, -1,
    -1, -1, -1, -1, -1, -1, -1, -1, -1, -1, -1, -1, -1, -1, -1, -1,
    -1, -1, -1, -1, -1, -1, -1, -1, -1, -1, -1, -1, -1, -1, -1, -1,
    -1, -1, -1, -1, -1, -1, -1, -1, -1, -1, -1, -1, -1, -1, -1, -1,
    -1, -1, -1, -1, -1, -1, -1, -1, -1, -1, -1, -1, -1, -1, -1, -1,
    -1, -1, -1, -1, -1, -1, -1, -1, -1, -1, -1, -1, -1, -1, -1, -1,
    -1, -1, -1, -1, -1, -1, -1, -1, -1, -1, -1, -1, -1, -1, -1, -1,
    -1, -1, -1, -1, -1, -1, -1, -1, -1, -1, -1, -1, -1, -1, -1, -1,
    -1, -1, -1, -1, -1, -1, -1, -1, -1, -1, -1, -1, -1, -1, -1, -1,
    -1, -1, -1, -1, -1, -1, -1, -1, -1, -1, -1, -1, -1, -1, -1, -1,
    -1, -1, -1, -1, -1, -1, -1, -1, -1, -1, -1, -1, -1, -1, -1, -1,
    -1, -1, -1, -1, -1, -1, -1, -1, -1, -1, -1, -1, -1, -1, -1, -1,
    -1, -1, -1, -1, -1, -1, -1, -1, -1, -1, -1, -1, -1, -1, -1, -1,
    -1, -1, -1, -1, -1, -1, -1, -1, -1, -1, -1, -1, -1, -1, -1, -1,
    -1, -1, -1, -1, -1, -1, -1, -1, -1, -1, -1, -1, -1, -1, -1, -1,
    -1, -1, -1, -1, -1, -1, -1, -1, -1, -1, -1, -1, -1, -1, -1, -1,
    -1, -1, -1, -1, -1, -1, -1, -1, -1, -1, -1, -1, -1, -1, -1, -1,
    -1, -1, -1, -1, -1, -1, -1, -1, -1, -1, -1, -1, -1, -1, -1, -1,
    -1, -1, -1, -1, -1, -1, -1, -1, -1, -1, -1, -1, -1, -1, -1, -1,
    -1, -1, -1, -1, -1, -1, -1, -1, -1, -1, -1, -1, -1, -1, -1, -1,
    -1, -1, -1, -1, -1, -1, -1, -1, -1, -1, -1, -1, -1, -1, -1, -1,
    -1, -1, -1, -1, -1, -1, -1, -1, -1, -1, -1, -1, -1, -1, -1, -1,
    -1, -1, -1, -1, -1, -1, -1, -1, -1, -1, -1, -1, -1, -1, -1, -1,
    -1, -1, -1, -1, -1, -1, -1, -1, -1, -1, -1, -1, -1, -1, -1, -1,
    -1, -1, -1, -1, -1, -1, -1, -1, -1, -1, -1, -1, -1, -1, -1, -1,
    -1, -1, -1, -1, -1, -1, -1, -1, -1, -1, -1, -1, -1, -1, -1, -1,
    -1, -1, -1, -1, -1, -1, -1, -1, -1, -1, -1, -1, -1, -1, -1, -1,
    -1, -1, -1, -1, -1, -1, -1, -1, -1, -1, -1, -1, -1, -1, -1, -1,
    -1, -1, -1, -1, -1, -1, -1, -1, -1, -1, -1, -1, -1, -1, -1, -1,
    -1, -1, -1, -1, -1, -1, -1, -1, -1, -1, -1, -1, -1, -1, -1, -1,
    -1, -1, -1, -1, -1, -1, -1, -1, -1, -1, -1, -1, -1, -1, -1, -1,
    -1, -1, -1, -1, -1, -1, -1, -1, -1, -1, -1, -1, -1, -1, -1, -1,
    -1, -1, -1, -1, -1, -1, -1, -1, -1, -1, -1, -1, -1, -1, -1, -1,
    -1, -1, -1, -1, -1, -1, -1, -1, -1, -1, -1, -1, -1, -1, -1, -1,
    -1, -1, -1, -1, -1, -1, -1, -1, -1, -1, -1, -1, -1, -1, -1, -1,
    -1, -1, -1, -1, -1, -1, -1, -1, -1, -1, -1, -1, -1, -1, -1, -1,
    -1, -1, -1, -1, -1, -1, -1, -1, -1, -1, -1, -1, -1, -1, -1, -1,
    -1, -1, -1, -1, -1, -1, -1, -1, -1, -1, -1, -1, -1, -1, -1, -1,
    -1, -1, -1, -1, -1, -1, -1, -1, -1, -1, -1, -1, -1, -1, -1, -1,
    -1, -1, -1, -1, -1, -1, -1, -1, -1, -1, -1, -1, -1, -1, -1, -1,
    -1, -1, -1, -1, -1, -1, -1, -1, -1, -1, -1, -1, -1, -1, -1, -1,
    -1, -1, -1, -1, -1, -1, -1, -1, -1, -1, -1, -1, -1, -1, -1, -1,
    -1, -1, -1, -1, -1, -1, -1, -1, -1, -1, -1, -1, -1, -1, -1, -1,
    -1, -1, -1, -1, -1, -1, -1, -1, -1, -1, -1, -1, -1, -1, -1, -1,
    -1, -1, -1, -1, -1, -1, -1, -1, -1, -1, -1, -1, -1, -1, -1, -1,
    -1, -1, -1, -1, -1, -1, -1, -1, -1, -1, -1, -1, -1, -1, -1, -1,
    -1, -1, -1, -1, -1, -1, -1, -1, -1, -1, -1, -1, -1, -1, -1, -1,
    -1, -1, -1, -1, -1, -1, -1, -1, -1, -1, -1, -1, -1, -1, -1, -1,
    -1, -1, -1, -1, -1, -1, -1, -1, -1, -1, -1, -1, -1, -1, -1, -1,
    -1, -1, -1, -1, -1, -1, -1, -1, -1, -1, -1, -1, -1, -1, -1, -1,
    -1, -1, -1, -1, -1, -1, -1, -1, -1, -1, -1, -1, -1, -1, -1, -1,
    -1, -1, -1, -1, -1, -1, -1, -1, -1, -1, -1, -1, -1, -1, -1, -1,
    -1, -1, -1, -1, -1, -1, -1, -1, -1, -1, -1, -1, -1, -1, -1, -1,
    -1, -1, -1, -1, -1, -1, -1, -1, -1, -1, -1, -1, -1, -1, -1, -1,
    -1, -1, -1, -1, -1, -1, -1, -1, -1, -1, -1, -1, -1, -1, -1, -1,
    -1, -1, -1, -1, -1, -1, -1, -1, -1, -1, -1, -1, -1, -1, -1, -1,
    -1, -1, -1, -1, -1, -1, -1, -1, -1, -1, -1, -1, -1, -1, -1, -1,
    -1, -1, -1, -1, -1, -1, -1, -1, -1, -1, -1, -1, -1, -1, -1, -1,
    -1, -1, -1, -1, -1, -1, -1, -1, -1, -1, -1, -1, -1, -1, -1, -1,
    -1, -1, -1, -1, -1, -1, -1, -1, -1, -1, -1, -1, -1, -1, -1, -1,
    -1, -1, -1, -1, -1, -1, -1, -1, -1, -1, -1, -1, -1, -1, -1, -1,
    -1, -1, -1, -1, -1, -1, -1, -1, -1, -1, -1, -1, -1, -1, -1, -1,
    -1, -1, -1, -1, -1, -1, -1, -1, -1, -1, -1, -1, -1, -1, -1, -1,
    -1, -1, -1, -1, -1, -1, -1, -1, -1, -1, -1, -1, -1, -1, -1, -1,
    -1, -1, -1, -1, -1, -1, -1, -1, -1, -1, -1, -1, -1, -1, -1, -1,
    -1, -1, -1, -1, -1, -1, -1, -1, -1, -1, -1, -1, -1, -1, -1, -1,
    -1, -1, -1, -1, -1, -1, -1, -1, -1, -1, -1, -1, -1, -1, -1, -1,
    -1, -1, -1, -1, -1, -1, -1, -1, -1, -1, -1, -1, -1, -1, -1, -1,
    -1, -1, -1, -1, -1, -1, -1, -1, -1, -1, -1, -1, -1, -1, -1, -1,
    -1, -1, -1, -1, -1, -1, -1, -1, -1, -1, -1, -1, -1, -1, -1, -1,
    -1, -1, -1, -1, -1, -1, -1, -1, -1, -1, -1, -1, -1, -1, -1, -1,
    -1, -1, -1, -1, -1, -1, -1, -1, -1, -1, -1, -1, -1, -1, -1, -1,
    -1, -1, -1, -1, -1, -1, -1, -1, -1, -1, -1, -1, -1, -1, -1, -1,
    -1, -1, -1, -1, -1, -1, -1, -1, -1, -1, -1, -1, -1, -1, -1, -1,
    -1, -1, -1, -1, -1, -1, -1, -1, -1, -1, -1, -1, -1, -1, -1, -1,
    -1, -1, -1, -1, -1, -1, -1, -1, -1, -1, -1, -1, -1, -1, -1, -1,
    -1, -1, -1, -1, -1, -1, -1, -1, -1, -1, -1, -1, -1, -1, -1, -1,
    -1, -1, -1, -1, -1, -1, -1, -1, -1, -1, -1, -1, -1, -1, -1, -1,
    -1, -1, -1, -1, -1, -1, -1, -1, -1, -1, -1, -1, -1, -1, -1, -1,
    -1, -1, -1, -1, -1, -1, -1, -1, -1, -1, -1, -1, -1, -1, -1, -1,
    -1, -1, -1, -1, -1, -1, -1, -1, -1, -1, -1, -1, -1, -1, -1, -1,
    -1, -1, -1, -1, -1, -1, -1, -1, -1, -1, -1, -1, -1, -1, -1, -1,
    -1, -1, -1, -1, -1, -1, -1, -1, -1, -1, -1, -1, -1, -1, -1, -1,
    -1, -1, -1, -1, -1, -1, -1, -1, -1, -1, -1, -1, -1, -1, -1, -1,
    -1, -1, -1, -1, -1, -1, -1, -1, -1, -1, -1, -1, -1, -1, -1, -1,
    -1, -1, -1, -1, -1, -1, -1, -1, -1, -1, -1, -1, -1, -1, -1, -1,
    -1, -1, -1, -1, -1, -1, -1, -1, -1, -1, -1, -1, -1, -1, -1, -1,
    -1, -1, -1, -1, -1, -1, -1, -1, -1, -1, -1, -1, -1, -1, -1, -1,
    -1, -1, -1, -1, -1, -1, -1, -1, -1, -1, -1, -1, -1, -1, -1, -1,
    -1, -1, -1, -1, -1, -1, -1, -1, -1, -1, -1, -1, -1, -1, -1, -1,
    -1, -1, -1, -1, -1, -1, -1, -1, -1, -1, -1, -1, -1, -1, -1, -1,
    -1, -1, -1, -1, -1, -1, -1, -1, -1, -1, -1, -1, -1, -1, -1, -1,
    -1, -1, -1, -1, -1, -1, -1, -1, -1, -1, -1, -1, -1, -1, -1, -1,
    -1, -1, -1, -1, -1, -1, -1, -1, -1, -1, -1, -1, -1, -1, -1, -1,
    -1, -1, -1, -1, -1, -1, -1, -1, -1, -1, -1, -1, -1, -1, -1, -1,
    -1, -1, -1, -1, -1, -1, -1, -1, -1, -1, -1, -1, -1, -1, -1, -1,
    -1, -1, -1, -1, -1, -1, -1, -1, -1, -1, -1, -1, -1, -1, -1, -1,
    -1, -1, -1, -1, -1, -1, -1, -1, -1, -1, -1, -1, -1, -1, -1, -1,
    -1, -1, -1, -1, -1, -1, -1, -1, -1, -1, -1, -1, -1, -1, -1, -1,
    -1, -1, -1, -1, -1, -1, -1, -1, -1, -1, -1, -1, -1, -1, -1, -1,
    -1, -1, -1, -1, -1, -1, -1, -1, -1, -1, -1, -1, -1, -1, -1, -1,
    -1, -1, -1, -1, -1, -1, -1, -1, -1, -1, -1, -1, -1, -1, -1, -1,
    -1, -1, -1, -1, -1, -1, -1, -1, -1, -1, -1, -1, -1, -1, -1, -1,
    -1, -1, -1, -1, -1, -1, -1, -1, -1, -1, -1, -1, -1, -1, -1, -1,
    -1, -1, -1, -1, -1, -1, -1, -1, -1, -1, -1, -1, -1, -1, -1, -1,
    -1, -1, -1, -1, -1, -1, -1, -1, -1, -1, -1, -1, -1, -1, -1, -1,
    -1, -1, -1, -1, -1, -1, -1, -1, -1, -1, -1, -1, -1, -1, -1, -1,
    -1, -1, -1, -1, -1, -1, -1, -1, -1, -1, -1, -1, -1, -1, -1, -1,
    -1, -1, -1, -1, -1, -1, -1, -1, -1, -1, -1, -1, -1, -1, -1, -1,
    -1, -1, -1, -1, -1, -1, -1, -1, -1, -1, -1, -1, -1, -1, -1, -1,
    -1, -1, -1, -1, -1, -1, -1, -1, -1, -1, -1, -1, -1, -1, -1, -1,
    -1, -1, -1, -1, -1, -1, -1, -1, -1, -1, -1, -1, -1, -1, -1, -1,
    -1, -1, -1, -1, -1, -1, -1, -1, -1, -1, -1, -1, -1, -1, -1, -1,
    -1, -1, -1, -1, -1, -1, -1, -1, -1, -1, -1, -1, -1, -1, -1, -1,
    -1, -1, -1, -1, -1, -1, -1, -1, -1, -1, -1, -1, -1, -1, -1, -1,
    -1, -1, -1, -1, -1, -1, -1, -1, -1, -1, -1, -1, -1, -1, -1, -1,
    -1, -1, -1, -1, -1, -1, -1, -1, -1, -1, -1, -1, -1, -1, -1, -1,
    -1, -1, -1, -1, -1, -1, -1, -1, -1, -1, -1, -1, -1, -1, -1, -1,
    -1, -1, -1, -1, -1, -1, -1, -1, -1, -1, -1, -1, -1, -1, -1, -1,
    -1, -1, -1, -1, -1, -1, -1, -1, -1, -1, -1, -1, -1, -1, -1, -1,
    -1, -1, -1, -1, -1, -1, -1, -1, -1, -1, -1, -1, -1, -1, -1, -1,
    -1, -1, -1, -1, -1, -1, -1, -1, -1, -1, -1, -1, -1, -1, -1, -1,
    -1, -1, -1, -1, -1, -1, -1, -1, -1, -1, -1, -1, -1, -1, -1, -1,
    -1, -1, -1, -1, -1, -1, -1, -1, -1, -1, -1, -1, -1, -1, -1, -1,
    -1, -1, -1, -1, -1, -1, -1, -1, -1, -1, -1, -1, -1, -1, -1, -1,
    -1, -1, -1, -1, -1, -1, -1, -1, -1, -1, -1, -1, -1, -1, -1, -1,
    -1, -1, -1, -1, -1, -1, -1, -1, -1, -1, -1, -1, -1, -1, -1, -1,
    -1, -1, -1, -1, -1, -1, -1, -1, -1, -1, -1, -1, -1, -1, -1, -1,
    -1, -1, -1, -1, -1, -1, -1, -1, -1, -1, -1, -1, -1, -1, -1, -1,
    -1, -1, -1, -1, -1, -1, -1, -1, -1, -1, -1, -1, -1, -1, -1, -1,
    -1, -1, -1, -1, -1, -1, -1, -1, -1, -1, -1, -1, -1, -1, -1, -1,
    -1, -1, -1, -1, -1, -1, -1, -1, -1, -1, -1, -1, -1, -1, -1, -1,
    -1, -1, -1, -1, -1, -1, -1, -1, -1, -1, -1, -1, -1, -1, -1, -1,
    -1, -1, -1, -1, -1, -1, -1, -1, -1, -1, -1, -1, -1, -1, -1, -1,
    -1, -1, -1, -1, -1, -1, -1, -1, -1, -1, -1, -1, -1, -1, -1, -1,
    -1, -1, -1, -1, -1, -1, -1, -1, -1, -1, -1, -1, -1, -1, -1, -1,
    -1, -1, -1, -1, -1, -1, -1, -1, -1, -1, -1, -1, -1, -1, -1, -1,
    -1, -1, -1, -1, -1, -1, -1, -1, -1, -1, -1, -1, -1, -1, -1, -1,
    -1, -1, -1, -1, -1, -1, -1, -1, -1, -1, -1, -1, -1, -1, -1, -1,
    -1, -1, -1, -1, -1, -1, -1, -1, -1, -1, -1, -1, -1, -1, -1, -1,
    -1, -1, -1, -1, -1, -1, -1, -1, -1, -1, -1, -1, -1, -1, -1, -1,
    -1, -1, -1, -1, -1, -1, -1, -1, -1, -1, -1, -1, -1, -1, -1, -1,
    -1, -1, -1, -1, -1, -1, -1, -1, -1, -1, -1, -1, -1, -1, -1, -1,
    -1, -1, -1, -1, -1, -1, -1, -1, -1, -1, -1, -1, -1, -1, -1, -1,
    -1, -1, -1, -1, -1, -1, -1, -1, -1, -1, -1, -1, -1, -1, -1, -1,
    -1, -1, -1, -1, -1, -1, -1, -1, -1, -1, -1, -1, -1, -1, -1, -1,
    -1, -1, -1, -1, -1, -1, -1, -1, -1, -1, -1, -1, -1, -1, -1, -1,
    -1, -1, -1, -1, -1, -1, -1, -1, -1, -1, -1, -1, -1, -1, -1, -1,
    -1, -1, -1, -1, -1, -1, -1, -1, -1, -1, -1, -1, -1, -1, -1, -1,
    -1, -1, -1, -1, -1, -1, -1, -1, -1, -1, -1, -1, -1, -1, -1, -1,
    -1, -1, -1, -1, -1, -1, -1, -1, -1, -1, -1, -1, -1, -1, -1, -1,
    -1, -1, -1, -1, -1, -1, -1, -1, -1, -1, -1, -1, -1, -1, -1, -1,
    -1, -1, -1, -1, -1, -1, -1, -1, -1, -1, -1, -1, -1, -1, -1, -1,
    -1, -1, -1, -1, -1, -1, -1, -1, -1, -1, -1, -1, -1, -1, -1, -1,
    -1, -1, -1, -1, -1, -1, -1, -1, -1, -1, -1, -1, -1, -1, -1, -1,
    -1, -1, -1, -1, -1, -1, -1, -1, -1, -1, -1, -1, -1, -1, -1, -1,
    -1, -1, -1, -1, -1, -1, -1, -1, -1, -1, -1, -1, -1, -1, -1, -1,
    -1, -1, -1, -1, -1, -1, -1, -1, -1, -1, -1, -1, -1, -1, -1, -1,
    -1, -1, -1, -1, -1, -1, -1, -1, -1, -1, -1, -1, -1, -1, -1, -1,
    -1, -1, -1, -1, -1, -1, -1, -1, -1, -1, -1, -1, -1, -1, -1, -1,
    -1, -1, -1, -1, -1, -1, -1, -1, -1, -1, -1, -1, -1, -1, -1, -1,
    -1, -1, -1, -1, -1, -1, -1, -1, -1, -1, -1, -1, -1, -1, -1, -1,
    -1, -1, -1, -1, -1, -1, -1, -1, -1, -1, -1, -1, -1, -1, -1, -1,
    -1, -1, -1, -1, -1, -1, -1, -1, -1, -1, -1, -1, -1, -1, -1, -1,
    -1, -1, -1, -1, -1, -1, -1, -1, -1, -1, -1, -1, -1, -1, -1, -1,
    -1, -1, -1, -1, -1, -1, -1, -1, -1, -1, -1, -1, -1, -1, -1, -1,
    -1, -1, -1, -1, -1, -1, -1, -1, -1, -1, -1, -1, -1, -1, -1, -1,
    -1, -1, -1, -1, -1, -1, -1, -1, -1, -1, -1, -1, -1, -1, -1, -1,
    -1, -1, -1, -1, -1, -1, -1, -1, -1, -1, -1, -1, -1, -1, -1, -1,
    -1, -1, -1, -1, -1, -1, -1, -1, -1, -1, -1, -1, -1, -1, -1, -1,
    -1, -1, -1, -1, -1, -1, -1, -1, -1, -1, -1, -1, -1, -1, -1, -1,
    -1, -1, -1, -1, -1, -1, -1, -1, -1, -1, -1, -1, -1, -1, -1, -1,
    -1, -1, -1, -1, -1, -1, -1, -1, -1, -1, -1, -1, -1, -1, -1, -1,
    -1, -1, -1, -1, -1, -1, -1, -1, -1, -1, -1, -1, -1, -1, -1, -1,
    -1, -1, -1, -1, -1, -1, -1, -1, -1, -1, -1, -1, -1, -1, -1, -1,
    -1, -1, -1, -1, -1, -1, -1, -1, -1, -1, -1, -1, -1, -1, -1, -1,
    -1, -1, -1, -1, -1, -1, -1, -1, -1, -1, -1, -1, -1, -1, -1, -1,
    -1, -1, -1, -1, -1, -1, -1, -1, -1, -1, -1, -1, -1, -1, -1, -1,
    -1, -1, -1, -1, -1, -1, -1, -1, -1, -1, -1, -1, -1, -1, -1, -1,
    -1, -1, -1, -1, -1, -1, -1, -1, -1, -1, -1, -1, -1, -1, -1, -1,
    -1, -1, -1, -1, -1, -1, -1, -1, -1, -1, -1, -1, -1, -1, -1, -1,
    -1, -1, -1, -1, -1, -1, -1, -1, -1, -1, -1, -1, -1, -1, -1, -1,
    -1, -1, -1, -1, -1, -1, -1, -1, -1, -1, -1, -1, -1, -1, -1, -1,
    -1, -1, -1, -1, -1, -1, -1, -1, -1, -1, -1, -1, -1, -1, -1, -1,
    -1, -1, -1, -1, -1, -1, -1, -1, -1, -1, -1, -1, -1, -1, -1, -1,
    -1, -1, -1, -1, -1, -1, -1, -1, -1, -1, -1, -1, -1, -1, -1, -1,
    -1, -1, -1, -1, -1, -1, -1, -1, -1, -1, -1, -1, -1, -1, -1, -1,
    -1, -1, -1, -1, -1, -1, -1, -1, -1, -1, -1, -1, -1, -1, -1, -1,
    -1, -1, -1, -1, -1, -1, -1, -1, -1, -1, -1, -1, -1, -1, -1, -1,
    -1, -1, -1, -1, -1, -1, -1, -1, -1, -1, -1, -1, -1, -1, -1, -1,
    -1, -1, -1, -1, -1, -1, -1, -1, -1, -1, -1, -1, -1, -1, -1, -1,
    -1, -1, -1, -1, -1, -1, -1, -1, -1, -1, -1, -1, -1, -1, -1, -1,
    -1, -1, -1, -1, -1, -1, -1, -1, -1, -1, -1, -1, -1, -1, -1, -1,
    -1, -1, -1, -1, -1, -1, -1, -1, -1, -1, -1, -1, -1, -1, -1, -1,
    -1, -1, -1, -1, -1, -1, -1, -1, -1, -1, -1, -1, -1, -1, -1, -1,
    -1, -1, -1, -1, -1, -1, -1, -1, -1, -1, -1, -1, -1, -1, -1, -1,
    -1, -1, -1, -1, -1, -1, -1, -1, -1, -1, -1, -1, -1, -1, -1, -1,
    -1, -1, -1, -1, -1, -1, -1, -1, -1, -1, -1, -1, -1, -1, -1, -1,
    -1, -1, -1, -1, -1, -1, -1, -1, -1, -1, -1, -1, -1, -1, -1, -1,
    -1, -1, -1, -1, -1, -1, -1, -1, -1, -1, -1, -1, -1, -1, -1, -1,
    -1, -1, -1, -1, -1, -1, -1, -1, -1, -1, -1, -1, -1, -1, -1, -1,
    -1, -1, -1, -1, -1, -1, -1, -1, -1, -1, -1, -1, -1, -1, -1, -1,
    -1, -1, -1, -1, -1, -1, -1, -1, -1, -1, -1, -1, -1, -1, -1, -1,
    -1, -1, -1, -1, -1, -1, -1, -1, -1, -1, -1, -1, -1, -1, -1, -1,
    -1, -1, -1, -1, -1, -1, -1, -1, -1, -1, -1, -1, -1, -1, -1, -1,
    -1, -1, -1, -1, -1, -1, -1, -1, -1, -1, -1, -1, -1, -1, -1, -1,
    -1, -1, -1, -1, -1, -1, -1, -1, -1, -1, -1, -1, -1, -1, -1, -1,
    -1, -1, -1, -1, -1, -1, -1, -1, -1, -1, -1, -1, -1, -1, -1, -1,
    -1, -1, -1, -1, -1, -1, -1, -1, -1, -1, -1, -1, -1, -1, -1, -1,
    -1, -1, -1, -1, -1, -1, -1, -1, -1, -1, -1, -1, -1, -1, -1, -1,
    -1, -1, -1, -1, -1, -1, -1, -1, -1, -1, -1, -1, -1, -1, -1, -1,
    -1, -1, -1, -1, -1, -1, -1, -1, -1, -1, -1, -1, -1, -1, -1, -1,
    -1, -1, -1, -1, -1, -1, -1, -1, -1, -1, -1, -1, -1, -1, -1, -1,
    -1, -1, -1, -1, -1, -1, -1, -1, -1, -1, -1, -1, -1, -1, -1, -1,
    -1, -1, -1, -1, -1, -1, -1, -1, -1, -1, -1, -1, -1, -1, -1, -1,
    -1, -1, -1, -1, -1, -1, -1, -1, -1, -1, -1, -1, -1, -1, -1, -1,
    -1, -1, -1, -1, -1, -1, -1, -1, -1, -1, -1, -1, -1, -1, -1, -1,
    -1, -1, -1, -1, -1, -1, -1, -1, -1, -1, -1, -1, -1, -1, -1, -1,
    -1, -1, -1, -1, -1, -1, -1, -1, -1, -1, -1, -1, -1, -1, -1, -1,
    -1, -1, -1, -1, -1, -1, -1, -1, -1, -1, -1, -1, -1, -1, -1, -1,
    -1, -1, -1, -1, -1, -1, -1, -1, -1, -1, -1, -1, -1, -1, -1, -1,
    -1, -1, -1, -1, -1, -1, -1, -1, -1, -1, -1, -1, -1, -1, -1, -1,
    -1, -1, -1, -1, -1, -1, -1, -1, -1, -1, -1, -1, -1, -1, -1, -1,
    -1, -1, -1, -1, -1, -1, -1, -1, -1, -1, -1, -1, -1, -1, -1, -1,
    -1, -1, -1, -1, -1, -1, -1, -1, -1, -1, -1, -1, -1, -1, -1, -1,
    -1, -1, -1, -1, -1, -1, -1, -1, -1, -1, -1, -1, -1, -1, -1, -1,
    -1, -1, -1, -1, -1, -1, -1, -1, -1, -1, -1, -1, -1, -1, -1, -1,
    -1, -1, -1, -1, -1, -1, -1, -1, -1, -1, -1, -1, -1, -1, -1, -1,
    -1, -1, -1, -1, -1, -1, -1, -1, -1, -1, -1, -1, -1, -1, -1, -1,
    -1, -1, -1, -1, -1, -1, -1, -1, -1, -1, -1, -1, -1, -1, -1, -1,
    -1, -1, -1, -1, -1, -1, -1, -1, -1, -1, -1, -1, -1, -1, -1, -1,
    -1, -1, -1, -1, -1, -1, -1, -1, -1, -1, -1, -1, -1, -1, -1, -1,
    -1, -1, -1, -1, -1, -1, -1, -1, -1, -1, -1, -1, -1, -1, -1, -1,
    -1, -1, -1, -1, -1, -1, -1, -1, -1, -1, -1, -1, -1, -1, -1, -1,
    -1, -1, -1, -1, -1, -1, -1, -1, -1, -1, -1, -1, -1, -1, -1, -1,
    -1, -1, -1, -1, -1, -1, -1, -1, -1, -1, -1, -1, -1, -1, -1, -1,
    -1, -1, -1, -1, -1, -1, -1, -1, -1, -1, -1, -1, -1, -1, -1, -1,
    -1, -1, -1, -1, -1, -1, -1, -1, -1, -1, -1, -1, -1, -1, -1, -1,
    -1, -1, -1, -1, -1, -1, -1, -1, -1, -1, -1, -1, -1, -1, -1, -1,
    -1, -1, -1, -1, -1, -1, -1, -1, -1, -1, -1, -1, -1, -1, -1, -1,
    -1, -1, -1, -1, -1, -1, -1, -1, -1, -1, -1, -1, -1, -1, -1, -1,
    -1, -1, -1, -1, -1, -1, -1, -1, -1, -1, -1, -1, -1, -1, -1, -1,
    -1, -1, -1, -1, -1, -1, -1, -1, -1, -1, -1, -1, -1, -1, -1, -1,
    -1, -1, -1, -1, -1, -1, -1, -1, -1, -1, -1, -1, -1, -1, -1, -1,
    -1, -1, -1, -1, -1, -1, -1, -1, -1, -1, -1, -1, -1, -1, -1, -1,
    -1, -1, -1, -1, -1, -1, -1, -1, -1, -1, -1, -1, -1, -1, -1, -1,
    -1, -1, -1, -1, -1, -1, -1, -1, -1, -1, -1, -1, -1, -1, -1, -1,
    -1, -1, -1, -1, -1, -1, -1, -1, -1, -1, -1, -1, -1, -1, -1, -1,
    -1, -1, -1, -1, -1, -1, -1, -1, -1, -1, -1, -1, -1, -1, -1, -1,
    -1, -1, -1, -1, -1, -1, -1, -1, -1, -1, -1, -1, -1, -1, -1, -1,
    -1, -1, -1, -1, -1, -1, -1, -1, -1, -1, -1, -1, -1, -1, -1, -1,
    -1, -1, -1, -1, -1, -1, -1, -1, -1, -1, -1, -1, -1, -1, -1, -1,
    -1, -1, -1, -1, -1, -1, -1, -1, -1, -1, -1, -1, -1, -1, -1, -1,
    -1, -1, -1, -1, -1, -1, -1, -1, -1, -1, -1, -1, -1, -1, -1, -1,
    -1, -1, -1, -1, -1, -1, -1, -1, -1, -1, -1, -1, -1, -1, -1, -1,
    -1, -1, -1, -1, -1, -1, -1, -1, -1, -1, -1, -1, -1, -1, -1, -1,
    -1, -1, -1, -1, -1, -1, -1, -1, -1, -1, -1, -1, -1, -1, -1, -1,
    -1, -1, -1, -1, -1, -1, -1, -1, -1, -1, -1, -1, -1, -1, -1, -1,
    -1, -1, -1, -1, -1, -1, -1, -1, -1, -1, -1, -1, -1, -1, -1, -1,
    -1, -1, -1, -1, -1, -1, -1, -1, -1, -1, -1, -1, -1, -1, -1, -1,
    -1, -1, -1, -1, -1, -1, -1, -1, -1, -1, -1, -1, -1, -1, -1, -1,
    -1, -1, -1, -1, -1, -1, -1, -1, -1, -1, -1, -1, -1, -1, -1, -1,
    -1, -1, -1, -1, -1, -1, -1, -1, -1, -1, -1, -1, -1, -1, -1, -1,
    -1, -1, -1, -1, -1, -1, -1, -1, -1, -1, -1, -1, -1, -1, -1, -1,
    -1, -1, -1, -1, -1, -1, -1, -1, -1, -1, -1, -1, -1, -1, -1, -1,
    -1, -1, -1, -1, -1, -1, -1, -1, -1, -1, -1, -1, -1, -1, -1, -1,
    -1, -1, -1, -1, -1, -1, -1, -1, -1, -1, -1, -1, -1, -1, -1, -1,
    -1, -1, -1, -1, -1, -1, -1, -1, -1, -1, -1, -1, -1, -1, -1, -1,
    -1, -1, -1, -1, -1, -1, -1, -1, -1, -1, -1, -1, -1, -1, -1, -1,
    -1, -1, -1, -1, -1, -1, -1, -1, -1, -1, -1, -1, -1, -1, -1, -1,
    -1, -1, -1, -1, -1, -1, -1, -1, -1, -1, -1, -1, -1, -1, -1, -1,
    -1, -1, -1, -1, -1, -1, -1, -1, -1, -1, -1, -1, -1, -1, -1, -1,
    -1, -1, -1, -1, -1, -1, -1, -1, -1, -1, -1, -1, -1, -1, -1, -1,
    -1, -1, -1, -1, -1, -1, -1, -1, -1, -1, -1, -1, -1, -1, -1, -1,
    -1, -1, -1, -1, -1, -1, -1, -1, -1, -1, -1, -1, -1, -1, -1, -1,
    -1, -1, -1, -1, -1, -1, -1, -1, -1, -1, -1, -1, -1, -1, -1, -1,
    -1, -1, -1, -1, -1, -1, -1, -1, -1, -1, -1, -1, -1, -1, -1, -1,
    -1, -1, -1, -1, -1, -1, -1, -1, -1, -1, -1, -1, -1, -1, -1, -1,
    -1, -1, -1, -1, -1, -1, -1, -1, -1, -1, -1, -1, -1, -1, -1, -1,
    -1, -1, -1, -1, -1, -1, -1, -1, -1, -1, -1, -1, -1, -1, -1, -1,
    -1, -1, -1, -1, -1, -1, -1, -1, -1, -1, -1, -1, -1, -1, -1, -1,
    -1, -1, -1, -1, -1, -1, -1, -1, -1, -1, -1, -1, -1, -1, -1, -1,
    -1, -1, -1, -1, -1, -1, -1, -1, -1, -1, -1, -1, -1, -1, -1, -1,
    -1, -1, -1, -1, -1, -1, -1, -1, -1, -1, -1, -1, -1, -1, -1, -1,
    -1, -1, -1, -1, -1, -1, -1, -1, -1, -1, -1, -1, -1, -1, -1, -1,
    -1, -1, -1, -1, -1, -1, -1, -1, -1, -1, -1, -1, -1, -1, -1, -1,
    -1, -1, -1, -1, -1, -1, -1, -1, -1, -1, -1, -1, -1, -1, -1, -1,
    -1, -1, -1, -1, -1, -1, -1, -1, -1, -1, -1, -1, -1, -1, -1, -1,
    -1, -1, -1, -1, -1, -1, -1, -1, -1, -1, -1, -1, -1, -1, -1, -1,
    -1, -1, -1, -1, -1, -1, -1, -1, -1, -1, -1, -1, -1, -1, -1, -1,
    -1, -1, -1, -1, -1, -1, -1, -1, -1, -1, -1, -1, -1, -1, -1, -1,
    -1, -1, -1, -1, -1, -1, -1, -1, -1, -1, -1, -1, -1, -1, -1, -1,
    -1, -1, -1, -1, -1, -1, -1, -1, -1, -1, -1, -1, -1, -1, -1, -1,
    -1, -1, -1, -1, -1, -1, -1, -1, -1, -1, -1, -1, -1, -1, -1, -1,
    -1, -1, -1, -1, -1, -1, -1, -1, -1, -1, -1, -1, -1, -1, -1, -1,
    -1, -1, -1, -1, -1, -1, -1, -1, -1, -1, -1, -1, -1, -1, -1, -1,
    -1, -1, -1, -1, -1, -1, -1, -1, -1, -1, -1, -1, -1, -1, -1, -1,
    -1, -1, -1, -1, -1, -1, -1, -1, -1, -1, -1, -1, -1, -1, -1, -1,
    -1, -1, -1, -1, -1, -1, -1, -1, -1, -1, -1, -1, -1, -1, -1, -1,
    -1, -1, -1, -1, -1, -1, -1, -1, -1, -1, -1, -1, -1, -1, -1, -1,
    -1, -1, -1, -1, -1, -1, -1, -1, -1, -1, -1, -1, -1, -1, -1, -1,
    -1, -1, -1, -1, -1, -1, -1, -1, -1, -1, -1, -1, -1, -1, -1, -1,
    -1, -1, -1, -1, -1, -1, -1, -1, -1, -1, -1, -1, -1, -1, -1, -1,
    -1, -1, -1, -1, -1, -1, -1, -1, -1, -1, -1, -1, -1, -1, -1, -1,
    -1, -1, -1, -1, -1, -1, -1, -1, -1, -1, -1, -1, -1, -1, -1, -1,
    -1, -1, -1, -1, -1, -1, -1, -1, -1, -1, -1, -1, -1, -1, -1, -1,
    -1, -1, -1, -1, -1, -1, -1, -1, -1, -1, -1, -1, -1, -1, -1, -1,
    -1, -1, -1, -1, -1, -1, -1, -1, -1, -1, -1, -1, -1, -1, -1, -1,
    -1, -1, -1, -1, -1, -1, -1, -1, -1, -1, -1, -1, -1, -1, -1, -1,
    -1, -1, -1, -1, -1, -1, -1, -1, -1, -1, -1, -1, -1, -1, -1, -1,
    -1, -1, -1, -1, -1, -1, -1, -1, -1, -1, -1, -1, -1, -1, -1, -1,
    -1, -1, -1, -1, -1, -1, -1, -1, -1, -1, -1, -1, -1, -1, -1, -1,
    -1, -1, -1, -1, -1, -1, -1, -1, -1, -1, -1, -1, -1, -1, -1, -1,
    -1, -1, -1, -1, -1, -1, -1, -1, -1, -1, -1, -1, -1, -1, -1, -1,
    -1, -1, -1, -1, -1, -1, -1, -1, -1, -1, -1, -1, -1, -1, -1, -1,
    -1, -1, -1, -1, -1, -1, -1, -1, -1, -1, -1, -1, -1, -1, -1, -1,
    -1, -1, -1, -1, -1, -1, -1, -1, -1, -1, -1, -1, -1, -1, -1, -1,
    -1, -1, -1, -1, -1, -1, -1, -1, -1, -1, -1, -1, -1, -1, -1, -1,
    -1, -1, -1, -1, -1, -1, -1, -1, -1, -1, -1, -1, -1, -1, -1, -1,
    -1, -1, -1, -1, -1, -1, -1, -1, -1, -1, -1, -1, -1, -1, -1, -1,
    -1, -1, -1, -1, -1, -1, -1, -1, -1, -1, -1, -1, -1, -1, -1, -1,
    -1, -1, -1, -1, -1, -1, -1, -1, -1, -1, -1, -1, -1, -1, -1, -1,
    -1, -1, -1, -1, -1, -1, -1, -1, -1, -1, -1, -1, -1, -1, -1, -1,
    -1, -1, -1, -1, -1, -1, -1, -1, -1, -1, -1, -1, -1, -1, -1, -1,
    -1, -1, -1, -1, -1, -1, -1, -1, -1, -1, -1, -1, -1, -1, -1, -1,
    -1, -1, -1, -1, -1, -1, -1, -1, -1, -1, -1, -1, -1, -1, -1, -1,
    -1, -1, -1, -1, -1, -1, -1, -1, -1, -1, -1, -1, -1, -1, -1, -1,
    -1, -1, -1, -1, -1, -1, -1, -1, -1, -1, -1, -1, -1, -1, -1, -1,
    -1, -1, -1, -1, -1, -1, -1, -1, -1, -1, -1, -1, -1, -1, -1, -1,
    -1, -1, -1, -1, -1, -1, -1, -1, -1, -1, -1, -1, -1, -1, -1, -1,
    -1, -1, -1, -1, -1, -1, -1, -1, -1, -1, -1, -1, -1, -1, -1, -1,
    -1, -1, -1, -1, -1, -1, -1, -1, -1, -1, -1, -1, -1, -1, -1, -1,
    -1, -1, -1, -1, -1, -1, -1, -1, -1, -1, -1, -1, -1, -1, -1, -1,
    -1, -1, -1, -1, -1, -1, -1, -1, -1, -1, -1, -1, -1, -1, -1, -1,
    -1, -1, -1, -1, -1, -1, -1, -1, -1, -1, -1, -1, -1, -1, -1, -1,
    -1, -1, -1, -1, -1, -1, -1, -1, -1, -1, -1, -1, -1, -1, -1, -1,
    -1, -1, -1, -1, -1, -1, -1, -1, -1, -1, -1, -1, -1, -1, -1, -1,
    -1, -1, -1, -1, -1, -1, -1, -1, -1, -1, -1, -1, -1, -1, -1, -1,
    -1, -1, -1, -1, -1, -1, -1, -1, -1, -1, -1, -1, -1, -1, -1, -1,
    -1, -1, -1, -1, -1, -1, -1, -1, -1, -1, -1, -1, -1, -1, -1, -1,
    -1, -1, -1, -1, -1, -1, -1, -1, -1, -1, -1, -1, -1, -1, -1, -1,
    -1, -1, -1, -1, -1, -1, -1, -1, -1, -1, -1, -1, -1, -1, -1, -1,
    -1, -1, -1, -1, -1, -1, -1, -1, -1, -1, -1, -1, -1, -1, -1, -1,
    -1, -1, -1, -1, -1, -1, -1, -1, -1, -1, -1, -1, -1, -1, -1, -1,
    -1, -1, -1, -1, -1, -1, -1, -1, -1, -1, -1, -1, -1, -1, -1, -1,
    -1, -1, -1, -1, -1, -1, -1, -1, -1, -1, -1, -1, -1, -1, -1, -1,
    -1, -1, -1, -1, -1, -1, -1, -1, -1, -1, -1, -1, -1, -1, -1, -1,
    -1, -1, -1, -1, -1, -1, -1, -1, -1, -1, -1, -1, -1, -1, -1, -1,
    -1, -1, -1, -1, -1, -1, -1, -1, -1, -1, -1, -1, -1, -1, -1, -1,
    -1, -1, -1, -1, -1, -1, -1, -1, -1, -1, -1, -1, -1, -1, -1, -1,
    -1, -1, -1, -1, -1, -1, -1, -1, -1, -1, -1, -1, -1, -1, -1, -1,
    -1, -1, -1, -1, -1, -1, -1, -1, -1, -1, -1, -1, -1, -1, -1, -1,
    -1, -1, -1, -1, -1, -1, -1, -1, -1, -1, -1, -1, -1, -1, -1, -1,
    -1, -1, -1, -1, -1, -1, -1, -1, -1, -1, -1, -1, -1, -1, -1, -1,
    -1, -1, -1, -1, -1, -1, -1, -1, -1, -1, -1, -1, -1, -1, -1, -1,
    -1, -1, -1, -1, -1, -1, -1, -1, -1, -1, -1, -1, -1, -1, -1, -1,
    -1, -1, -1, -1, -1, -1, -1, -1, -1, -1, -1, -1, -1, -1, -1, -1,
    -1, -1, -1, -1, -1, -1, -1, -1, -1, -1, -1, -1, -1, -1, -1, -1,
    -1, -1, -1, -1, -1, -1, -1, -1, -1, -1, -1, -1, -1, -1, -1, -1,
    -1, -1, -1, -1, -1, -1, -1, -1, -1, -1, -1, -1, -1, -1, -1, -1,
    -1, -1, -1, -1, -1, -1, -1, -1, -1, -1, -1, -1, -1, -1, -1, -1,
    -1, -1, -1, -1, -1, -1, -1, -1, -1, -1, -1, -1, -1, -1, -1, -1,
    -1, -1, -1, -1, -1, -1, -1, -1, -1, -1, -1, -1, -1, -1, -1, -1,
    -1, -1, -1, -1, -1, -1, -1, -1, -1, -1, -1, -1, -1, -1, -1, -1,
    -1, -1, -1, -1, -1, -1, -1, -1, -1, -1, -1, -1, -1, -1, -1, -1,
    -1, -1, -1, -1, -1, -1, -1, -1, -1, -1, -1, -1, -1, -1, -1, -1,
    -1, -1, -1, -1, -1, -1, -1, -1, -1, -1, -1, -1, -1, -1, -1, -1,
    -1, -1, -1, -1, -1, -1, -1, -1, -1, -1, -1, -1, -1, -1, -1, -1,
    -1, -1, -1, -1, -1, -1, -1, -1, -1, -1, -1, -1, -1, -1, -1, -1,
    -1, -1, -1, -1, -1, -1, -1, -1, -1, -1, -1, -1, -1, -1, -1, -1,
    -1, -1, -1, -1, -1, -1, -1, -1, -1, -1, -1, -1, -1, -1, -1, -1,
    -1, -1, -1, -1, -1, -1, -1, -1, -1, -1, -1, -1, -1, -1, -1, -1,
    -1, -1, -1, -1, -1, -1, -1, -1, -1, -1, -1, -1, -1, -1, -1, -1,
    -1, -1, -1, -1, -1, -1, -1, -1, -1, -1, -1, -1, -1, -1, -1, -1,
    -1, -1, -1, -1, -1, -1, -1, -1, -1, -1, -1, -1, -1, -1, -1, -1,
    -1, -1, -1, -1, -1, -1, -1, -1, -1, -1, -1, -1, -1, -1, -1, -1,
    -1, -1, -1, -1, -1, -1, -1, -1, -1, -1, -1, -1, -1, -1, -1, -1,
    -1, -1, -1, -1, -1, -1, -1, -1, -1, -1, -1, -1, -1, -1, -1, -1,
    -1, -1, -1, -1, -1, -1, -1, -1, -1, -1, -1, -1, -1, -1, -1, -1,
    -1, -1, -1, -1, -1, -1, -1, -1, -1, -1, -1, -1, -1, -1, -1, -1,
    -1, -1, -1, -1, -1, -1, -1, -1, -1, -1, -1, -1, -1, -1, -1, -1,
    -1, -1, -1, -1, -1, -1, -1, -1, -1, -1, -1, -1, -1, -1, -1, -1,
    -1, -1, -1, -1, -1, -1, -1, -1, -1, -1, -1, -1, -1, -1, -1, -1,
    -1, -1, -1, -1, -1, -1, -1, -1, -1, -1, -1, -1, -1, -1, -1, -1,
    -1, -1, -1, -1, -1, -1, -1, -1, -1, -1, -1, -1, -1, -1, -1, -1,
    -1, -1, -1, -1, -1, -1, -1, -1, -1, -1, -1, -1, -1, -1, -1, -1,
    -1, -1, -1, -1, -1, -1, -1, -1, -1, -1, -1, -1, -1, -1, -1, -1,
    -1, -1, -1, -1, -1, -1, -1, -1, -1, -1, -1, -1, -1, -1, -1, -1,
    -1, -1, -1, -1, -1, -1, -1, -1, -1, -1, -1, -1, -1, -1, -1, -1,
    -1, -1, -1, -1, -1, -1, -1, -1, -1, -1, -1, -1, -1, -1, -1, -1,
    -1, -1, -1, -1, -1, -1, -1, -1, -1, -1, -1, -1, -1, -1, -1, -1,
    -1, -1, -1, -1, -1, -1, -1, -1, -1, -1, -1, -1, -1, -1, -1, -1,
    -1, -1, -1, -1, -1, -1, -1, -1, -1, -1, -1, -1, -1, -1, -1, -1,
    -1, -1, -1, -1, -1, -1, -1, -1, -1, -1, -1, -1, -1, -1, -1, -1,
    -1, -1, -1, -1, -1, -1, -1, -1, -1, -1, -1, -1, -1, -1, -1, -1,
    -1, -1, -1, -1, -1, -1, -1, -1, -1, -1, -1, -1, -1, -1, -1, -1,
    -1, -1, -1, -1, -1, -1, -1, -1, -1, -1, -1, -1, -1, -1, -1, -1,
    -1, -1, -1, -1, -1, -1, -1, -1, -1, -1, -1, -1, -1, -1, -1, -1,
    -1, -1, -1, -1, -1, -1, -1, -1, -1, -1, -1, -1, -1, -1, -1, -1,
    -1, -1, -1, -1, -1, -1, -1, -1, -1, -1, -1, -1, -1, -1, -1, -1,
    -1, -1, -1, -1, -1, -1, -1, -1, -1, -1, -1, -1, -1, -1, -1, -1,
    -1, -1, -1, -1, -1, -1, -1, -1, -1, -1, -1, -1, -1, -1, -1, -1,
    -1, -1, -1, -1, -1, -1, -1, -1, -1, -1, -1, -1, -1, -1, -1, -1,
    -1, -1, -1, -1, -1, -1, -1, -1, -1, -1, -1, -1, -1, -1, -1, -1,
    -1, -1, -1, -1, -1, -1, -1, -1, -1, -1, -1, -1, -1, -1, -1, -1,
    -1, -1, -1, -1, -1, -1, -1, -1, -1, -1, -1, -1, -1, -1, -1, -1,
    -1, -1, -1, -1, -1, -1, -1, -1, -1, -1, -1, -1, -1, -1, -1, -1,
    -1, -1, -1, -1, -1, -1, -1, -1, -1, -1, -1, -1, -1, -1, -1, -1,
    -1, -1, -1, -1, -1, -1, -1, -1, -1, -1, -1, -1, -1, -1, -1, -1,
    -1, -1, -1, -1, -1, -1, -1, -1, -1, -1, -1, -1, -1, -1, -1, -1,
    -1, -1, -1, -1, -1, -1, -1, -1, -1, -1, -1, -1, -1, -1, -1, -1,
    -1, -1, -1, -1, -1, -1, -1, -1, -1, -1, -1, -1, -1, -1, -1, -1,
    -1, -1, -1, -1, -1, -1, -1, -1, -1, -1, -1, -1, -1, -1, -1, -1,
    -1, -1, -1, -1, -1, -1, -1, -1, -1, -1, -1, -1, -1, -1, -1, -1,
    -1, -1, -1, -1, -1, -1, -1, -1, -1, -1, -1, -1, -1, -1, -1, -1,
    -1, -1, -1, -1, -1, -1, -1, -1, -1, -1, -1, -1, -1, -1, -1, -1,
    -1, -1, -1, -1, -1, -1, -1, -1, -1, -1, -1, -1, -1, -1, -1, -1,
    -1, -1, -1, -1, -1, -1, -1, -1, -1, -1, -1, -1, -1, -1, -1, -1,
    -1, -1, -1, -1, -1, -1, -1, -1, -1, -1, -1, -1, -1, -1, -1, -1,
    -1, -1, -1, -1, -1, -1, -1, -1, -1, -1, -1, -1, -1, -1, -1, -1,
    -1, -1, -1, -1, -1, -1, -1, -1, -1, -1, -1, -1, -1, -1, -1, -1,
    -1, -1, -1, -1, -1, -1, -1, -1, -1, -1, -1, -1, -1, -1, -1, -1,
    -1, -1, -1, -1, -1, -1, -1, -1, -1, -1, -1, -1, -1, -1, -1, -1,
    -1, -1, -1, -1, -1, -1, -1, -1, -1, -1, -1, -1, -1, -1, -1, -1,
    -1, -1, -1, -1, -1, -1, -1, -1, -1, -1, -1, -1, -1, -1, -1, -1,
    -1, -1, -1, -1, -1, -1, -1, -1, -1, -1, -1, -1, -1, -1, -1, -1,
    -1, -1, -1, -1, -1, -1, -1, -1, -1, -1, -1, -1, -1, -1, -1, -1,
    -1, -1, -1, -1, -1, -1, -1, -1, -1, -1, -1, -1, -1, -1, -1, -1,
    -1, -1, -1, -1, -1, -1, -1, -1, -1, -1, -1, -1, -1, -1, -1, -1,
    -1, -1, -1, -1, -1, -1, -1, -1, -1, -1, -1, -1, -1, -1, -1, -1,
    -1, -1, -1, -1, -1, -1, -1, -1, -1, -1, -1, -1, -1, -1, -1, -1,
    -1, -1, -1, -1, -1, -1, -1, -1, -1, -1, -1, -1, -1, -1, -1, -1,
    -1, -1, -1, -1, -1, -1, -1, -1, -1, -1, -1, -1, -1, -1, -1, -1,
    -1, -1, -1, -1, -1, -1, -1, -1, -1, -1, -1, -1, -1, -1, -1, -1,
    -1, -1, -1, -1, -1, -1, -1, -1, -1, -1, -1, -1, -1, -1, -1, -1,
    -1, -1, -1, -1, -1, -1, -1, -1, -1, -1, -1, -1, -1, -1, -1, -1,
    -1, -1, -1, -1, -1, -1, -1, -1, -1, -1, -1, -1, -1, -1, -1, -1,
    -1, -1, -1, -1, -1, -1, -1, -1, -1, -1, -1, -1, -1, -1, -1, -1,
    -1, -1, -1, -1, -1, -1, -1, -1, -1, -1, -1, -1, -1, -1, -1, -1,
    -1, -1, -1, -1, -1, -1, -1, -1, -1, -1, -1, -1, -1, -1, -1, -1,
    -1, -1, -1, -1, -1, -1, -1, -1, -1, -1, -1, -1, -1, -1, -1, -1,
    -1, -1, -1, -1, -1, -1, -1, -1, -1, -1, -1, -1, -1, -1, -1, -1,
    -1, -1, -1, -1, -1, -1, -1, -1, -1, -1, -1, -1, -1, -1, -1, -1,
    -1, -1, -1, -1, -1, -1, -1, -1, -1, -1, -1, -1, -1, -1, -1, -1,
    -1, -1, -1, -1, -1, -1, -1, -1, -1, -1, -1, -1, -1, -1, -1, -1,
    -1, -1, -1, -1, -1, -1, -1, -1, -1, -1, -1, -1, -1, -1, -1, -1,
    -1, -1, -1, -1, -1, -1, -1, -1, -1, -1, -1, -1, -1, -1, -1, -1,
    -1, -1, -1, -1, -1, -1, -1, -1, -1, -1, -1, -1, -1, -1, -1, -1,
    -1, -1, -1, -1, -1, -1, -1, -1, -1, -1, -1, -1, -1, -1, -1, -1,
    -1, -1, -1, -1, -1, -1, -1, -1, -1, -1, -1, -1, -1, -1, -1, -1,
    -1, -1, -1, -1, -1, -1, -1, -1, -1, -1, -1, -1, -1, -1, -1, -1,
    -1, -1, -1, -1, -1, -1, -1, -1, -1, -1, -1, -1, -1, -1, -1, -1,
    -1, -1, -1, -1, -1, -1, -1, -1, -1, -1, -1, -1, -1, -1, -1, -1,
    -1, -1, -1, -1, -1, -1, -1, -1, -1, -1, -1, -1, -1, -1, -1, -1,
    -1, -1, -1, -1, -1, -1, -1, -1, -1, -1, -1, -1, -1, -1, -1, -1,
    -1, -1, -1, -1, -1, -1, -1, -1, -1, -1, -1, -1, -1, -1, -1, -1,
    -1, -1, -1, -1, -1, -1, -1, -1, -1, -1, -1, -1, -1, -1, -1, -1,
    -1, -1, -1, -1, -1, -1, -1, -1, -1, -1, -1, -1, -1, -1, -1, -1,
    -1, -1, -1, -1, -1, -1, -1, -1, -1, -1, -1, -1, -1, -1, -1, -1,
    -1, -1, -1, -1, -1, -1, -1, -1, -1, -1, -1, -1, -1, -1, -1, -1,
    -1, -1, -1, -1, -1, -1, -1, -1, -1, -1, -1, -1, -1, -1, -1, -1,
    -1, -1, -1, -1, -1, -1, -1, -1, -1, -1, -1, -1, -1, -1, -1, -1,
    -1, -1, -1, -1, -1, -1, -1, -1, -1, -1, -1, -1, -1, -1, -1, -1,
    -1, -1, -1, -1, -1, -1, -1, -1, -1, -1, -1, -1, -1, -1, -1, -1,
    -1, -1, -1, -1, -1, -1, -1, -1, -1, -1, -1, -1, -1, -1, -1, -1,
    -1, -1, -1, -1, -1, -1, -1, -1, -1, -1, -1, -1, -1, -1, -1, -1,
    -1, -1, -1, -1, -1, -1, -1, -1, -1, -1, -1, -1, -1, -1, -1, -1,
    -1, -1, -1, -1, -1, -1, -1, -1, -1, -1, -1, -1, -1, -1, -1, -1,
    -1, -1, -1, -1, -1, -1, -1, -1, -1, -1, -1, -1, -1, -1, -1, -1,
    -1, -1, -1, -1, -1, -1, -1, -1, -1, -1, -1, -1, -1, -1, -1, -1,
    -1, -1, -1, -1, -1, -1, -1, -1, -1, -1, -1, -1, -1, -1, -1, -1,
    -1, -1, -1, -1, -1, -1, -1, -1, -1, -1, -1, -1, -1, -1, -1, -1,
    -1, -1, -1, -1, -1, -1, -1, -1, -1, -1, -1, -1, -1, -1, -1, -1,
    -1, -1, -1, -1, -1, -1, -1, -1, -1, -1, -1, -1, -1, -1, -1, -1,
    -1, -1, -1, -1, -1, -1, -1, -1, -1, -1, -1, -1, -1, -1, -1, -1,
    -1, -1, -1, -1, -1, -1, -1, -1, -1, -1, -1, -1, -1, -1, -1, -1,
    -1, -1, -1, -1, -1, -1, -1, -1, -1, -1, -1, -1, -1, -1, -1, -1,
    -1, -1, -1, -1, -1, -1, -1, -1, -1, -1, -1, -1, -1, -1, -1, -1,
    -1, -1, -1, -1, -1, -1, -1, -1, -1, -1, -1, -1, -1, -1, -1, -1,
    -1, -1, -1, -1, -1, -1, -1, -1, -1, -1, -1, -1, -1, -1, -1, -1,
    -1, -1, -1, -1, -1, -1, -1, -1, -1, -1, -1, -1, -1, -1, -1, -1,
    -1, -1, -1, -1, -1, -1, -1, -1, -1, -1, -1, -1, -1, -1, -1, -1,
    -1, -1, -1, -1, -1, -1, -1, -1, -1, -1, -1, -1, -1, -1, -1, -1,
    -1, -1, -1, -1, -1, -1, -1, -1, -1, -1, -1, -1, -1, -1, -1, -1,
    -1, -1, -1, -1, -1, -1, -1, -1, -1, -1, -1, -1, -1, -1, -1, -1,
    -1, -1, -1, -1, -1, -1, -1, -1, -1, -1, -1, -1, -1, -1, -1, -1,
    -1, -1, -1, -1, -1, -1, -1, -1, -1, -1, -1, -1, -1, -1, -1, -1,
    -1, -1, -1, -1, -1, -1, -1, -1, -1, -1, -1, -1, -1, -1, -1, -1,
    -1, -1, -1, -1, -1, -1, -1, -1, -1, -1, -1, -1, -1, -1, -1, -1,
    -1, -1, -1, -1, -1, -1, -1, -1, -1, -1, -1, -1, -1, -1, -1, -1,
    -1, -1, -1, -1, -1, -1, -1, -1, -1, -1, -1, -1, -1, -1, -1, -1,
    -1, -1, -1, -1, -1, -1, -1, -1, -1, -1, -1, -1, -1, -1, -1, -1,
    -1, -1, -1, -1, -1, -1, -1, -1, -1, -1, -1, -1, -1, -1, -1, -1,
    -1, -1, -1, -1, -1, -1, -1, -1, -1, -1, -1, -1, -1, -1, -1, -1,
    -1, -1, -1, -1, -1, -1, -1, -1, -1, -1, -1, -1, -1, -1, -1, -1,
    -1, -1, -1, -1, -1, -1, -1, -1, -1, -1, -1, -1, -1, -1, -1, -1,
    -1, -1, -1, -1, -1, -1, -1, -1, -1, -1, -1, -1, -1, -1, -1, -1,
    -1, -1, -1, -1, -1, -1, -1, -1, -1, -1, -1, -1, -1, -1, -1, -1,
    -1, -1, -1, -1, -1, -1, -1, -1, -1, -1, -1, -1, -1, -1, -1, -1,
    -1, -1, -1, -1, -1, -1, -1, -1, -1, -1, -1, -1, -1, -1, -1, -1,
    -1, -1, -1, -1, -1, -1, -1, -1, -1, -1, -1, -1, -1, -1, -1, -1,
    -1, -1, -1, -1, -1, -1, -1, -1, -1, -1, -1, -1, -1, -1, -1, -1,
    -1, -1, -1, -1, -1, -1, -1, -1, -1, -1, -1, -1, -1, -1, -1, -1,
    -1, -1, -1, -1, -1, -1, -1, -1, -1, -1, -1, -1, -1, -1, -1, -1,
    -1, -1, -1, -1, -1, -1, -1, -1, -1, -1, -1, -1, -1, -1, -1, -1,
    -1, -1, -1, -1, -1, -1, -1, -1, -1, -1, -1, -1, -1, -1, -1, -1,
    -1, -1, -1, -1, -1, -1, -1, -1, -1, -1, -1, -1, -1, -1, -1, -1,
    -1, -1, -1, -1, -1, -1, -1, -1, -1, -1, -1, -1, -1, -1, -1, -1,
    -1, -1, -1, -1, -1, -1, -1, -1, -1, -1, -1, -1, -1, -1, -1, -1,
    -1, -1, -1, -1, -1, -1, -1, -1, -1, -1, -1, -1, -1, -1, -1, -1,
    -1, -1, -1, -1, -1, -1, -1, -1, -1, -1, -1, -1, -1, -1, -1, -1,
    -1, -1, -1, -1, -1, -1, -1, -1, -1, -1, -1, -1, -1, -1, -1, -1,
    -1, -1, -1, -1, -1, -1, -1, -1, -1, -1, -1, -1, -1, -1, -1, -1,
    -1, -1, -1, -1, -1, -1, -1, -1, -1, -1, -1, -1, -1, -1, -1, -1,
    -1, -1, -1, -1, -1, -1, -1, -1, -1, -1, -1, -1, -1, -1, -1, -1,
    -1, -1, -1, -1, -1, -1, -1, -1, -1, -1, -1, -1, -1, -1, -1, -1,
    -1, -1, -1, -1, -1, -1, -1, -1, -1, -1, -1, -1, -1, -1, -1, -1,
    -1, -1, -1, -1, -1, -1, -1, -1, -1, -1, -1, -1, -1, -1, -1, -1,
    -1, -1, -1, -1, -1, -1, -1, -1, -1, -1, -1, -1, -1, -1, -1, -1,
    -1, -1, -1, -1, -1, -1, -1, -1, -1, -1, -1, -1, -1, -1, -1, -1,
    -1, -1, -1, -1, -1, -1, -1, -1, -1, -1, -1, -1, -1, -1, -1, -1,
    -1, -1, -1, -1, -1, -1, -1, -1, -1, -1, -1, -1, -1, -1, -1, -1,
    -1, -1, -1, -1, -1, -1, -1, -1, -1, -1, -1, -1, -1, -1, -1, -1,
    -1, -1, -1, -1, -1, -1, -1, -1, -1, -1, -1, -1, -1, -1, -1, -1,
    -1, -1, -1, -1, -1, -1, -1, -1, -1, -1, -1, -1, -1, -1, -1, -1,
    -1, -1, -1, -1, -1, -1, -1, -1, -1, -1, -1, -1, -1, -1, -1, -1,
    -1, -1, -1, -1, -1, -1, -1, -1, -1, -1, -1, -1, -1, -1, -1, -1,
    -1, -1, -1, -1, -1, -1, -1, -1, -1, -1, -1, -1, -1, -1, -1, -1,
    -1, -1, -1, -1, -1, -1, -1, -1, -1, -1, -1, -1, -1, -1, -1, -1,
    -1, -1, -1, -1, -1, -1, -1, -1, -1, -1, -1, -1, -1, -1, -1, -1,
    -1, -1, -1, -1, -1, -1, -1, -1, -1, -1, -1, -1, -1, -1, -1, -1,
    -1, -1, -1, -1, -1, -1, -1, -1, -1, -1, -1, -1, -1, -1, -1, -1,
    -1, -1, -1, -1, -1, -1, -1, -1, -1, -1, -1, -1, -1, -1, -1, -1,
    -1, -1, -1, -1, -1, -1, -1, -1, -1, -1, -1, -1, -1, -1, -1, -1,
    -1, -1, -1, -1, -1, -1, -1, -1, -1, -1, -1, -1, -1, -1, -1, -1,
    -1, -1, -1, -1, -1, -1, -1, -1, -1, -1, -1, -1, -1, -1, -1, -1,
    -1, -1, -1, -1, -1, -1, -1, -1, -1, -1, -1, -1, -1, -1, -1, -1,
    -1, -1, -1, -1, -1, -1, -1, -1, -1, -1, -1, -1, -1, -1, -1, -1,
    -1, -1, -1, -1, -1, -1, -1, -1, -1, -1, -1, -1, -1, -1, -1, -1,
    -1, -1, -1, -1, -1, -1, -1, -1, -1, -1, -1, -1, -1, -1, -1, -1,
    -1, -1, -1, -1, -1, -1, -1, -1, -1, -1, -1, -1, -1, -1, -1, -1,
    -1, -1, -1, -1, -1, -1, -1, -1, -1, -1, -1, -1, -1, -1, -1, -1,
    -1, -1, -1, -1, -1, -1, -1, -1, -1, -1, -1, -1, -1, -1, -1, -1,
    -1, -1, -1, -1, -1, -1, -1, -1, -1, -1, -1, -1, -1, -1, -1, -1,
    -1, -1, -1, -1, -1, -1, -1, -1, -1, -1, -1, -1, -1, -1, -1, -1,
    -1, -1, -1, -1, -1, -1, -1, -1, -1, -1, -1, -1, -1, -1, -1, -1,
    -1, -1, -1, -1, -1, -1, -1, -1, -1, -1, -1, -1, -1, -1, -1, -1,
    -1, -1, -1, -1, -1, -1, -1, -1, -1, -1, -1, -1, -1, -1, -1, -1,
    -1, -1, -1, -1, -1, -1, -1, -1, -1, -1, -1, -1, -1, -1, -1, -1,
    -1, -1, -1, -1, -1, -1, -1, -1, -1, -1, -1, -1, -1, -1, -1, -1,
    -1, -1, -1, -1, -1, -1, -1, -1, -1, -1, -1, -1, -1, -1, -1, -1,
    -1, -1, -1, -1, -1, -1, -1, -1, -1, -1, -1, -1, -1, -1, -1, -1,
    -1, -1, -1, -1, -1, -1, -1, -1, -1, -1, -1, -1, -1, -1, -1, -1,
    -1, -1, -1, -1, -1, -1, -1, -1, -1, -1, -1, -1, -1, -1, -1, -1,
    -1, -1, -1, -1, -1, -1, -1, -1, -1, -1, -1, -1, -1, -1, -1, -1,
    -1, -1, -1, -1, -1, -1, -1, -1, -1, -1, -1, -1, -1, -1, -1, -1,
    -1, -1, -1, -1, -1, -1, -1, -1, -1, -1, -1, -1, -1, -1, -1, -1,
    -1, -1, -1, -1, -1, -1, -1, -1, -1, -1, -1, -1, -1, -1, -1, -1,
    -1, -1, -1, -1, -1, -1, -1, -1, -1, -1, -1, -1, -1, -1, -1, -1,
    -1, -1, -1, -1, -1, -1, -1, -1, -1, -1, -1, -1, -1, -1, -1, -1,
    -1, -1, -1, -1, -1, -1, -1, -1, -1, -1, -1, -1, -1, -1, -1, -1,
    -1, -1, -1, -1, -1, -1, -1, -1, -1, -1, -1, -1, -1, -1, -1, -1,
    -1, -1, -1, -1, -1, -1, -1, -1, -1, -1, -1, -1, -1, -1, -1, -1,
    -1, -1, -1, -1, -1, -1, -1, -1, -1, -1, -1, -1, -1, -1, -1, -1,
    -1, -1, -1, -1, -1, -1, -1, -1, -1, -1, -1, -1, -1, -1, -1, -1,
    -1, -1, -1, -1, -1, -1, -1, -1, -1, -1, -1, -1, -1, -1, -1, -1,
    -1, -1, -1, -1, -1, -1, -1, -1, -1, -1, -1, -1, -1, -1, -1, -1,
    -1, -1, -1, -1, -1, -1, -1, -1, -1, -1, -1, -1, -1, -1, -1, -1,
    -1, -1, -1, -1, -1, -1, -1, -1, -1, -1, -1, -1, -1, -1, -1, -1,
    -1, -1, -1, -1, -1, -1, -1, -1, -1, -1, -1, -1, -1, -1, -1, -1,
    -1, -1, -1, -1, -1, -1, -1, -1, -1, -1, -1, -1, -1, -1, -1, -1,
    -1, -1, -1, -1, -1, -1, -1, -1, -1, -1, -1, -1, -1, -1, -1, -1,
    -1, -1, -1, -1, -1, -1, -1, -1, -1, -1, -1, -1, -1, -1, -1, -1,
    -1, -1, -1, -1, -1, -1, -1, -1, -1, -1, -1, -1, -1, -1, -1, -1,
    -1, -1, -1, -1, -1, -1, -1, -1, -1, -1, -1, -1, -1, -1, -1, -1,
    -1, -1, -1, -1, -1, -1, -1, -1, -1, -1, -1, -1, -1, -1, -1, -1,
    -1, -1, -1, -1, -1, -1, -1, -1, -1, -1, -1, -1, -1, -1, -1, -1,
    -1, -1, -1, -1, -1, -1, -1, -1, -1, -1, -1, -1, -1, -1, -1, -1,
    -1, -1, -1, -1, -1, -1, -1, -1, -1, -1, -1, -1, -1, -1, -1, -1,
    -1, -1, -1, -1, -1, -1, -1, -1, -1, -1, -1, -1, -1, -1, -1, -1,
    -1, -1, -1, -1, -1, -1, -1, -1, -1, -1, -1, -1, -1, -1, -1, -1,
    -1, -1, -1, -1, -1, -1, -1, -1, -1, -1, -1, -1, -1, -1, -1, -1,
    -1, -1, -1, -1, -1, -1, -1, -1, -1, -1, -1, -1, -1, -1, -1, -1,
    -1, -1, -1, -1, -1, -1, -1, -1, -1, -1, -1, -1, -1, -1, -1, -1,
    -1, -1, -1, -1, -1, -1, -1, -1, -1, -1, -1, -1, -1, -1, -1, -1,
    -1, -1, -1, -1, -1, -1, -1, -1, -1, -1, -1, -1, -1, -1, -1, -1,
    -1, -1, -1, -1, -1, -1, -1, -1, -1, -1, -1, -1, -1, -1, -1, -1,
    -1, -1, -1, -1, -1, -1, -1, -1, -1, -1, -1, -1, -1, -1, -1, -1,
    -1, -1, -1, -1, -1, -1, -1, -1, -1, -1, -1, -1, -1, -1, -1, -1,
    -1, -1, -1, -1, -1, -1, -1, -1, -1, -1, -1, -1, -1, -1, -1, -1,
    -1, -1, -1, -1, -1, -1, -1, -1, -1, -1, -1, -1, -1, -1, -1, -1,
    -1, -1, -1, -1, -1, -1, -1, -1, -1, -1, -1, -1, -1, -1, -1, -1,
    -1, -1, -1, -1, -1, -1, -1, -1, -1, -1, -1, -1, -1, -1, -1, -1,
    -1, -1, -1, -1, -1, -1, -1, -1, -1, -1, -1, -1, -1, -1, -1, -1,
    -1, -1, -1, -1, -1, -1, -1, -1, -1, -1, -1, -1, -1, -1, -1, -1,
    -1, -1, -1, -1, -1, -1, -1, -1, -1, -1, -1, -1, -1, -1, -1, -1,
    -1, -1, -1, -1, -1, -1, -1, -1, -1, -1, -1, -1, -1, -1, -1, -1,
    -1, -1, -1, -1, -1, -1, -1, -1, -1, -1, -1, -1, -1, -1, -1, -1,
    -1, -1, -1, -1, -1, -1, -1, -1, -1, -1, -1, -1, -1, -1, -1, -1,
    -1, -1, -1, -1, -1, -1, -1, -1, -1, -1, -1, -1, -1, -1, -1, -1,
    -1, -1, -1, -1, -1, -1, -1, -1, -1, -1, -1, -1, -1, -1, -1, -1,
    -1, -1, -1, -1, -1, -1, -1, -1, -1, -1, -1, -1, -1, -1, -1, -1,
    -1, -1, -1, -1, -1, -1, -1, -1, -1, -1, -1, -1, -1, -1, -1, -1,
    -1, -1, -1, -1, -1, -1, -1, -1, -1, -1, -1, -1, -1, -1, -1, -1,
    -1, -1, -1, -1, -1, -1, -1, -1, -1, -1, -1, -1, -1, -1, -1, -1,
    -1, -1, -1, -1, -1, -1, -1, -1, -1, -1, -1, -1, -1, -1, -1, -1,
    -1, -1, -1, -1, -1, -1, -1, -1, -1, -1, -1, -1, -1, -1, -1, -1,
    -1, -1, -1, -1, -1, -1, -1, -1, -1, -1, -1, -1, -1, -1, -1, -1,
    -1, -1, -1, -1, -1, -1, -1, -1, -1, -1, -1, -1, -1, -1, -1, -1,
    -1, -1, -1, -1, -1, -1, -1, -1, -1, -1, -1, -1, -1, -1, -1, -1,
    -1, -1, -1, -1, -1, -1, -1, -1, -1, -1, -1, -1, -1, -1, -1, -1,
    -1, -1, -1, -1, -1, -1, -1, -1, -1, -1, -1, -1, -1, -1, -1, -1,
    -1, -1, -1, -1, -1, -1, -1, -1, -1, -1, -1, -1, -1, -1, -1, -1,
    -1, -1, -1, -1, -1, -1, -1, -1, -1, -1, -1, -1, -1, -1, -1, -1,
    -1, -1, -1, -1, -1, -1, -1, -1, -1, -1, -1, -1, -1, -1, -1, -1,
    -1, -1, -1, -1, -1, -1, -1, -1, -1, -1, -1, -1, -1, -1, -1, -1,
    -1, -1, -1, -1, -1, -1, -1, -1, -1, -1, -1, -1, -1, -1, -1, -1,
    -1, -1, -1, -1, -1, -1, -1, -1, -1, -1, -1, -1, -1, -1, -1, -1,
    -1, -1, -1, -1, -1, -1, -1, -1, -1, -1, -1, -1, -1, -1, -1, -1,
    -1, -1, -1, -1, -1, -1, -1, -1, -1, -1, -1, -1, -1, -1, -1, -1,
    -1, -1, -1, -1, -1, -1, -1, -1, -1, -1, -1, -1, -1, -1, -1, -1,
    -1, -1, -1, -1, -1, -1, -1, -1, -1, -1, -1, -1, -1, -1, -1, -1,
    -1, -1, -1, -1, -1, -1, -1, -1, -1, -1, -1, -1, -1, -1, -1, -1,
    -1, -1, -1, -1, -1, -1, -1, -1, -1, -1, -1, -1, -1, -1, -1, -1,
    -1, -1, -1, -1, -1, -1, -1, -1, -1, -1, -1, -1, -1, -1, -1, -1,
    -1, -1, -1, -1, -1, -1, -1, -1, -1, -1, -1, -1, -1, -1, -1, -1,
    -1, -1, -1, -1, -1, -1, -1, -1, -1, -1, -1, -1, -1, -1, -1, -1,
    -1, -1, -1, -1, -1, -1, -1, -1, -1, -1, -1, -1, -1, -1, -1, -1,
    -1, -1, -1, -1, -1, -1, -1, -1, -1, -1, -1, -1, -1, -1, -1, -1,
    -1, -1, -1, -1, -1, -1, -1, -1, -1, -1, -1, -1, -1, -1, -1, -1,
    -1, -1, -1, -1, -1, -1, -1, -1, -1, -1, -1, -1, -1, -1, -1, -1,
    -1, -1, -1, -1, -1, -1, -1, -1, -1, -1, -1, -1, -1, -1, -1, -1,
    -1, -1, -1, -1, -1, -1, -1, -1, -1, -1, -1, -1, -1, -1, -1, -1,
    -1, -1, -1, -1, -1, -1, -1, -1, -1, -1, -1, -1, -1, -1, -1, -1,
    -1, -1, -1, -1, -1, -1, -1, -1, -1, -1, -1, -1, -1, -1, -1, -1,
    -1, -1, -1, -1, -1, -1, -1, -1, -1, -1, -1, -1, -1, -1, -1, -1,
    -1, -1, -1, -1, -1, -1, -1, -1, -1, -1, -1, -1, -1, -1, -1, -1,
    -1, -1, -1, -1, -1, -1, -1, -1, -1, -1, -1, -1, -1, -1, -1, -1,
    -1, -1, -1, -1, -1, -1, -1, -1, -1, -1, -1, -1, -1, -1, -1, -1,
    -1, -1, -1, -1, -1, -1, -1, -1, -1, -1, -1, -1, -1, -1, -1, -1,
    -1, -1, -1, -1, -1, -1, -1, -1, -1, -1, -1, -1, -1, -1, -1, -1,
    -1, -1, -1, -1, -1, -1, -1, -1, -1, -1, -1, -1, -1, -1, -1, -1,
    -1, -1, -1, -1, -1, -1, -1, -1, -1, -1, -1, -1, -1, -1, -1, -1,
    -1, -1, -1, -1, -1, -1, -1, -1, -1, -1, -1, -1, -1, -1, -1, -1,
    -1, -1, -1, -1, -1, -1, -1, -1, -1, -1, -1, -1, -1, -1, -1, -1,
    -1, -1, -1, -1, -1, -1, -1, -1, -1, -1, -1, -1, -1, -1, -1, -1,
    -1, -1, -1, -1, -1, -1, -1, -1, -1, -1, -1, -1, -1, -1, -1, -1,
    -1, -1, -1, -1, -1, -1, -1, -1, -1, -1, -1, -1, -1, -1, -1, -1,
    -1, -1, -1, -1, -1, -1, -1, -1, -1, -1, -1, -1, -1, -1, -1, -1,
    -1, -1, -1, -1, -1, -1, -1, -1, -1, -1, -1, -1, -1, -1, -1, -1,
    -1, -1, -1, -1, -1, -1, -1, -1, -1, -1, -1, -1, -1, -1, -1, -1,
    -1, -1, -1, -1, -1, -1, -1, -1, -1, -1, -1, -1, -1, -1, -1, -1,
    -1, -1, -1, -1, -1, -1, -1, -1, -1, -1, -1, -1, -1, -1, -1, -1,
    -1, -1, -1, -1, -1, -1, -1, -1, -1, -1, -1, -1, -1, -1, -1, -1,
    -1, -1, -1, -1, -1, -1, -1, -1, -1, -1, -1, -1, -1, -1, -1, -1,
    -1, -1, -1, -1, -1, -1, -1, -1, -1, -1, -1, -1, -1, -1, -1, -1,
    -1, -1, -1, -1, -1, -1, -1, -1, -1, -1, -1, -1, -1, -1, -1, -1,
    -1, -1, -1, -1, -1, -1, -1, -1, -1, -1, -1, -1, -1, -1, -1, -1,
    -1, -1, -1, -1, -1, -1, -1, -1, -1, -1, -1, -1, -1, -1, -1, -1,
    -1, -1, -1, -1, -1, -1, -1, -1, -1, -1, -1, -1, -1, -1, -1, -1,
    -1, -1, -1, -1, -1, -1, -1, -1, -1, -1, -1, -1, -1, -1, -1, -1,
    -1, -1, -1, -1, -1, -1, -1, -1, -1, -1, -1, -1, -1, -1, -1, -1,
    -1, -1, -1, -1, -1, -1, -1, -1, -1, -1, -1, -1, -1, -1, -1, -1,
    -1, -1, -1, -1, -1, -1, -1, -1, -1, -1, -1, -1, -1, -1, -1, -1,
    -1, -1, -1, -1, -1, -1, -1, -1, -1, -1, -1, -1, -1, -1, -1, -1,
    -1, -1, -1, -1, -1, -1, -1, -1, -1, -1, -1, -1, -1, -1, -1, -1,
    -1, -1, -1, -1, -1, -1, -1, -1, -1, -1, -1, -1, -1, -1, -1, -1,
    -1, -1, -1, -1, -1, -1, -1, -1, -1, -1, -1, -1, -1, -1, -1, -1,
    -1, -1, -1, -1, -1, -1, -1, -1, -1, -1, -1, -1, -1, -1, -1, -1,
    -1, -1, -1, -1, -1, -1, -1, -1, -1, -1, -1, -1, -1, -1, -1, -1,
    -1, -1, -1, -1, -1, -1, -1, -1, -1, -1, -1, -1, -1, -1, -1, -1,
    -1, -1, -1, -1, -1, -1, -1, -1, -1, -1, -1, -1, -1, -1, -1, -1,
    -1, -1, -1, -1, -1, -1, -1, -1, -1, -1, -1, -1, -1, -1, -1, -1,
    -1, -1, -1, -1, -1, -1, -1, -1, -1, -1, -1, -1, -1, -1, -1, -1,
    -1, -1, -1, -1, -1, -1, -1, -1, -1, -1, -1, -1, -1, -1, -1, -1,
    -1, -1, -1, -1, -1, -1, -1, -1, -1, -1, -1, -1, -1, -1, -1, -1,
    -1, -1, -1, -1, -1, -1, -1, -1, -1, -1, -1, -1, -1, -1, -1, -1,
    -1, -1, -1, -1, -1, -1, -1, -1, -1, -1, -1, -1, -1, -1, -1, -1,
    -1, -1, -1, -1, -1, -1, -1, -1, -1, -1, -1, -1, -1, -1, -1, -1,
    -1, -1, -1, -1, -1, -1, -1, -1, -1, -1, -1, -1, -1, -1, -1, -1,
    -1, -1, -1, -1, -1, -1, -1, -1, -1, -1, -1, -1, -1, -1, -1, -1,
    -1, -1, -1, -1, -1, -1, -1, -1, -1, -1, -1, -1, -1, -1, -1, -1,
    -1, -1, -1, -1, -1, -1, -1, -1, -1, -1, -1, -1, -1, -1, -1, -1,
    -1, -1, -1, -1, -1, -1, -1, -1, -1, -1, -1, -1, -1, -1, -1, -1,
    -1, -1, -1, -1, -1, -1, -1, -1, -1, -1, -1, -1, -1, -1, -1, -1,
    -1, -1, -1, -1, -1, -1, -1, -1, -1, -1, -1, -1, -1, -1, -1, -1,
    -1, -1, -1, -1, -1, -1, -1, -1, -1, -1, -1, -1, -1, -1, -1, -1,
    -1, -1, -1, -1, -1, -1, -1, -1, -1, -1, -1, -1, -1, -1, -1, -1,
    -1, -1, -1, -1, -1, -1, -1, -1, -1, -1, -1, -1, -1, -1, -1, -1,
    -1, -1, -1, -1, -1, -1, -1, -1, -1, -1, -1, -1, -1, -1, -1, -1,
    -1, -1, -1, -1, -1, -1, -1, -1, -1, -1, -1, -1, -1, -1, -1, -1,
    -1, -1, -1, -1, -1, -1, -1, -1, -1, -1, -1, -1, -1, -1, -1, -1,
    -1, -1, -1, -1, -1, -1, -1, -1, -1, -1, -1, -1, -1, -1, -1, -1,
    -1, -1, -1, -1, -1, -1, -1, -1, -1, -1, -1, -1, -1, -1, -1, -1,
    -1, -1, -1, -1, -1, -1, -1, -1, -1, -1, -1, -1, -1, -1, -1, -1,
    -1, -1, -1, -1, -1, -1, -1, -1, -1, -1, -1, -1, -1, -1, -1, -1,
    -1, -1, -1, -1, -1, -1, -1, -1, -1, -1, -1, -1, -1, -1, -1, -1,
    -1, -1, -1, -1, -1, -1, -1, -1, -1, -1, -1, -1, -1, -1, -1, -1,
    -1, -1, -1, -1, -1, -1, -1, -1, -1, -1, -1, -1, -1, -1, -1, -1,
    -1, -1, -1, -1, -1, -1, -1, -1, -1, -1, -1, -1, -1, -1, -1, -1,
    -1, -1, -1, -1, -1, -1, -1, -1, -1, -1, -1, -1, -1, -1, -1, -1,
    -1, -1, -1, -1, -1, -1, -1, -1, -1, -1, -1, -1, -1, -1, -1, -1,
    -1, -1, -1, -1, -1, -1, -1, -1, -1, -1, -1, -1, -1, -1, -1, -1,
    -1, -1, -1, -1, -1, -1, -1, -1, -1, -1, -1, -1, -1, -1, -1, -1,
    -1, -1, -1, -1, -1, -1, -1, -1, -1, -1, -1, -1, -1, -1, -1, -1,
    -1, -1, -1, -1, -1, -1, -1, -1, -1, -1, -1, -1, -1, -1, -1, -1,
    -1, -1, -1, -1, -1, -1, -1, -1, -1, -1, -1, -1, -1, -1, -1, -1,
    -1, -1, -1, -1, -1, -1, -1, -1, -1, -1, -1, -1, -1, -1, -1, -1,
    -1, -1, -1, -1, -1, -1, -1, -1, -1, -1, -1, -1, -1, -1, -1, -1,
    -1, -1, -1, -1, -1, -1, -1, -1, -1, -1, -1, -1, -1, -1, -1, -1,
    -1, -1, -1, -1, -1, -1, -1, -1, -1, -1, -1, -1, -1, -1, -1, -1,
    -1, -1, -1, -1, -1, -1, -1, -1, -1, -1, -1, -1, -1, -1, -1, -1,
    -1, -1, -1, -1, -1, -1, -1, -1, -1, -1, -1, -1, -1, -1, -1, -1,
    -1, -1, -1, -1, -1, -1, -1, -1, -1, -1, -1, -1, -1, -1, -1, -1,
    -1, -1, -1, -1, -1, -1, -1, -1, -1, -1, -1, -1, -1, -1, -1, -1,
    -1, -1, -1, -1, -1, -1, -1, -1, -1, -1, -1, -1, -1, -1, -1, -1,
    -1, -1, -1, -1, -1, -1, -1, -1, -1, -1, -1, -1, -1, -1, -1, -1,
    -1, -1, -1, -1, -1, -1, -1, -1, -1, -1, -1, -1, -1, -1, -1, -1,
    -1, -1, -1, -1, -1, -1, -1, -1, -1, -1, -1, -1, -1, -1, -1, -1,
    -1, -1, -1, -1, -1, -1, -1, -1, -1, -1, -1, -1, -1, -1, -1, -1,
    -1, -1, -1, -1, -1, -1, -1, -1, -1, -1, -1, -1, -1, -1, -1, -1,
    -1, -1, -1, -1, -1, -1, -1, -1, -1, -1, -1, -1, -1, -1, -1, -1,
    -1, -1, -1, -1, -1, -1, -1, -1, -1, -1, -1, -1, -1, -1, -1, -1,
    -1, -1, -1, -1, -1, -1, -1, -1, -1, -1, -1, -1, -1, -1, -1, -1,
    -1, -1, -1, -1, -1, -1, -1, -1, -1, -1, -1, -1, -1, -1, -1, -1,
    -1, -1, -1, -1, -1, -1, -1, -1, -1, -1, -1, -1, -1, -1, -1, -1,
    -1, -1, -1, -1, -1, -1, -1, -1, -1, -1, -1, -1, -1, -1, -1, -1,
    -1, -1, -1, -1, -1, -1, -1, -1, -1, -1, -1, -1, -1, -1, -1, -1,
    -1, -1, -1, -1, -1, -1, -1, -1, -1, -1, -1, -1, -1, -1, -1, -1,
    -1, -1, -1, -1, -1, -1, -1, -1, -1, -1, -1, -1, -1, -1, -1, -1,
    -1, -1, -1, -1, -1, -1, -1, -1, -1, -1, -1, -1, -1, -1, -1, -1,
    -1, -1, -1, -1, -1, -1, -1, -1, -1, -1, -1, -1, -1, -1, -1, -1,
    -1, -1, -1, -1, -1, -1, -1, -1, -1, -1, -1, -1, -1, -1, -1, -1,
    -1, -1, -1, -1, -1, -1, -1, -1, -1, -1, -1, -1, -1, -1, -1, -1,
    -1, -1, -1, -1, -1, -1, -1, -1, -1, -1, -1, -1, -1, -1, -1, -1,
    -1, -1, -1, -1, -1, -1, -1, -1, -1, -1, -1, -1, -1, -1, -1, -1,
    -1, -1, -1, -1, -1, -1, -1, -1, -1, -1, -1, -1, -1, -1, -1, -1,
    -1, -1, -1, -1, -1, -1, -1, -1, -1, -1, -1, -1, -1, -1, -1, -1,
    -1, -1, -1, -1, -1, -1, -1, -1, -1, -1, -1, -1, -1, -1, -1, -1,
    -1, -1, -1, -1, -1, -1, -1, -1, -1, -1, -1, -1, -1, -1, -1, -1,
    -1, -1, -1, -1, -1, -1, -1, -1, -1, -1, -1, -1, -1, -1, -1, -1,
    -1, -1, -1, -1, -1, -1, -1, -1, -1, -1, -1, -1, -1, -1, -1, -1,
    -1, -1, -1, -1, -1, -1, -1, -1, -1, -1, -1, -1, -1, -1, -1, -1,
    -1, -1, -1, -1, -1, -1, -1, -1, -1, -1, -1, -1, -1, -1, -1, -1,
    -1, -1, -1, -1, -1, -1, -1, -1, -1, -1, -1, -1, -1, -1, -1, -1,
    -1, -1, -1, -1, -1, -1, -1, -1, -1, -1, -1, -1, -1, -1, -1, -1,
    -1, -1, -1, -1, -1, -1, -1, -1, -1, -1, -1, -1, -1, -1, -1, -1,
    -1, -1, -1, -1, -1, -1, -1, -1, -1, -1, -1, -1, -1, -1, -1, -1,
    -1, -1, -1, -1, -1, -1, -1, -1, -1, -1, -1, -1, -1, -1, -1, -1,
    -1, -1, -1, -1, -1, -1, -1, -1, -1, -1, -1, -1, -1, -1, -1, -1,
    -1, -1, -1, -1, -1, -1, -1, -1, -1, -1, -1, -1, -1, -1, -1, -1,
    -1, -1, -1, -1, -1, -1, -1, -1, -1, -1, -1, -1, -1, -1, -1, -1,
    -1, -1, -1, -1, -1, -1, -1, -1, -1, -1, -1, -1, -1, -1, -1, -1,
    -1, -1, -1, -1, -1, -1, -1, -1, -1, -1, -1, -1, -1, -1, -1, -1,
    -1, -1, -1, -1, -1, -1, -1, -1, -1, -1, -1, -1, -1, -1, -1, -1,
    -1, -1, -1, -1, -1, -1, -1, -1, -1, -1, -1, -1, -1, -1, -1, -1,
    -1, -1, -1, -1, -1, -1, -1, -1, -1, -1, -1, -1, -1, -1, -1, -1,
    -1, -1, -1, -1, -1, -1, -1, -1, -1, -1, -1, -1, -1, -1, -1, -1,
    -1, -1, -1, -1, -1, -1, -1, -1, -1, -1, -1, -1, -1, -1, -1, -1,
    -1, -1, -1, -1, -1, -1, -1, -1, -1, -1, -1, -1, -1, -1, -1, -1,
    -1, -1, -1, -1, -1, -1, -1, -1, -1, -1, -1, -1, -1, -1, -1, -1,
    -1, -1, -1, -1, -1, -1, -1, -1, -1, -1, -1, -1, -1, -1, -1, -1,
    -1, -1, -1, -1, -1, -1, -1, -1, -1, -1, -1, -1, -1, -1, -1, -1,
    -1, -1, -1, -1, -1, -1, -1, -1, -1, -1, -1, -1, -1, -1, -1, -1,
    -1, -1, -1, -1, -1, -1, -1, -1, -1, -1, -1, -1, -1, -1, -1, -1,
    -1, -1, -1, -1, -1, -1, -1, -1, -1, -1, -1, -1, -1, -1, -1, -1,
    -1, -1, -1, -1, -1, -1, -1, -1, -1, -1, -1, -1, -1, -1, -1, -1,
    -1, -1, -1, -1, -1, -1, -1, -1, -1, -1, -1, -1, -1, -1, -1, -1,
    -1, -1, -1, -1, -1, -1, -1, -1, -1, -1, -1, -1, -1, -1, -1, -1,
    -1, -1, -1, -1, -1, -1, -1, -1, -1, -1, -1, -1, -1, -1, -1, -1,
    -1, -1, -1, -1, -1, -1, -1, -1, -1, -1, -1, -1, -1, -1, -1, -1,
    -1, -1, -1, -1, -1, -1, -1, -1, -1, -1, -1, -1, -1, -1, -1, -1,
    -1, -1, -1, -1, -1, -1, -1, -1, -1, -1, -1, -1, -1, -1, -1, -1,
    -1, -1, -1, -1, -1, -1, -1, -1, -1, -1, -1, -1, -1, -1, -1, -1,
    -1, -1, -1, -1, -1, -1, -1, -1, -1, -1, -1, -1, -1, -1, -1, -1,
    -1, -1, -1, -1, -1, -1, -1, -1, -1, -1, -1, -1, -1, -1, -1, -1,
    -1, -1, -1, -1, -1, -1, -1, -1, -1, -1, -1, -1, -1, -1, -1, -1,
    -1, -1, -1, -1, -1, -1, -1, -1, -1, -1, -1, -1, -1, -1, -1, -1,
    -1, -1, -1, -1, -1, -1, -1, -1, -1, -1, -1, -1, -1, -1, -1, -1,
    -1, -1, -1, -1, -1, -1, -1, -1, -1, -1, -1, -1, -1, -1, -1, -1,
    -1, -1, -1, -1, -1, -1, -1, -1, -1, -1, -1, -1, -1, -1, -1, -1,
    -1, -1, -1, -1, -1, -1, -1, -1, -1, -1, -1, -1, -1, -1, -1, -1,
    -1, -1, -1, -1, -1, -1, -1, -1, -1, -1, -1, -1, -1, -1, -1, -1,
    -1, -1, -1, -1, -1, -1, -1, -1, -1, -1, -1, -1, -1, -1, -1, -1,
    -1, -1, -1, -1, -1, -1, -1, -1, -1, -1, -1, -1, -1, -1, -1, -1,
    -1, -1, -1, -1, -1, -1, -1, -1, -1, -1, -1, -1, -1, -1, -1, -1,
    -1, -1, -1, -1, -1, -1, -1, -1, -1, -1, -1, -1, -1, -1, -1, -1,
    -1, -1, -1, -1, -1, -1, -1, -1, -1, -1, -1, -1, -1, -1, -1, -1,
    -1, -1, -1, -1, -1, -1, -1, -1, -1, -1, -1, -1, -1, -1, -1, -1,
    -1, -1, -1, -1, -1, -1, -1, -1, -1, -1, -1, -1, -1, -1, -1, -1,
    -1, -1, -1, -1, -1, -1, -1, -1, -1, -1, -1, -1, -1, -1, -1, -1,
    -1, -1, -1, -1, -1, -1, -1, -1, -1, -1, -1, -1, -1, -1, -1, -1,
    -1, -1, -1, -1, -1, -1, -1, -1, -1, -1, -1, -1, -1, -1, -1, -1,
    -1, -1, -1, -1, -1, -1, -1, -1, -1, -1, -1, -1, -1, -1, -1, -1,
    -1, -1, -1, -1, -1, -1, -1, -1, -1, -1, -1, -1, -1, -1, -1, -1,
    -1, -1, -1, -1, -1, -1, -1, -1, -1, -1, -1, -1, -1, -1, -1, -1,
    -1, -1, -1, -1, -1, -1, -1, -1, -1, -1, -1, -1, -1, -1, -1, -1,
    -1, -1, -1, -1, -1, -1, -1, -1, -1, -1, -1, -1, -1, -1, -1, -1,
    -1, -1, -1, -1, -1, -1, -1, -1, -1, -1, -1, -1, -1, -1, -1, -1,
    -1, -1, -1, -1, -1, -1, -1, -1, -1, -1, -1, -1, -1, -1, -1, -1,
    -1, -1, -1, -1, -1, -1, -1, -1, -1, -1, -1, -1, -1, -1, -1, -1,
    -1, -1, -1, -1, -1, -1, -1, -1, -1, -1, -1, -1, -1, -1, -1, -1,
    -1, -1, -1, -1, -1, -1, -1, -1, -1, -1, -1, -1, -1, -1, -1, -1,
    -1, -1, -1, -1, -1, -1, -1, -1, -1, -1, -1, -1, -1, -1, -1, -1,
    -1, -1, -1, -1, -1, -1, -1, -1, -1, -1, -1, -1, -1, -1, -1, -1,
    -1, -1, -1, -1, -1, -1, -1, -1, -1, -1, -1, -1, -1, -1, -1, -1,
    -1, -1, -1, -1, -1, -1, -1, -1, -1, -1, -1, -1, -1, -1, -1, -1,
    -1, -1, -1, -1, -1, -1, -1, -1, -1, -1, -1, -1, -1, -1, -1, -1,
    -1, -1, -1, -1, -1, -1, -1, -1, -1, -1, -1, -1, -1, -1, -1, -1,
    -1, -1, -1, -1, -1, -1, -1, -1, -1, -1, -1, -1, -1, -1, -1, -1,
    -1, -1, -1, -1, -1, -1, -1, -1, -1, -1, -1, -1, -1, -1, -1, -1,
    -1, -1, -1, -1, -1, -1, -1, -1, -1, -1, -1, -1, -1, -1, -1, -1,
    -1, -1, -1, -1, -1, -1, -1, -1, -1, -1, -1, -1, -1, -1, -1, -1,
    -1, -1, -1, -1, -1, -1, -1, -1, -1, -1, -1, -1, -1, -1, -1, -1,
    -1, -1, -1, -1, -1, -1, -1, -1, -1, -1, -1, -1, -1, -1, -1, -1,
    -1, -1, -1, -1, -1, -1, -1, -1, -1, -1, -1, -1, -1, -1, -1, -1,
    -1, -1, -1, -1, -1, -1, -1, -1, -1, -1, -1, -1, -1, -1, -1, -1,
    -1, -1, -1, -1, -1, -1, -1, -1, -1, -1, -1, -1, -1, -1, -1, -1,
    -1, -1, -1, -1, -1, -1, -1, -1, -1, -1, -1, -1, -1, -1, -1, -1,
    -1, -1, -1, -1, -1, -1, -1, -1, -1, -1, -1, -1, -1, -1, -1, -1,
    -1, -1, -1, -1, -1, -1, -1, -1, -1, -1, -1, -1, -1, -1, -1, -1,
    -1, -1, -1, -1, -1, -1, -1, -1, -1, -1, -1, -1, -1, -1, -1, -1,
    -1, -1, -1, -1, -1, -1, -1, -1, -1, -1, -1, -1, -1, -1, -1, -1,
    -1, -1, -1, -1, -1, -1, -1, -1, -1, -1, -1, -1, -1, -1, -1, -1,
    -1, -1, -1, -1, -1, -1, -1, -1, -1, -1, -1, -1, -1, -1, -1, -1,
    -1, -1, -1, -1, -1, -1, -1, -1, -1, -1, -1, -1, -1, -1, -1, -1,
    -1, -1, -1, -1, -1, -1, -1, -1, -1, -1, -1, -1, -1, -1, -1, -1,
    -1, -1, -1, -1, -1, -1, -1, -1, -1, -1, -1, -1, -1, -1, -1, -1,
    -1, -1, -1, -1, -1, -1, -1, -1, -1, -1, -1, -1, -1, -1, -1, -1,
    -1, -1, -1, -1, -1, -1, -1, -1, -1, -1, -1, -1, -1, -1, -1, -1,
    -1, -1, -1, -1, -1, -1, -1, -1, -1, -1, -1, -1, -1, -1, -1, -1,
    -1, -1, -1, -1, -1, -1, -1, -1, -1, -1, -1, -1, -1, -1, -1, -1,
    -1, -1, -1, -1, -1, -1, -1, -1, -1, -1, -1, -1, -1, -1, -1, -1,
    -1, -1, -1, -1, -1, -1, -1, -1, -1, -1, -1, -1, -1, -1, -1, -1,
    -1, -1, -1, -1, -1, -1, -1, -1, -1, -1, -1, -1, -1, -1, -1, -1,
    -1, -1, -1, -1, -1, -1, -1, -1, -1, -1, -1, -1, -1, -1, -1, -1,
    -1, -1, -1, -1, -1, -1, -1, -1, -1, -1, -1, -1, -1, -1, -1, -1,
    -1, -1, -1, -1, -1, -1, -1, -1, -1, -1, -1, -1, -1, -1, -1, -1,
    -1, -1, -1, -1, -1, -1, -1, -1, -1, -1, -1, -1, -1, -1, -1, -1,
    -1, -1, -1, -1, -1, -1, -1, -1, -1, -1, -1, -1, -1, -1, -1, -1,
    -1, -1, -1, -1, -1, -1, -1, -1, -1, -1, -1, -1, -1, -1, -1, -1,
    -1, -1, -1, -1, -1, -1, -1, -1, -1, -1, -1, -1, -1, -1, -1, -1,
    -1, -1, -1, -1, -1, -1, -1, -1, -1, -1, -1, -1, -1, -1, -1, -1,
    -1, -1, -1, -1, -1, -1, -1, -1, -1, -1, -1, -1, -1, -1, -1, -1,
    -1, -1, -1, -1, -1, -1, -1, -1, -1, -1, -1, -1, -1, -1, -1, -1,
    -1, -1, -1, -1, -1, -1, -1, -1, -1, -1, -1, -1, -1, -1, -1, -1,
    -1, -1, -1, -1, -1, -1, -1, -1, -1, -1, -1, -1, -1, -1, -1, -1,
    -1, -1, -1, -1, -1, -1, -1, -1, -1, -1, -1, -1, -1, -1, -1, -1,
    -1, -1, -1, -1, -1, -1, -1, -1, -1, -1, -1, -1, -1, -1, -1, -1,
    -1, -1, -1, -1, -1, -1, -1, -1, -1, -1, -1, -1, -1, -1, -1, -1,
    -1, -1, -1, -1, -1, -1, -1, -1, -1, -1, -1, -1, -1, -1, -1, -1,
    -1, -1, -1, -1, -1, -1, -1, -1, -1, -1, -1, -1, -1, -1, -1, -1,
    -1, -1, -1, -1, -1, -1, -1, -1, -1, -1, -1, -1, -1, -1, -1, -1,
    -1, -1, -1, -1, -1, -1, -1, -1, -1, -1, -1, -1, -1, -1, -1, -1,
    -1, -1, -1, -1, -1, -1, -1, -1, -1, -1, -1, -1, -1, -1, -1, -1,
    -1, -1, -1, -1, -1, -1, -1, -1, -1, -1, -1, -1, -1, -1, -1, -1,
    -1, -1, -1, -1, -1, -1, -1, -1, -1, -1, -1, -1, -1, -1, -1, -1,
    -1, -1, -1, -1, -1, -1, -1, -1, -1, -1, -1, -1, -1, -1, -1, -1,
    -1, -1, -1, -1, -1, -1, -1, -1, -1, -1, -1, -1, -1, -1, -1, -1,
    -1, -1, -1, -1, -1, -1, -1, -1, -1, -1, -1, -1, -1, -1, -1, -1,
    -1, -1, -1, -1, -1, -1, -1, -1, -1, -1, -1, -1, -1, -1, -1, -1,
    -1, -1, -1, -1, -1, -1, -1, -1, -1, -1, -1, -1, -1, -1, -1, -1,
    -1, -1, -1, -1, -1, -1, -1, -1, -1, -1, -1, -1, -1, -1, -1, -1,
    -1, -1, -1, -1, -1, -1, -1, -1, -1, -1, -1, -1, -1, -1, -1, -1,
    -1, -1, -1, -1, -1, -1, -1, -1, -1, -1, -1, -1, -1, -1, -1, -1,
    -1, -1, -1, -1, -1, -1, -1, -1, -1, -1, -1, -1, -1, -1, -1, -1,
    -1, -1, -1, -1, -1, -1, -1, -1, -1, -1, -1, -1, -1, -1, -1, -1,
    -1, -1, -1, -1, -1, -1, -1, -1, -1, -1, -1, -1, -1, -1, -1, -1,
    -1, -1, -1, -1, -1, -1, -1, -1, -1, -1, -1, -1, -1, -1, -1, -1,
    -1, -1, -1, -1, -1, -1, -1, -1, -1, -1, -1, -1, -1, -1, -1, -1,
    -1, -1, -1, -1, -1, -1, -1, -1, -1, -1, -1, -1, -1, -1, -1, -1,
    -1, -1, -1, -1, -1, -1, -1, -1, -1, -1, -1, -1, -1, -1, -1, -1,
    -1, -1, -1, -1, -1, -1, -1, -1, -1, -1, -1, -1, -1, -1, -1, -1,
    -1, -1, -1, -1, -1, -1, -1, -1, -1, -1, -1, -1, -1, -1, -1, -1,
    -1, -1, -1, -1, -1, -1, -1, -1, -1, -1, -1, -1, -1, -1, -1, -1,
    -1, -1, -1, -1, -1, -1, -1, -1, -1, -1, -1, -1, -1, -1, -1, -1,
    -1, -1, -1, -1, -1, -1, -1, -1, -1, -1, -1, -1, -1, -1, -1, -1,
    -1, -1, -1, -1, -1, -1, -1, -1, -1, -1, -1, -1, -1, -1, -1, -1,
    -1, -1, -1, -1, -1, -1, -1, -1, -1, -1, -1, -1, -1, -1, -1, -1,
    -1, -1, -1, -1, -1, -1, -1, -1, -1, -1, -1, -1, -1, -1, -1, -1,
    -1, -1, -1, -1, -1, -1, -1, -1, -1, -1, -1, -1, -1, -1, -1, -1,
    -1, -1, -1, -1, -1, -1, -1, -1, -1, -1, -1, -1, -1, -1, -1, -1,
    -1, -1, -1, -1, -1, -1, -1, -1, -1, -1, -1, -1, -1, -1, -1, -1,
    -1, -1, -1, -1, -1, -1, -1, -1, -1, -1, -1, -1, -1, -1, -1, -1,
    -1, -1, -1, -1, -1, -1, -1, -1, -1, -1, -1, -1, -1, -1, -1, -1,
    -1, -1, -1, -1, -1, -1, -1, -1, -1, -1, -1, -1, -1, -1, -1, -1,
    -1, -1, -1, -1, -1, -1, -1, -1, -1, -1, -1, -1, -1, -1, -1, -1,
    -1, -1, -1, -1, -1, -1, -1, -1, -1, -1, -1, -1, -1, -1, -1, -1,
    -1, -1, -1, -1, -1, -1, -1, -1, -1, -1, -1, -1, -1, -1, -1, -1,
    -1, -1, -1, -1, -1, -1, -1, -1, -1, -1, -1, -1, -1, -1, -1, -1,
    -1, -1, -1, -1, -1, -1, -1, -1, -1, -1, -1, -1, -1, -1, -1, -1,
    -1, -1, -1, -1, -1, -1, -1, -1, -1, -1, -1, -1, -1, -1, -1, -1,
    -1, -1, -1, -1, -1, -1, -1, -1, -1, -1, -1, -1, -1, -1, -1, -1,
    -1, -1, -1, -1, -1, -1, -1, -1, -1, -1, -1, -1, -1, -1, -1, -1,
    -1, -1, -1, -1, -1, -1, -1, -1, -1, -1, -1, -1, -1, -1, -1, -1,
    -1, -1, -1, -1, -1, -1, -1, -1, -1, -1, -1, -1, -1, -1, -1, -1,
    -1, -1, -1, -1, -1, -1, -1, -1, -1, -1, -1, -1, -1, -1, -1, -1,
    -1, -1, -1, -1, -1, -1, -1, -1, -1, -1, -1, -1, -1, -1, -1, -1,
    -1, -1, -1, -1, -1, -1, -1, -1, -1, -1, -1, -1, -1, -1, -1, -1,
    -1, -1, -1, -1, -1, -1, -1, -1, -1, -1, -1, -1, -1, -1, -1, -1,
    -1, -1, -1, -1, -1, -1, -1, -1, -1, -1, -1, -1, -1, -1, -1, -1,
    -1, -1, -1, -1, -1, -1, -1, -1, -1, -1, -1, -1, -1, -1, -1, -1,
    -1, -1, -1, -1, -1, -1, -1, -1, -1, -1, -1, -1, -1, -1, -1, -1,
    -1, -1, -1, -1, -1, -1, -1, -1, -1, -1, -1, -1, -1, -1, -1, -1,
    -1, -1, -1, -1, -1, -1, -1, -1, -1, -1, -1, -1, -1, -1, -1, -1,
    -1, -1, -1, -1, -1, -1, -1, -1, -1, -1, -1, -1, -1, -1, -1, -1,
    -1, -1, -1, -1, -1, -1, -1, -1, -1, -1, -1, -1, -1, -1, -1, -1,
    -1, -1, -1, -1, -1, -1, -1, -1, -1, -1, -1, -1, -1, -1, -1, -1,
    -1, -1, -1, -1, -1, -1, -1, -1, -1, -1, -1, -1, -1, -1, -1, -1,
    -1, -1, -1, -1, -1, -1, -1, -1, -1, -1, -1, -1, -1, -1, -1, -1,
    -1, -1, -1, -1, -1, -1, -1, -1, -1, -1, -1, -1, -1, -1, -1, -1,
    -1, -1, -1, -1, -1, -1, -1, -1, -1, -1, -1, -1, -1, -1, -1, -1,
    -1, -1, -1, -1, -1, -1, -1, -1, -1, -1, -1, -1, -1, -1, -1, -1,
    -1, -1, -1, -1, -1, -1, -1, -1, -1, -1, -1, -1, -1, -1, -1, -1,
    -1, -1, -1, -1, -1, -1, -1, -1, -1, -1, -1, -1, -1, -1, -1, -1,
    -1, -1, -1, -1, -1, -1, -1, -1, -1, -1, -1, -1, -1, -1, -1, -1,
    -1, -1, -1, -1, -1, -1, -1, -1, -1, -1, -1, -1, -1, -1, -1, -1,
    -1, -1, -1, -1, -1, -1, -1, -1, -1, -1, -1, -1, -1, -1, -1, -1,
    -1, -1, -1, -1, -1, -1, -1, -1, -1, -1, -1, -1, -1, -1, -1, -1,
    -1, -1, -1, -1, -1, -1, -1, -1, -1, -1, -1, -1, -1, -1, -1, -1,
    -1, -1, -1, -1, -1, -1, -1, -1, -1, -1, -1, -1, -1, -1, -1, -1,
    -1, -1, -1, -1, -1, -1, -1, -1, -1, -1, -1, -1, -1, -1, -1, -1,
    -1, -1, -1, -1, -1, -1, -1, -1, -1, -1, -1, -1, -1, -1, -1, -1,
    -1, -1, -1, -1, -1, -1, -1, -1, -1, -1, -1, -1, -1, -1, -1, -1,
    -1, -1, -1, -1, -1, -1, -1, -1, -1, -1, -1, -1, -1, -1, -1, -1,
    -1, -1, -1, -1, -1, -1, -1, -1, -1, -1, -1, -1, -1, -1, -1, -1,
    -1, -1, -1, -1, -1, -1, -1, -1, -1, -1, -1, -1, -1, -1, -1, -1,
    -1, -1, -1, -1, -1, -1, -1, -1, -1, -1, -1, -1, -1, -1, -1, -1,
    -1, -1, -1, -1, -1, -1, -1, -1, -1, -1, -1, -1, -1, -1, -1, -1,
    -1, -1, -1, -1, -1, -1, -1, -1, -1, -1, -1, -1, -1, -1, -1, -1,
    -1, -1, -1, -1, -1, -1, -1, -1, -1, -1, -1, -1, -1, -1, -1, -1,
    -1, -1, -1, -1, -1, -1, -1, -1, -1, -1, -1, -1, -1, -1, -1, -1,
    -1, -1, -1, -1, -1, -1, -1, -1, -1, -1, -1, -1, -1, -1, -1, -1,
    -1, -1, -1, -1, -1, -1, -1, -1, -1, -1, -1, -1, -1, -1, -1, -1,
    -1, -1, -1, -1, -1, -1, -1, -1, -1, -1, -1, -1, -1, -1, -1, -1,
    -1, -1, -1, -1, -1, -1, -1, -1, -1, -1, -1, -1, -1, -1, -1, -1,
    -1, -1, -1, -1, -1, -1, -1, -1, -1, -1, -1, -1, -1, -1, -1, -1,
    -1, -1, -1, -1, -1, -1, -1, -1, -1, -1, -1, -1, -1, -1, -1, -1,
    -1, -1, -1, -1, -1, -1, -1, -1, -1, -1, -1, -1, -1, -1, -1, -1,
    -1, -1, -1, -1, -1, -1, -1, -1, -1, -1, -1, -1, -1, -1, -1, -1,
    -1, -1, -1, -1, -1, -1, -1, -1, -1, -1, -1, -1, -1, -1, -1, -1,
    -1, -1, -1, -1, -1, -1, -1, -1, -1, -1, -1, -1, -1, -1, -1, -1,
    -1, -1, -1, -1, -1, -1, -1, -1, -1, -1, -1, -1, -1, -1, -1, -1,
    -1, -1, -1, -1, -1, -1, -1, -1, -1, -1, -1, -1, -1, -1, -1, -1,
    -1, -1, -1, -1, -1, -1, -1, -1, -1, -1, -1, -1, -1, -1, -1, -1,
    -1, -1, -1, -1, -1, -1, -1, -1, -1, -1, -1, -1, -1, -1, -1, -1,
    -1, -1, -1, -1, -1, -1, -1, -1, -1, -1, -1, -1, -1, -1, -1, -1,
    -1, -1, -1, -1, -1, -1, -1, -1, -1, -1, -1, -1, -1, -1, -1, -1,
    -1, -1, -1, -1, -1, -1, -1, -1, -1, -1, -1, -1, -1, -1, -1, -1,
    -1, -1, -1, -1, -1, -1, -1, -1, -1, -1, -1, -1, -1, -1, -1, -1,
    -1, -1, -1, -1, -1, -1, -1, -1, -1, -1, -1, -1, -1, -1, -1, -1,
    -1, -1, -1, -1, -1, -1, -1, -1, -1, -1, -1, -1, -1, -1, -1, -1,
    -1, -1, -1, -1, -1, -1, -1, -1, -1, -1, -1, -1, -1, -1, -1, -1,
    -1, -1, -1, -1, -1, -1, -1, -1, -1, -1, -1, -1, -1, -1, -1, -1,
    -1, -1, -1, -1, -1, -1, -1, -1, -1, -1, -1, -1, -1, -1, -1, -1,
    -1, -1, -1, -1, -1, -1, -1, -1, -1, -1, -1, -1, -1, -1, -1, -1,
    -1, -1, -1, -1, -1, -1, -1, -1, -1, -1, -1, -1, -1, -1, -1, -1,
    -1, -1, -1, -1, -1, -1, -1, -1, -1, -1, -1, -1, -1, -1, -1, -1,
    -1, -1, -1, -1, -1, -1, -1, -1, -1, -1, -1, -1, -1, -1, -1, -1,
    -1, -1, -1, -1, -1, -1, -1, -1, -1, -1, -1, -1, -1, -1, -1, -1,
    -1, -1, -1, -1, -1, -1, -1, -1, -1, -1, -1, -1, -1, -1, -1, -1,
    -1, -1, -1, -1, -1, -1, -1, -1, -1, -1, -1, -1, -1, -1, -1, -1,
    -1, -1, -1, -1, -1, -1, -1, -1, -1, -1, -1, -1, -1, -1, -1, -1,
    -1, -1, -1, -1, -1, -1, -1, -1, -1, -1, -1, -1, -1, -1, -1, -1,
    -1, -1, -1, -1, -1, -1, -1, -1, -1, -1, -1, -1, -1, -1, -1, -1,
    -1, -1, -1, -1, -1, -1, -1, -1, -1, -1, -1, -1, -1, -1, -1, -1,
    -1, -1, -1, -1, -1, -1, -1, -1, -1, -1, -1, -1, -1, -1, -1, -1,
    -1, -1, -1, -1, -1, -1, -1, -1, -1, -1, -1, -1, -1, -1, -1, -1,
    -1, -1, -1, -1, -1, -1, -1, -1, -1, -1, -1, -1, -1, -1, -1, -1,
    -1, -1, -1, -1, -1, -1, -1, -1, -1, -1, -1, -1, -1, -1, -1, -1,
    -1, -1, -1, -1, -1, -1, -1, -1, -1, -1, -1, -1, -1, -1, -1, -1,
    -1, -1, -1, -1, -1, -1, -1, -1, -1, -1, -1, -1, -1, -1, -1, -1,
    -1, -1, -1, -1, -1, -1, -1, -1, -1, -1, -1, -1, -1, -1, -1, -1,
    -1, -1, -1, -1, -1, -1, -1, -1, -1, -1, -1, -1, -1, -1, -1, -1,
    -1, -1, -1, -1, -1, -1, -1, -1, -1, -1, -1, -1, -1, -1, -1, -1,
    -1, -1, -1, -1, -1, -1, -1, -1, -1, -1, -1, -1, -1, -1, -1, -1,
    -1, -1, -1, -1, -1, -1, -1, -1, -1, -1, -1, -1, -1, -1, -1, -1,
    -1, -1, -1, -1, -1, -1, -1, -1, -1, -1, -1, -1, -1, -1, -1, -1,
    -1, -1, -1, -1, -1, -1, -1, -1, -1, -1, -1, -1, -1, -1, -1, -1,
    -1, -1, -1, -1, -1, -1, -1, -1, -1, -1, -1, -1, -1, -1, -1, -1,
    -1, -1, -1, -1, -1, -1, -1, -1, -1, -1, -1, -1, -1, -1, -1, -1,
    -1, -1, -1, -1, -1, -1, -1, -1, -1, -1, -1, -1, -1, -1, -1, -1,
    -1, -1, -1, -1, -1, -1, -1, -1, -1, -1, -1, -1, -1, -1, -1, -1,
    -1, -1, -1, -1, -1, -1, -1, -1, -1, -1, -1, -1, -1, -1, -1, -1,
    -1, -1, -1, -1, -1, -1, -1, -1, -1, -1, -1, -1, -1, -1, -1, -1,
    -1, -1, -1, -1, -1, -1, -1, -1, -1, -1, -1, -1, -1, -1, -1, -1,
    -1, -1, -1, -1, -1, -1, -1, -1, -1, -1, -1, -1, -1, -1, -1, -1,
    -1, -1, -1, -1, -1, -1, -1, -1, -1, -1, -1, -1, -1, -1, -1, -1,
    -1, -1, -1, -1, -1, -1, -1, -1, -1, -1, -1, -1, -1, -1, -1, -1,
    -1, -1, -1, -1, -1, -1, -1, -1, -1, -1, -1, -1, -1, -1, -1, -1,
    -1, -1, -1, -1, -1, -1, -1, -1, -1, -1, -1, -1, -1, -1, -1, -1,
    -1, -1, -1, -1, -1, -1, -1, -1, -1, -1, -1, -1, -1, -1, -1, -1,
    -1, -1, -1, -1, -1, -1, -1, -1, -1, -1, -1, -1, -1, -1, -1, -1,
    -1, -1, -1, -1, -1, -1, -1, -1, -1, -1, -1, -1, -1, -1, -1, -1,
    -1, -1, -1, -1, -1, -1, -1, -1, -1, -1, -1, -1, -1, -1, -1, -1,
    -1, -1, -1, -1, -1, -1, -1, -1, -1, -1, -1, -1, -1, -1, -1, -1,
    -1, -1, -1, -1, -1, -1, -1, -1, -1, -1, -1, -1, -1, -1, -1, -1,
    -1, -1, -1, -1, -1, -1, -1, -1, -1, -1, -1, -1, -1, -1, -1, -1,
    -1, -1, -1, -1, -1, -1, -1, -1, -1, -1, -1, -1, -1, -1, -1, -1,
    -1, -1, -1, -1, -1, -1, -1, -1, -1, -1, -1, -1, -1, -1, -1, -1,
    -1, -1, -1, -1, -1, -1, -1, -1, -1, -1, -1, -1, -1, -1, -1, -1,
    -1, -1, -1, -1, -1, -1, -1, -1, -1, -1, -1, -1, -1, -1, -1, -1,
    -1, -1, -1, -1, -1, -1, -1, -1, -1, -1, -1, -1, -1, -1, -1, -1,
    -1, -1, -1, -1, -1, -1, -1, -1, -1, -1, -1, -1, -1, -1, -1, -1,
    -1, -1, -1, -1, -1, -1, -1, -1, -1, -1, -1, -1, -1, -1, -1, -1,
    -1, -1, -1, -1, -1, -1, -1, -1, -1, -1, -1, -1, -1, -1, -1, -1,
    -1, -1, -1, -1, -1, -1, -1, -1, -1, -1, -1, -1, -1, -1, -1, -1,
    -1, -1, -1, -1, -1, -1, -1, -1, -1, -1, -1, -1, -1, -1, -1, -1,
    -1, -1, -1, -1, -1, -1, -1, -1, -1, -1, -1, -1, -1, -1, -1, -1,
    -1, -1, -1, -1, -1, -1, -1, -1, -1, -1, -1, -1, -1, -1, -1, -1,
    -1, -1, -1, -1, -1, -1, -1, -1, -1, -1, -1, -1, -1, -1, -1, -1,
    -1, -1, -1, -1, -1, -1, -1, -1, -1, -1, -1, -1, -1, -1, -1, -1,
    -1, -1, -1, -1, -1, -1, -1, -1, -1, -1, -1, -1, -1, -1, -1, -1,
    -1, -1, -1, -1, -1, -1, -1, -1, -1, -1, -1, -1, -1, -1, -1, -1,
    -1, -1, -1, -1, -1, -1, -1, -1, -1, -1, -1, -1, -1, -1, -1, -1,
    -1, -1, -1, -1, -1, -1, -1, -1, -1, -1, -1, -1, -1, -1, -1, -1,
    -1, -1, -1, -1, -1, -1, -1, -1, -1, -1, -1, -1, -1, -1, -1, -1,
    -1, -1, -1, -1, -1, -1, -1, -1, -1, -1, -1, -1, -1, -1, -1, -1,
    -1, -1, -1, -1, -1, -1, -1, -1, -1, -1, -1, -1, -1, -1, -1, -1,
    -1, -1, -1, -1, -1, -1, -1, -1, -1, -1, -1, -1, -1, -1, -1, -1,
    -1, -1, -1, -1, -1, -1, -1, -1, -1, -1, -1, -1, -1, -1, -1, -1,
    -1, -1, -1, -1, -1, -1, -1, -1, -1, -1, -1, -1, -1, -1, -1, -1,
    -1, -1, -1, -1, -1, -1, -1, -1, -1, -1, -1, -1, -1, -1, -1, -1,
    -1, -1, -1, -1, -1, -1, -1, -1, -1, -1, -1, -1, -1, -1, -1, -1,
    -1, -1, -1, -1, -1, -1, -1, -1, -1, -1, -1, -1, -1, -1, -1, -1,
    -1, -1, -1, -1, -1, -1, -1, -1, -1, -1, -1, -1, -1, -1, -1, -1,
    -1, -1, -1, -1, -1, -1, -1, -1, -1, -1, -1, -1, -1, -1, -1, -1,
    -1, -1, -1, -1, -1, -1, -1, -1, -1, -1, -1, -1, -1, -1, -1, -1,
    -1, -1, -1, -1, -1, -1, -1, -1, -1, -1, -1, -1, -1, -1, -1, -1,
    -1, -1, -1, -1, -1, -1, -1, -1, -1, -1, -1, -1, -1, -1, -1, -1,
    -1, -1, -1, -1, -1, -1, -1, -1, -1, -1, -1, -1, -1, -1, -1, -1,
    -1, -1, -1, -1, -1, -1, -1, -1, -1, -1, -1, -1, -1, -1, -1, -1,
    -1, -1, -1, -1, -1, -1, -1, -1, -1, -1, -1, -1, -1, -1, -1, -1,
    -1, -1, -1, -1, -1, -1, -1, -1, -1, -1, -1, -1, -1, -1, -1, -1,
    -1, -1, -1, -1, -1, -1, -1, -1, -1, -1, -1, -1, -1, -1, -1, -1,
    -1, -1, -1, -1, -1, -1, -1, -1, -1, -1, -1, -1, -1, -1, -1, -1,
    -1, -1, -1, -1, -1, -1, -1, -1, -1, -1, -1, -1, -1, -1, -1, -1,
    -1, -1, -1, -1, -1, -1, -1, -1, -1, -1, -1, -1, -1, -1, -1, -1,
    -1, -1, -1, -1, -1, -1, -1, -1, -1, -1, -1, -1, -1, -1, -1, -1,
    -1, -1, -1, -1, -1, -1, -1, -1, -1, -1, -1, -1, -1, -1, -1, -1,
    -1, -1, -1, -1, -1, -1, -1, -1, -1, -1, -1, -1, -1, -1, -1, -1,
    -1, -1, -1, -1, -1, -1, -1, -1, -1, -1, -1, -1, -1, -1, -1, -1,
    -1, -1, -1, -1, -1, -1, -1, -1, -1, -1, -1, -1, -1, -1, -1, -1,
    -1, -1, -1, -1, -1, -1, -1, -1, -1, -1, -1, -1, -1, -1, -1, -1,
    -1, -1, -1, -1, -1, -1, -1, -1, -1, -1, -1, -1, -1, -1, -1, -1,
    -1, -1, -1, -1, -1, -1, -1, -1, -1, -1, -1, -1, -1, -1, -1, -1,
    -1, -1, -1, -1, -1, -1, -1, -1, -1, -1, -1, -1, -1, -1, -1, -1,
    -1, -1, -1, -1, -1, -1, -1, -1, -1, -1, -1, -1, -1, -1, -1, -1,
    -1, -1, -1, -1, -1, -1, -1, -1, -1, -1, -1, -1, -1, -1, -1, -1,
    -1, -1, -1, -1, -1, -1, -1, -1, -1, -1, -1, -1, -1, -1, -1, -1,
    -1, -1, -1, -1, -1, -1, -1, -1, -1, -1, -1, -1, -1, -1, -1, -1,
    -1, -1, -1, -1, -1, -1, -1, -1, -1, -1, -1, -1, -1, -1, -1, -1,
    -1, -1, -1, -1, -1, -1, -1, -1, -1, -1, -1, -1, -1, -1, -1, -1,
    -1, -1, -1, -1, -1, -1, -1, -1, -1, -1, -1, -1, -1, -1, -1, -1,
    -1, -1, -1, -1, -1, -1, -1, -1, -1, -1, -1, -1, -1, -1, -1, -1,
    -1, -1, -1, -1, -1, -1, -1, -1, -1, -1, -1, -1, -1, -1, -1, -1,
    -1, -1, -1, -1, -1, -1, -1, -1, -1, -1, -1, -1, -1, -1, -1, -1,
    -1, -1, -1, -1, -1, -1, -1, -1, -1, -1, -1, -1, -1, -1, -1, -1,
    -1, -1, -1, -1, -1, -1, -1, -1, -1, -1, -1, -1, -1, -1, -1, -1,
    -1, -1, -1, -1, -1, -1, -1, -1, -1, -1, -1, -1, -1, -1, -1, -1,
    -1, -1, -1, -1, -1, -1, -1, -1, -1, -1, -1, -1, -1, -1, -1, -1,
    -1, -1, -1, -1, -1, -1, -1, -1, -1, -1, -1, -1, -1, -1, -1, -1,
    -1, -1, -1, -1, -1, -1, -1, -1, -1, -1, -1, -1, -1, -1, -1, -1,
    -1, -1, -1, -1, -1, -1, -1, -1, -1, -1, -1, -1, -1, -1, -1, -1,
    -1, -1, -1, -1, -1, -1, -1, -1, -1, -1, -1, -1, -1, -1, -1, -1,
    -1, -1, -1, -1, -1, -1, -1, -1, -1, -1, -1, -1, -1, -1, -1, -1,
    -1, -1, -1, -1, -1, -1, -1, -1, -1, -1, -1, -1, -1, -1, -1, -1,
    -1, -1, -1, -1, -1, -1, -1, -1, -1, -1, -1, -1, -1, -1, -1, -1,
    -1, -1, -1, -1, -1, -1, -1, -1, -1, -1, -1, -1, -1, -1, -1, -1,
    -1, -1, -1, -1, -1, -1, -1, -1, -1, -1, -1, -1, -1, -1, -1, -1,
    -1, -1, -1, -1, -1, -1, -1, -1, -1, -1, -1, -1, -1, -1, -1, -1,
    -1, -1, -1, -1, -1, -1, -1, -1, -1, -1, -1, -1, -1, -1, -1, -1,
    -1, -1, -1, -1, -1, -1, -1, -1, -1, -1, -1, -1, -1, -1, -1, -1,
    -1, -1, -1, -1, -1, -1, -1, -1, -1, -1, -1, -1, -1, -1, -1, -1,
    -1, -1, -1, -1, -1, -1, -1, -1, -1, -1, -1, -1, -1, -1, -1, -1,
    -1, -1, -1, -1, -1, -1, -1, -1, -1, -1, -1, -1, -1, -1, -1, -1,
    -1, -1, -1, -1, -1, -1, -1, -1, -1, -1, -1, -1, -1, -1, -1, -1,
    -1, -1, -1, -1, -1, -1, -1, -1, -1, -1, -1, -1, -1, -1, -1, -1,
    -1, -1, -1, -1, -1, -1, -1, -1, -1, -1, -1, -1, -1, -1, -1, -1,
    -1, -1, -1, -1, -1, -1, -1, -1, -1, -1, -1, -1, -1, -1, -1, -1,
    -1, -1, -1, -1, -1, -1, -1, -1, -1, -1, -1, -1, -1, -1, -1, -1,
    -1, -1, -1, -1, -1, -1, -1, -1, -1, -1, -1, -1, -1, -1, -1, -1,
    -1, -1, -1, -1, -1, -1, -1, -1, -1, -1, -1, -1, -1, -1, -1, -1,
    -1, -1, -1, -1, -1, -1, -1, -1, -1, -1, -1, -1, -1, -1, -1, -1,
    -1, -1, -1, -1, -1, -1, -1, -1, -1, -1, -1, -1, -1, -1, -1, -1,
    -1, -1, -1, -1, -1, -1, -1, -1, -1, -1, -1, -1, -1, -1, -1, -1,
    -1, -1, -1, -1, -1, -1, -1, -1, -1, -1, -1, -1, -1, -1, -1, -1,
    -1, -1, -1, -1, -1, -1, -1, -1, -1, -1, -1, -1, -1, -1, -1, -1,
    -1, -1, -1, -1, -1, -1, -1, -1, -1, -1, -1, -1, -1, -1, -1, -1,
    -1, -1, -1, -1, -1, -1, -1, -1, -1, -1, -1, -1, -1, -1, -1, -1,
    -1, -1, -1, -1, -1, -1, -1, -1, -1, -1, -1, -1, -1, -1, -1, -1,
    -1, -1, -1, -1, -1, -1, -1, -1, -1, -1, -1, -1, -1, -1, -1, -1,
    -1, -1, -1, -1, -1, -1, -1, -1, -1, -1, -1, -1, -1, -1, -1, -1,
    -1, -1, -1, -1, -1, -1, -1, -1, -1, -1, -1, -1, -1, -1, -1, -1,
    -1, -1, -1, -1, -1, -1, -1, -1, -1, -1, -1, -1, -1, -1, -1, -1,
    -1, -1, -1, -1, -1, -1, -1, -1, -1, -1, -1, -1, -1, -1, -1, -1,
    -1, -1, -1, -1, -1, -1, -1, -1, -1, -1, -1, -1, -1, -1, -1, -1,
    -1, -1, -1, -1, -1, -1, -1, -1, -1, -1, -1, -1, -1, -1, -1, -1,
    -1, -1, -1, -1, -1, -1, -1, -1, -1, -1, -1, -1, -1, -1, -1, -1,
    -1, -1, -1, -1, -1, -1, -1, -1, -1, -1, -1, -1, -1, -1, -1, -1,
    -1, -1, -1, -1, -1, -1, -1, -1, -1, -1, -1, -1, -1, -1, -1, -1,
    -1, -1, -1, -1, -1, -1, -1, -1, -1, -1, -1, -1, -1, -1, -1, -1,
    -1, -1, -1, -1, -1, -1, -1, -1, -1, -1, -1, -1, -1, -1, -1, -1,
    -1, -1, -1, -1, -1, -1, -1, -1, -1, -1, -1, -1, -1, -1, -1, -1,
    -1, -1, -1, -1, -1, -1, -1, -1, -1, -1, -1, -1, -1, -1, -1, -1,
    -1, -1, -1, -1, -1, -1, -1, -1, -1, -1, -1, -1, -1, -1, -1, -1,
    -1, -1, -1, -1, -1, -1, -1, -1, -1, -1, -1, -1, -1, -1, -1, -1,
    -1, -1, -1, -1, -1, -1, -1, -1, -1, -1, -1, -1, -1, -1, -1, -1,
    -1, -1, -1, -1, -1, -1, -1, -1, -1, -1, -1, -1, -1, -1, -1, -1,
    -1, -1, -1, -1, -1, -1, -1, -1, -1, -1, -1, -1, -1, -1, -1, -1,
    -1, -1, -1, -1, -1, -1, -1, -1, -1, -1, -1, -1, -1, -1, -1, -1,
    -1, -1, -1, -1, -1, -1, -1, -1, -1, -1, -1, -1, -1, -1, -1, -1,
    -1, -1, -1, -1, -1, -1, -1, -1, -1, -1, -1, -1, -1, -1, -1, -1,
    -1, -1, -1, -1, -1, -1, -1, -1, -1, -1, -1, -1, -1, -1, -1, -1,
    -1, -1, -1, -1, -1, -1, -1, -1, -1, -1, -1, -1, -1, -1, -1, -1,
    -1, -1, -1, -1, -1, -1, -1, -1, -1, -1, -1, -1, -1, -1, -1, -1,
    -1, -1, -1, -1, -1, -1, -1, -1, -1, -1, -1, -1, -1, -1, -1, -1,
    -1, -1, -1, -1, -1, -1, -1, -1, -1, -1, -1, -1, -1, -1, -1, -1,
    -1, -1, -1, -1, -1, -1, -1, -1, -1, -1, -1, -1, -1, -1, -1, -1,
    -1, -1, -1, -1, -1, -1, -1, -1, -1, -1, -1, -1, -1, -1, -1, -1,
    -1, -1, -1, -1, -1, -1, -1, -1, -1, -1, -1, -1, -1, -1, -1, -1,
    -1, -1, -1, -1, -1, -1, -1, -1, -1, -1, -1, -1, -1, -1, -1, -1,
    -1, -1, -1, -1, -1, -1, -1, -1, -1, -1, -1, -1, -1, -1, -1, -1,
    -1, -1, -1, -1, -1, -1, -1, -1, -1, -1, -1, -1, -1, -1, -1, -1,
    -1, -1, -1, -1, -1, -1, -1, -1, -1, -1, -1, -1, -1, -1, -1, -1,
    -1, -1, -1, -1, -1, -1, -1, -1, -1, -1, -1, -1, -1, -1, -1, -1,
    -1, -1, -1, -1, -1, -1, -1, -1, -1, -1, -1, -1, -1, -1, -1, -1,
    -1, -1, -1, -1, -1, -1, -1, -1, -1, -1, -1, -1, -1, -1, -1, -1,
    -1, -1, -1, -1, -1, -1, -1, -1, -1, -1, -1, -1, -1, -1, -1, -1,
    -1, -1, -1, -1, -1, -1, -1, -1, -1, -1, -1, -1, -1, -1, -1, -1,
    -1, -1, -1, -1, -1, -1, -1, -1, -1, -1, -1, -1, -1, -1, -1, -1,
    -1, -1, -1, -1, -1, -1, -1, -1, -1, -1, -1, -1, -1, -1, -1, -1,
    -1, -1, -1, -1, -1, -1, -1, -1, -1, -1, -1, -1, -1, -1, -1, -1,
    -1, -1, -1, -1, -1, -1, -1, -1, -1, -1, -1, -1, -1, -1, -1, -1,
    -1, -1, -1, -1, -1, -1, -1, -1, -1, -1, -1, -1, -1, -1, -1, -1,
    -1, -1, -1, -1, -1, -1, -1, -1, -1, -1, -1, -1, -1, -1, -1, -1,
    -1, -1, -1, -1, -1, -1, -1, -1, -1, -1, -1, -1, -1, -1, -1, -1,
    -1, -1, -1, -1, -1, -1, -1, -1, -1, -1, -1, -1, -1, -1, -1, -1,
    -1, -1, -1, -1, -1, -1, -1, -1, -1, -1, -1, -1, -1, -1, -1, -1,
    -1, -1, -1, -1, -1, -1, -1, -1, -1, -1, -1, -1, -1, -1, -1, -1,
    -1, -1, -1, -1, -1, -1, -1, -1, -1, -1, -1, -1, -1, -1, -1, -1,
    -1, -1, -1, -1, -1, -1, -1, -1, -1, -1, -1, -1, -1, -1, -1, -1,
    -1, -1, -1, -1, -1, -1, -1, -1, -1, -1, -1, -1, -1, -1, -1, -1,
    -1, -1, -1, -1, -1, -1, -1, -1, -1, -1, -1, -1, -1, -1, -1, -1,
    -1, -1, -1, -1, -1, -1, -1, -1, -1, -1, -1, -1, -1, -1, -1, -1,
    -1, -1, -1, -1, -1, -1, -1, -1, -1, -1, -1, -1, -1, -1, -1, -1,
    -1, -1, -1, -1, -1, -1, -1, -1, -1, -1, -1, -1, -1, -1, -1, -1,
    -1, -1, -1, -1, -1, -1, -1, -1, -1, -1, -1, -1, -1, -1, -1, -1,
    -1, -1, -1, -1, -1, -1, -1, -1, -1, -1, -1, -1, -1, -1, -1, -1,
    -1, -1, -1, -1, -1, -1, -1, -1, -1, -1, -1, -1, -1, -1, -1, -1,
    -1, -1, -1, -1, -1, -1, -1, -1, -1, -1, -1, -1, -1, -1, -1, -1,
    -1, -1, -1, -1, -1, -1, -1, -1, -1, -1, -1, -1, -1, -1, -1, -1,
    -1, -1, -1, -1, -1, -1, -1, -1, -1, -1, -1, -1, -1, -1, -1, -1,
    -1, -1, -1, -1, -1, -1, -1, -1, -1, -1, -1, -1, -1, -1, -1, -1,
    -1, -1, -1, -1, -1, -1, -1, -1, -1, -1, -1, -1, -1, -1, -1, -1,
    -1, -1, -1, -1, -1, -1, -1, -1, -1, -1, -1, -1, -1, -1, -1, -1,
    -1, -1, -1, -1, -1, -1, -1, -1, -1, -1, -1, -1, -1, -1, -1, -1,
    -1, -1, -1, -1, -1, -1, -1, -1, -1, -1, -1, -1, -1, -1, -1, -1,
    -1, -1, -1, -1, -1, -1, -1, -1, -1, -1, -1, -1, -1, -1, -1, -1,
    -1, -1, -1, -1, -1, -1, -1, -1, -1, -1, -1, -1, -1, -1, -1, -1,
    -1, -1, -1, -1, -1, -1, -1, -1, -1, -1, -1, -1, -1, -1, -1, -1,
    -1, -1, -1, -1, -1, -1, -1, -1, -1, -1, -1, -1, -1, -1, -1, -1,
    -1, -1, -1, -1, -1, -1, -1, -1, -1, -1, -1, -1, -1, -1, -1, -1,
    -1, -1, -1, -1, -1, -1, -1, -1, -1, -1, -1, -1, -1, -1, -1, -1,
    -1, -1, -1, -1, -1, -1, -1, -1, -1, -1, -1, -1, -1, -1, -1, -1,
    -1, -1, -1, -1, -1, -1, -1, -1, -1, -1, -1, -1, -1, -1, -1, -1,
    -1, -1, -1, -1, -1, -1, -1, -1, -1, -1, -1, -1, -1, -1, -1, -1,
    -1, -1, -1, -1, -1, -1, -1, -1, -1, -1, -1, -1, -1, -1, -1, -1,
    -1, -1, -1, -1, -1, -1, -1, -1, -1, -1, -1, -1, -1, -1, -1, -1,
    -1, -1, -1, -1, -1, -1, -1, -1, -1, -1, -1, -1, -1, -1, -1, -1,
    -1, -1, -1, -1, -1, -1, -1, -1, -1, -1, -1, -1, -1, -1, -1, -1,
    -1, -1, -1, -1, -1, -1, -1, -1, -1, -1, -1, -1, -1, -1, -1, -1,
    -1, -1, -1, -1, -1, -1, -1, -1, -1, -1, -1, -1, -1, -1, -1, -1,
    -1, -1, -1, -1, -1, -1, -1, -1, -1, -1, -1, -1, -1, -1, -1, -1,
    -1, -1, -1, -1, -1, -1, -1, -1, -1, -1, -1, -1, -1, -1, -1, -1,
    -1, -1, -1, -1, -1, -1, -1, -1, -1, -1, -1, -1, -1, -1, -1, -1,
    -1, -1, -1, -1, -1, -1, -1, -1, -1, -1, -1, -1, -1, -1, -1, -1,
    -1, -1, -1, -1, -1, -1, -1, -1, -1, -1, -1, -1, -1, -1, -1, -1,
    -1, -1, -1, -1, -1, -1, -1, -1, -1, -1, -1, -1, -1, -1, -1, -1,
    -1, -1, -1, -1, -1, -1, -1, -1, -1, -1, -1, -1, -1, -1, -1, -1,
    -1, -1, -1, -1, -1, -1, -1, -1, -1, -1, -1, -1, -1, -1, -1, -1,
    -1, -1, -1, -1, -1, -1, -1, -1, -1, -1, -1, -1, -1, -1, -1, -1,
    -1, -1, -1, -1, -1, -1, -1, -1, -1, -1, -1, -1, -1, -1, -1, -1,
    -1, -1, -1, -1, -1, -1, -1, -1, -1, -1, -1, -1, -1, -1, -1, -1,
    -1, -1, -1, -1, -1, -1, -1, -1, -1, -1, -1, -1, -1, -1, -1, -1,
    -1, -1, -1, -1, -1, -1, -1, -1, -1, -1, -1, -1, -1, -1, -1, -1,
    -1, -1, -1, -1, -1, -1, -1, -1, -1, -1, -1, -1, -1, -1, -1, -1,
    -1, -1, -1, -1, -1, -1, -1, -1, -1, -1, -1, -1, -1, -1, -1, -1,
    -1, -1, -1, -1, -1, -1, -1, -1, -1, -1, -1, -1, -1, -1, -1, -1,
    -1, -1, -1, -1, -1, -1, -1, -1, -1, -1, -1, -1, -1, -1, -1, -1,
    -1, -1, -1, -1, -1, -1, -1, -1, -1, -1, -1, -1, -1, -1, -1, -1,
    -1, -1, -1, -1, -1, -1, -1, -1, -1, -1, -1, -1, -1, -1, -1, -1,
    -1, -1, -1, -1, -1, -1, -1, -1, -1, -1, -1, -1, -1, -1, -1, -1,
    -1, -1, -1, -1, -1, -1, -1, -1, -1, -1, -1, -1, -1, -1, -1, -1,
    -1, -1, -1, -1, -1, -1, -1, -1, -1, -1, -1, -1, -1, -1, -1, -1,
    -1, -1, -1, -1, -1, -1, -1, -1, -1, -1, -1, -1, -1, -1, -1, -1,
    -1, -1, -1, -1, -1, -1, -1, -1, -1, -1, -1, -1, -1, -1, -1, -1,
    -1, -1, -1, -1, -1, -1, -1, -1, -1, -1, -1, -1, -1, -1, -1, -1,
    -1, -1, -1, -1, -1, -1, -1, -1, -1, -1, -1, -1, -1, -1, -1, -1,
    -1, -1, -1, -1, -1, -1, -1, -1, -1, -1, -1, -1, -1, -1, -1, -1,
    -1, -1, -1, -1, -1, -1, -1, -1, -1, -1, -1, -1, -1, -1, -1, -1,
    -1, -1, -1, -1, -1, -1, -1, -1, -1, -1, -1, -1, -1, -1, -1, -1,
    -1, -1, -1, -1, -1, -1, -1, -1, -1, -1, -1, -1, -1, -1, -1, -1,
    -1, -1, -1, -1, -1, -1, -1, -1, -1, -1, -1, -1, -1, -1, -1, -1,
    -1, -1, -1, -1, -1, -1, -1, -1, -1, -1, -1, -1, -1, -1, -1, -1,
    -1, -1, -1, -1, -1, -1, -1, -1, -1, -1, -1, -1, -1, -1, -1, -1,
    -1, -1, -1, -1, -1, -1, -1, -1, -1, -1, -1, -1, -1, -1, -1, -1,
    -1, -1, -1, -1, -1, -1, -1, -1, -1, -1, -1, -1, -1, -1, -1, -1,
    -1, -1, -1, -1, -1, -1, -1, -1, -1, -1, -1, -1, -1, -1, -1, -1,
    -1, -1, -1, -1, -1, -1, -1, -1, -1, -1, -1, -1, -1, -1, -1, -1,
    -1, -1, -1, -1, -1, -1, -1, -1, -1, -1, -1, -1, -1, -1, -1, -1,
    -1, -1, -1, -1, -1, -1, -1, -1, -1, -1, -1, -1, -1, -1, -1, -1,
    -1, -1, -1, -1, -1, -1, -1, -1, -1, -1, -1, -1, -1, -1, -1, -1,
    -1, -1, -1, -1, -1, -1, -1, -1, -1, -1, -1, -1, -1, -1, -1, -1,
    -1, -1, -1, -1, -1, -1, -1, -1, -1, -1, -1, -1, -1, -1, -1, -1,
    -1, -1, -1, -1, -1, -1, -1, -1, -1, -1, -1, -1, -1, -1, -1, -1,
    -1, -1, -1, -1, -1, -1, -1, -1, -1, -1, -1, -1, -1, -1, -1, -1,
    -1, -1, -1, -1, -1, -1, -1, -1, -1, -1, -1, -1, -1, -1, -1, -1,
    -1, -1, -1, -1, -1, -1, -1, -1, -1, -1, -1, -1, -1, -1, -1, -1,
    -1, -1, -1, -1, -1, -1, -1, -1, -1, -1, -1, -1, -1, -1, -1, -1,
    -1, -1, -1, -1, -1, -1, -1, -1, -1, -1, -1, -1, -1, -1, -1, -1,
    -1, -1, -1, -1, -1, -1, -1, -1, -1, -1, -1, -1, -1, -1, -1, -1,
    -1, -1, -1, -1, -1, -1, -1, -1, -1, -1, -1, -1, -1, -1, -1, -1,
    -1, -1, -1, -1, -1, -1, -1, -1, -1, -1, -1, -1, -1, -1, -1, -1,
    -1, -1, -1, -1, -1, -1, -1, -1, -1, -1, -1, -1, -1, -1, -1, -1,
    -1, -1, -1, -1, -1, -1, -1, -1, -1, -1, -1, -1, -1, -1, -1, -1,
    -1, -1, -1, -1, -1, -1, -1, -1, -1, -1, -1, -1, -1, -1, -1, -1,
    -1, -1, -1, -1, -1, -1, -1, -1, -1, -1, -1, -1, -1, -1, -1, -1,
    -1, -1, -1, -1, -1, -1, -1, -1, -1, -1, -1, -1, -1, -1, -1, -1,
    -1, -1, -1, -1, -1, -1, -1, -1, -1, -1, -1, -1, -1, -1, -1, -1,
    -1, -1, -1, -1, -1, -1, -1, -1, -1, -1, -1, -1, -1, -1, -1, -1,
    -1, -1, -1, -1, -1, -1, -1, -1, -1, -1, -1, -1, -1, -1, -1, -1,
    -1, -1, -1, -1, -1, -1, -1, -1, -1, -1, -1, -1, -1, -1, -1, -1,
    -1, -1, -1, -1, -1, -1, -1, -1, -1, -1, -1, -1, -1, -1, -1, -1,
    -1, -1, -1, -1, -1, -1, -1, -1, -1, -1, -1, -1, -1, -1, -1, -1,
    -1, -1, -1, -1, -1, -1, -1, -1, -1, -1, -1, -1, -1, -1, -1, -1,
    -1, -1, -1, -1, -1, -1, -1, -1, -1, -1, -1, -1, -1, -1, -1, -1,
    -1, -1, -1, -1, -1, -1, -1, -1, -1, -1, -1, -1, -1, -1, -1, -1,
    -1, -1, -1, -1, -1, -1, -1, -1, -1, -1, -1, -1, -1, -1, -1, -1,
    -1, -1, -1, -1, -1, -1, -1, -1, -1, -1, -1, -1, -1, -1, -1, -1,
    -1, -1, -1, -1, -1, -1, -1, -1, -1, -1, -1, -1, -1, -1, -1, -1,
    -1, -1, -1, -1, -1, -1, -1, -1, -1, -1, -1, -1, -1, -1, -1, -1,
    -1, -1, -1, -1, -1, -1, -1, -1, -1, -1, -1, -1, -1, -1, -1, -1,
    -1, -1, -1, -1, -1, -1, -1, -1, -1, -1, -1, -1, -1, -1, -1, -1,
    -1, -1, -1, -1, -1, -1, -1, -1, -1, -1, -1, -1, -1, -1, -1, -1,
    -1, -1, -1, -1, -1, -1, -1, -1, -1, -1, -1, -1, -1, -1, -1, -1,
    -1, -1, -1, -1, -1, -1, -1, -1, -1, -1, -1, -1, -1, -1, -1, -1,
    -1, -1, -1, -1, -1, -1, -1, -1, -1, -1, -1, -1, -1, -1, -1, -1,
    -1, -1, -1, -1, -1, -1, -1, -1, -1, -1, -1, -1, -1, -1, -1, -1,
    -1, -1, -1, -1, -1, -1, -1, -1, -1, -1, -1, -1, -1, -1, -1, -1,
    -1, -1, -1, -1, -1, -1, -1, -1, -1, -1, -1, -1, -1, -1, -1, -1,
    -1, -1, -1, -1, -1, -1, -1, -1, -1, -1, -1, -1, -1, -1, -1, -1,
    -1, -1, -1, -1, -1, -1, -1, -1, -1, -1, -1, -1, -1, -1, -1, -1,
    -1, -1, -1, -1, -1, -1, -1, -1, -1, -1, -1, -1, -1, -1, -1, -1,
    -1, -1, -1, -1, -1, -1, -1, -1, -1, -1, -1, -1, -1, -1, -1, -1,
    -1, -1, -1, -1, -1, -1, -1, -1, -1, -1, -1, -1, -1, -1, -1, -1,
    -1, -1, -1, -1, -1, -1, -1, -1, -1, -1, -1, -1, -1, -1, -1, -1,
    -1, -1, -1, -1, -1, -1, -1, -1, -1, -1, -1, -1, -1, -1, -1, -1,
    -1, -1, -1, -1, -1, -1, -1, -1, -1, -1, -1, -1, -1, -1, -1, -1,
    -1, -1, -1, -1, -1, -1, -1, -1, -1, -1, -1, -1, -1, -1, -1, -1,
    -1, -1, -1, -1, -1, -1, -1, -1, -1, -1, -1, -1, -1, -1, -1, -1,
    -1, -1, -1, -1, -1, -1, -1, -1, -1, -1, -1, -1, -1, -1, -1, -1,
    -1, -1, -1, -1, -1, -1, -1, -1, -1, -1, -1, -1, -1, -1, -1, -1,
    -1, -1, -1, -1, -1, -1, -1, -1, -1, -1, -1, -1, -1, -1, -1, -1,
    -1, -1, -1, -1, -1, -1, -1, -1, -1, -1, -1, -1, -1, -1, -1, -1,
    -1, -1, -1, -1, -1, -1, -1, -1, -1, -1, -1, -1, -1, -1, -1, -1,
    -1, -1, -1, -1, -1, -1, -1, -1, -1, -1, -1, -1, -1, -1, -1, -1,
    -1, -1, -1, -1, -1, -1, -1, -1, -1, -1, -1, -1, -1, -1, -1, -1,
    -1, -1, -1, -1, -1, -1, -1, -1, -1, -1, -1, -1, -1, -1, -1, -1,
    -1, -1, -1, -1, -1, -1, -1, -1, -1, -1, -1, -1, -1, -1, -1, -1,
    -1, -1, -1, -1, -1, -1, -1, -1, -1, -1, -1, -1, -1, -1, -1, -1,
    -1, -1, -1, -1, -1, -1, -1, -1, -1, -1, -1, -1, -1, -1, -1, -1,
    -1, -1, -1, -1, -1, -1, -1, -1, -1, -1, -1, -1, -1, -1, -1, -1,
    -1, -1, -1, -1, -1, -1, -1, -1, -1, -1, -1, -1, -1, -1, -1, -1,
    -1, -1, -1, -1, -1, -1, -1, -1, -1, -1, -1, -1, -1, -1, -1, -1,
    -1, -1, -1, -1, -1, -1, -1, -1, -1, -1, -1, -1, -1, -1, -1, -1,
    -1, -1, -1, -1, -1, -1, -1, -1, -1, -1, -1, -1, -1, -1, -1, -1,
    -1, -1, -1, -1, -1, -1, -1, -1, -1, -1, -1, -1, -1, -1, -1, -1,
    -1, -1, -1, -1, -1, -1, -1, -1, -1, -1, -1, -1, -1, -1, -1, -1,
    -1, -1, -1, -1, -1, -1, -1, -1, -1, -1, -1, -1, -1, -1, -1, -1,
    -1, -1, -1, -1, -1, -1, -1, -1, -1, -1, -1, -1, -1, -1, -1, -1,
    -1, -1, -1, -1, -1, -1, -1, -1, -1, -1, -1, -1, -1, -1, -1, -1,
    -1, -1, -1, -1, -1, -1, -1, -1, -1, -1, -1, -1, -1, -1, -1, -1,
    -1, -1, -1, -1, -1, -1, -1, -1, -1, -1, -1, -1, -1, -1, -1, -1,
    -1, -1, -1, -1, -1, -1, -1, -1, -1, -1, -1, -1, -1, -1, -1, -1,
    -1, -1, -1, -1, -1, -1, -1, -1, -1, -1, -1, -1, -1, -1, -1, -1,
    -1, -1, -1, -1, -1, -1, -1, -1, -1, -1, -1, -1, -1, -1, -1, -1,
    -1, -1, -1, -1, -1, -1, -1, -1, -1, -1, -1, -1, -1, -1, -1, -1,
    -1, -1, -1, -1, -1, -1, -1, -1, -1, -1, -1, -1, -1, -1, -1, -1,
    -1, -1, -1, -1, -1, -1, -1, -1, -1, -1, -1, -1, -1, -1, -1, -1,
    -1, -1, -1, -1, -1, -1, -1, -1, -1, -1, -1, -1, -1, -1, -1, -1,
    -1, -1, -1, -1, -1, -1, -1, -1, -1, -1, -1, -1, -1, -1, -1, -1,
    -1, -1, -1, -1, -1, -1, -1, -1, -1, -1, -1, -1, -1, -1, -1, -1,
    -1, -1, -1, -1, -1, -1, -1, -1, -1, -1, -1, -1, -1, -1, -1, -1,
    -1, -1, -1, -1, -1, -1, -1, -1, -1, -1, -1, -1, -1, -1, -1, -1,
    -1, -1, -1, -1, -1, -1, -1, -1, -1, -1, -1, -1, -1, -1, -1, -1,
    -1, -1, -1, -1, -1, -1, -1, -1, -1, -1, -1, -1, -1, -1, -1, -1,
    -1, -1, -1, -1, -1, -1, -1, -1, -1, -1, -1, -1, -1, -1, -1, -1,
    -1, -1, -1, -1, -1, -1, -1, -1, -1, -1, -1, -1, -1, -1, -1, -1,
    -1, -1, -1, -1, -1, -1, -1, -1, -1, -1, -1, -1, -1, -1, -1, -1,
    -1, -1, -1, -1, -1, -1, -1, -1, -1, -1, -1, -1, -1, -1, -1, -1,
    -1, -1, -1, -1, -1, -1, -1, -1, -1, -1, -1, -1, -1, -1, -1, -1,
    -1, -1, -1, -1, -1, -1, -1, -1, -1, -1, -1, -1, -1, -1, -1, -1,
    -1, -1, -1, -1, -1, -1, -1, -1, -1, -1, -1, -1, -1, -1, -1, -1,
    -1, -1, -1, -1, -1, -1, -1, -1, -1, -1, -1, -1, -1, -1, -1, -1,
    -1, -1, -1, -1, -1, -1, -1, -1, -1, -1, -1, -1, -1, -1, -1, -1,
    -1, -1, -1, -1, -1, -1, -1, -1, -1, -1, -1, -1, -1, -1, -1, -1,
    -1, -1, -1, -1, -1, -1, -1, -1, -1, -1, -1, -1, -1, -1, -1, -1,
    -1, -1, -1, -1, -1, -1, -1, -1, -1, -1, -1, -1, -1, -1, -1, -1,
    -1, -1, -1, -1, -1, -1, -1, -1, -1, -1, -1, -1, -1, -1, -1, -1,
    -1, -1, -1, -1, -1, -1, -1, -1, -1, -1, -1, -1, -1, -1, -1, -1,
    -1, -1, -1, -1, -1, -1, -1, -1, -1, -1, -1, -1, -1, -1, -1, -1,
    -1, -1, -1, -1, -1, -1, -1, -1, -1, -1, -1, -1, -1, -1, -1, -1,
    -1, -1, -1, -1, -1, -1, -1, -1, -1, -1, -1, -1, -1, -1, -1, -1,
    -1, -1, -1, -1, -1, -1, -1, -1, -1, -1, -1, -1, -1, -1, -1, -1,
    -1, -1, -1, -1, -1, -1, -1, -1, -1, -1, -1, -1, -1, -1, -1, -1,
    -1, -1, -1, -1, -1, -1, -1, -1, -1, -1, -1, -1, -1, -1, -1, -1,
    -1, -1, -1, -1, -1, -1, -1, -1, -1, -1, -1, -1, -1, -1, -1, -1,
    -1, -1, -1, -1, -1, -1, -1, -1, -1, -1, -1, -1, -1, -1, -1, -1,
    -1, -1, -1, -1, -1, -1, -1, -1, -1, -1, -1, -1, -1, -1, -1, -1,
    -1, -1, -1, -1, -1, -1, -1, -1, -1, -1, -1, -1, -1, -1, -1, -1,
    -1, -1, -1, -1, -1, -1, -1, -1, -1, -1, -1, -1, -1, -1, -1, -1,
    -1, -1, -1, -1, -1, -1, -1, -1, -1, -1, -1, -1, -1, -1, -1, -1,
    -1, -1, -1, -1, -1, -1, -1, -1, -1, -1, -1, -1, -1, -1, -1, -1,
    -1, -1, -1, -1, -1, -1, -1, -1, -1, -1, -1, -1, -1, -1, -1, -1,
    -1, -1, -1, -1, -1, -1, -1, -1, -1, -1, -1, -1, -1, -1, -1, -1,
    -1, -1, -1, -1, -1, -1, -1, -1, -1, -1, -1, -1, -1, -1, -1, -1,
    -1, -1, -1, -1, -1, -1, -1, -1, -1, -1, -1, -1, -1, -1, -1, -1,
    -1, -1, -1, -1, -1, -1, -1, -1, -1, -1, -1, -1, -1, -1, -1, -1,
    -1, -1, -1, -1, -1, -1, -1, -1, -1, -1, -1, -1, -1, -1, -1, -1,
    -1, -1, -1, -1, -1, -1, -1, -1, -1, -1, -1, -1, -1, -1, -1, -1,
    -1, -1, -1, -1, -1, -1, -1, -1, -1, -1, -1, -1, -1, -1, -1, -1,
    -1, -1, -1, -1, -1, -1, -1, -1, -1, -1, -1, -1, -1, -1, -1, -1,
    -1, -1, -1, -1, -1, -1, -1, -1, -1, -1, -1, -1, -1, -1, -1, -1,
    -1, -1, -1, -1, -1, -1, -1, -1, -1, -1, -1, -1, -1, -1, -1, -1,
    -1, -1, -1, -1, -1, -1, -1, -1, -1, -1, -1, -1, -1, -1, -1, -1,
    -1, -1, -1, -1, -1, -1, -1, -1, -1, -1, -1, -1, -1, -1, -1, -1,
    -1, -1, -1, -1, -1, -1, -1, -1, -1, -1, -1, -1, -1, -1, -1, -1,
    -1, -1, -1, -1, -1, -1, -1, -1, -1, -1, -1, -1, -1, -1, -1, -1,
    -1, -1, -1, -1, -1, -1, -1, -1, -1, -1, -1, -1, -1, -1, -1, -1,
    -1, -1, -1, -1, -1, -1, -1, -1, -1, -1, -1, -1, -1, -1, -1, -1,
    -1, -1, -1, -1, -1, -1, -1, -1, -1, -1, -1, -1, -1, -1, -1, -1,
    -1, -1, -1, -1, -1, -1, -1, -1, -1, -1, -1, -1, -1, -1, -1, -1,
    -1, -1, -1, -1, -1, -1, -1, -1, -1, -1, -1, -1, -1, -1, -1, -1,
    -1, -1, -1, -1, -1, -1, -1, -1, -1, -1, -1, -1, -1, -1, -1, -1,
    -1, -1, -1, -1, -1, -1, -1, -1, -1, -1, -1, -1, -1, -1, -1, -1,
    -1, -1, -1, -1, -1, -1, -1, -1, -1, -1, -1, -1, -1, -1, -1, -1,
    -1, -1, -1, -1, -1, -1, -1, -1, -1, -1, -1, -1, -1, -1, -1, -1,
    -1, -1, -1, -1, -1, -1, -1, -1, -1, -1, -1, -1, -1, -1, -1, -1,
    -1, -1, -1, -1, -1, -1, -1, -1, -1, -1, -1, -1, -1, -1, -1, -1,
    -1, -1, -1, -1, -1, -1, -1, -1, -1, -1, -1, -1, -1, -1, -1, -1,
    -1, -1, -1, -1, -1, -1, -1, -1, -1, -1, -1, -1, -1, -1, -1, -1,
    -1, -1, -1, -1, -1, -1, -1, -1, -1, -1, -1, -1, -1, -1, -1, -1,
    -1, -1, -1, -1, -1, -1, -1, -1, -1, -1, -1, -1, -1, -1, -1, -1,
    -1, -1, -1, -1, -1, -1, -1, -1, -1, -1, -1, -1, -1, -1, -1, -1,
    -1, -1, -1, -1, -1, -1, -1, -1, -1, -1, -1, -1, -1, -1, -1, -1,
    -1, -1, -1, -1, -1, -1, -1, -1, -1, -1, -1, -1, -1, -1, -1, -1,
    -1, -1, -1, -1, -1, -1, -1, -1, -1, -1, -1, -1, -1, -1, -1, -1,
    -1, -1, -1, -1, -1, -1, -1, -1, -1, -1, -1, -1, -1, -1, -1, -1,
    -1, -1, -1, -1, -1, -1, -1, -1, -1, -1, -1, -1, -1, -1, -1, -1,
    -1, -1, -1, -1, -1, -1, -1, -1, -1, -1, -1, -1, -1, -1, -1, -1,
    -1, -1, -1, -1, -1, -1, -1, -1, -1, -1, -1, -1, -1, -1, -1, -1,
    -1, -1, -1, -1, -1, -1, -1, -1, -1, -1, -1, -1, -1, -1, -1, -1,
    -1, -1, -1, -1, -1, -1, -1, -1, -1, -1, -1, -1, -1, -1, -1, -1,
    -1, -1, -1, -1, -1, -1, -1, -1, -1, -1, -1, -1, -1, -1, -1, -1,
    -1, -1, -1, -1, -1, -1, -1, -1, -1, -1, -1, -1, -1, -1, -1, -1,
    -1, -1, -1, -1, -1, -1, -1, -1, -1, -1, -1, -1, -1, -1, -1, -1,
    -1, -1, -1, -1, -1, -1, -1, -1, -1, -1, -1, -1, -1, -1, -1, -1,
    -1, -1, -1, -1, -1, -1, -1, -1, -1, -1, -1, -1, -1, -1, -1, -1,
    -1, -1, -1, -1, -1, -1, -1, -1, -1, -1, -1, -1, -1, -1, -1, -1,
    -1, -1, -1, -1, -1, -1, -1, -1, -1, -1, -1, -1, -1, -1, -1, -1,
    -1, -1, -1, -1, -1, -1, -1, -1, -1, -1, -1, -1, -1, -1, -1, -1,
    -1, -1, -1, -1, -1, -1, -1, -1, -1, -1, -1, -1, -1, -1, -1, -1,
    -1, -1, -1, -1, -1, -1, -1, -1, -1, -1, -1, -1, -1, -1, -1, -1,
    -1, -1, -1, -1, -1, -1, -1, -1, -1, -1, -1, -1, -1, -1, -1, -1,
    -1, -1, -1, -1, -1, -1, -1, -1, -1, -1, -1, -1, -1, -1, -1, -1,
    -1, -1, -1, -1, -1, -1, -1, -1, -1, -1, -1, -1, -1, -1, -1, -1,
    -1, -1, -1, -1, -1, -1, -1, -1, -1, -1, -1, -1, -1, -1, -1, -1,
    -1, -1, -1, -1, -1, -1, -1, -1, -1, -1, -1, -1, -1, -1, -1, -1,
    -1, -1, -1, -1, -1, -1, -1, -1, -1, -1, -1, -1, -1, -1, -1, -1,
    -1, -1, -1, -1, -1, -1, -1, -1, -1, -1, -1, -1, -1, -1, -1, -1,
    -1, -1, -1, -1, -1, -1, -1, -1, -1, -1, -1, -1, -1, -1, -1, -1,
    -1, -1, -1, -1, -1, -1, -1, -1, -1, -1, -1, -1, -1, -1, -1, -1,
    -1, -1, -1, -1, -1, -1, -1, -1, -1, -1, -1, -1, -1, -1, -1, -1,
    -1, -1, -1, -1, -1, -1, -1, -1, -1, -1, -1, -1, -1, -1, -1, -1,
    -1, -1, -1, -1, -1, -1, -1, -1, -1, -1, -1, -1, -1, -1, -1, -1,
    -1, -1, -1, -1, -1, -1, -1, -1, -1, -1, -1, -1, -1, -1, -1, -1,
    -1, -1, -1, -1, -1, -1, -1, -1, -1, -1, -1, -1, -1, -1, -1, -1,
    -1, -1, -1, -1, -1, -1, -1, -1, -1, -1, -1, -1, -1, -1, -1, -1,
    -1, -1, -1, -1, -1, -1, -1, -1, -1, -1, -1, -1, -1, -1, -1, -1,
    -1, -1, -1, -1, -1, -1, -1, -1, -1, -1, -1, -1, -1, -1, -1, -1,
    -1, -1, -1, -1, -1, -1, -1, -1, -1, -1, -1, -1, -1, -1, -1, -1,
    -1, -1, -1, -1, -1, -1, -1, -1, -1, -1, -1, -1, -1, -1, -1, -1,
    -1, -1, -1, -1, -1, -1, -1, -1, -1, -1, -1, -1, -1, -1, -1, -1,
    -1, -1, -1, -1, -1, -1, -1, -1, -1, -1, -1, -1, -1, -1, -1, -1,
    -1, -1, -1, -1, -1, -1, -1, -1, -1, -1, -1, -1, -1, -1, -1, -1,
    -1, -1, -1, -1, -1, -1, -1, -1, -1, -1, -1, -1, -1, -1, -1, -1,
    -1, -1, -1, -1, -1, -1, -1, -1, -1, -1, -1, -1, -1, -1, -1, -1,
    -1, -1, -1, -1, -1, -1, -1, -1, -1, -1, -1, -1, -1, -1, -1, -1,
    -1, -1, -1, -1, -1, -1, -1, -1, -1, -1, -1, -1, -1, -1, -1, -1,
    -1, -1, -1, -1, -1, -1, -1, -1, -1, -1, -1, -1, -1, -1, -1, -1,
    -1, -1, -1, -1, -1, -1, -1, -1, -1, -1, -1, -1, -1, -1, -1, -1,
    -1, -1, -1, -1, -1, -1, -1, -1, -1, -1, -1, -1, -1, -1, -1, -1,
    -1, -1, -1, -1, -1, -1, -1, -1, -1, -1, -1, -1, -1, -1, -1, -1,
    -1, -1, -1, -1, -1, -1, -1, -1, -1, -1, -1, -1, -1, -1, -1, -1,
    -1, -1, -1, -1, -1, -1, -1, -1, -1, -1, -1, -1, -1, -1, -1, -1,
    -1, -1, -1, -1, -1, -1, -1, -1, -1, -1, -1, -1, -1, -1, -1, -1,
    -1, -1, -1, -1, -1, -1, -1, -1, -1, -1, -1, -1, -1, -1, -1, -1,
    -1, -1, -1, -1, -1, -1, -1, -1, -1, -1, -1, -1, -1, -1, -1, -1,
    -1, -1, -1, -1, -1, -1, -1, -1, -1, -1, -1, -1, -1, -1, -1, -1,
    -1, -1, -1, -1, -1, -1, -1, -1, -1, -1, -1, -1, -1, -1, -1, -1,
    -1, -1, -1, -1, -1, -1, -1, -1, -1, -1, -1, -1, -1, -1, -1, -1,
    -1, -1, -1, -1, -1, -1, -1, -1, -1, -1, -1, -1, -1, -1, -1, -1,
    -1, -1, -1, -1, -1, -1, -1, -1, -1, -1, -1, -1, -1, -1, -1, -1,
    -1, -1, -1, -1, -1, -1, -1, -1, -1, -1, -1, -1, -1, -1, -1, -1,
    -1, -1, -1, -1, -1, -1, -1, -1, -1, -1, -1, -1, -1, -1, -1, -1,
    -1, -1, -1, -1, -1, -1, -1, -1, -1, -1, -1, -1, -1, -1, -1, -1,
    -1, -1, -1, -1, -1, -1, -1, -1, -1, -1, -1, -1, -1, -1, -1, -1,
    -1, -1, -1, -1, -1, -1, -1, -1, -1, -1, -1, -1, -1, -1, -1, -1,
    -1, -1, -1, -1, -1, -1, -1, -1, -1, -1, -1, -1, -1, -1, -1, -1,
    -1, -1, -1, -1, -1, -1, -1, -1, -1, -1, -1, -1, -1, -1, -1, -1,
    -1, -1, -1, -1, -1, -1, -1, -1, -1, -1, -1, -1, -1, -1, -1, -1,
    -1, -1, -1, -1, -1, -1, -1, -1, -1, -1, -1, -1, -1, -1, -1, -1,
    -1, -1, -1, -1, -1, -1, -1, -1, -1, -1, -1, -1, -1, -1, -1, -1,
    -1, -1, -1, -1, -1, -1, -1, -1, -1, -1, -1, -1, -1, -1, -1, -1,
    -1, -1, -1, -1, -1, -1, -1, -1, -1, -1, -1, -1, -1, -1, -1, -1,
    -1, -1, -1, -1, -1, -1, -1, -1, -1, -1, -1, -1, -1, -1, -1, -1,
    -1, -1, -1, -1, -1, -1, -1, -1, -1, -1, -1, -1, -1, -1, -1, -1,
    -1, -1, -1, -1, -1, -1, -1, -1, -1, -1, -1, -1, -1, -1, -1, -1,
    -1, -1, -1, -1, -1, -1, -1, -1, -1, -1, -1, -1, -1, -1, -1, -1,
    -1, -1, -1, -1, -1, -1, -1, -1, -1, -1, -1, -1, -1, -1, -1, -1,
    -1, -1, -1, -1, -1, -1, -1, -1, -1, -1, -1, -1, -1, -1, -1, -1,
    -1, -1, -1, -1, -1, -1, -1, -1, -1, -1, -1, -1, -1, -1, -1, -1,
    -1, -1, -1, -1, -1, -1, -1, -1, -1, -1, -1, -1, -1, -1, -1, -1,
    -1, -1, -1, -1, -1, -1, -1, -1, -1, -1, -1, -1, -1, -1, -1, -1,
    -1, -1, -1, -1, -1, -1, -1, -1, -1, -1, -1, -1, -1, -1, -1, -1,
    -1, -1, -1, -1, -1, -1, -1, -1, -1, -1, -1, -1, -1, -1, -1, -1,
    -1, -1, -1, -1, -1, -1, -1, -1, -1, -1, -1, -1, -1, -1, -1, -1,
    -1, -1, -1, -1, -1, -1, -1, -1, -1, -1, -1, -1, -1, -1, -1, -1,
    -1, -1, -1, -1, -1, -1, -1, -1, -1, -1, -1, -1, -1, -1, -1, -1,
    -1, -1, -1, -1, -1, -1, -1, -1, -1, -1, -1, -1, -1, -1, -1, -1,
    -1, -1, -1, -1, -1, -1, -1, -1, -1, -1, -1, -1, -1, -1, -1, -1,
    -1, -1, -1, -1, -1, -1, -1, -1, -1, -1, -1, -1, -1, -1, -1, -1,
    -1, -1, -1, -1, -1, -1, -1, -1, -1, -1, -1, -1, -1, -1, -1, -1,
    -1, -1, -1, -1, -1, -1, -1, -1, -1, -1, -1, -1, -1, -1, -1, -1,
    -1, -1, -1, -1, -1, -1, -1, -1, -1, -1, -1, -1, -1, -1, -1, -1,
    -1, -1, -1, -1, -1, -1, -1, -1, -1, -1, -1, -1, -1, -1, -1, -1,
    -1, -1, -1, -1, -1, -1, -1, -1, -1, -1, -1, -1, -1, -1, -1, -1,
    -1, -1, -1, -1, -1, -1, -1, -1, -1, -1, -1, -1, -1, -1, -1, -1,
    -1, -1, -1, -1, -1, -1, -1, -1, -1, -1, -1, -1, -1, -1, -1, -1,
    -1, -1, -1, -1, -1, -1, -1, -1, -1, -1, -1, -1, -1, -1, -1, -1,
    -1, -1, -1, -1, -1, -1, -1, -1, -1, -1, -1, -1, -1, -1, -1, -1,
    -1, -1, -1, -1, -1, -1, -1, -1, -1, -1, -1, -1, -1, -1, -1, -1,
    -1, -1, -1, -1, -1, -1, -1, -1, -1, -1, -1, -1, -1, -1, -1, -1,
    -1, -1, -1, -1, -1, -1, -1, -1, -1, -1, -1, -1, -1, -1, -1, -1,
    -1, -1, -1, -1, -1, -1, -1, -1, -1, -1, -1, -1, -1, -1, -1, -1,
    -1, -1, -1, -1, -1, -1, -1, -1, -1, -1, -1, -1, -1, -1, -1, -1,
    -1, -1, -1, -1, -1, -1, -1, -1, -1, -1, -1, -1, -1, -1, -1, -1,
    -1, -1, -1, -1, -1, -1, -1, -1, -1, -1, -1, -1, -1, -1, -1, -1,
    -1, -1, -1, -1, -1, -1, -1, -1, -1, -1, -1, -1, -1, -1, -1, -1,
    -1, -1, -1, -1, -1, -1, -1, -1, -1, -1, -1, -1, -1, -1, -1, -1,
    -1, -1, -1, -1, -1, -1, -1, -1, -1, -1, -1, -1, -1, -1, -1, -1,
    -1, -1, -1, -1, -1, -1, -1, -1, -1, -1, -1, -1, -1, -1, -1, -1,
    -1, -1, -1, -1, -1, -1, -1, -1, -1, -1, -1, -1, -1, -1, -1, -1,
    -1, -1, -1, -1, -1, -1, -1, -1, -1, -1, -1, -1, -1, -1, -1, -1,
    -1, -1, -1, -1, -1, -1, -1, -1, -1, -1, -1, -1, -1, -1, -1, -1,
    -1, -1, -1, -1, -1, -1, -1, -1, -1, -1, -1, -1, -1, -1, -1, -1,
    -1, -1, -1, -1, -1, -1, -1, -1, -1, -1, -1, -1, -1, -1, -1, -1,
    -1, -1, -1, -1, -1, -1, -1, -1, -1, -1, -1, -1, -1, -1, -1, -1,
    -1, -1, -1, -1, -1, -1, -1, -1, -1, -1, -1, -1, -1, -1, -1, -1,
    -1, -1, -1, -1, -1, -1, -1, -1, -1, -1, -1, -1, -1, -1, -1, -1,
    -1, -1, -1, -1, -1, -1, -1, -1, -1, -1, -1, -1, -1, -1, -1, -1,
    -1, -1, -1, -1, -1, -1, -1, -1, -1, -1, -1, -1, -1, -1, -1, -1,
    -1, -1, -1, -1, -1, -1, -1, -1, -1, -1, -1, -1, -1, -1, -1, -1,
    -1, -1, -1, -1, -1, -1, -1, -1, -1, -1, -1, -1, -1, -1, -1, -1,
    -1, -1, -1, -1, -1, -1, -1, -1, -1, -1, -1, -1, -1, -1, -1, -1,
    -1, -1, -1, -1, -1, -1, -1, -1, -1, -1, -1, -1, -1, -1, -1, -1,
    -1, -1, -1, -1, -1, -1, -1, -1, -1, -1, -1, -1, -1, -1, -1, -1,
    -1, -1, -1, -1, -1, -1, -1, -1, -1, -1, -1, -1, -1, -1, -1, -1,
    -1, -1, -1, -1, -1, -1, -1, -1, -1, -1, -1, -1, -1, -1, -1, -1,
    -1, -1, -1, -1, -1, -1, -1, -1, -1, -1, -1, -1, -1, -1, -1, -1,
    -1, -1, -1, -1, -1, -1, -1, -1, -1, -1, -1, -1, -1, -1, -1, -1,
    -1, -1, -1, -1, -1, -1, -1, -1, -1, -1, -1, -1, -1, -1, -1, -1,
    -1, -1, -1, -1, -1, -1, -1, -1, -1, -1, -1, -1, -1, -1, -1, -1,
    -1, -1, -1, -1, -1, -1, -1, -1, -1, -1, -1, -1, -1, -1, -1, -1,
    -1, -1, -1, -1, -1, -1, -1, -1, -1, -1, -1, -1, -1, -1, -1, -1,
    -1, -1, -1, -1, -1, -1, -1, -1, -1, -1, -1, -1, -1, -1, -1, -1,
    -1, -1, -1, -1, -1, -1, -1, -1, -1, -1, -1, -1, -1, -1, -1, -1,
    -1, -1, -1, -1, -1, -1, -1, -1, -1, -1, -1, -1, -1, -1, -1, -1,
    -1, -1, -1, -1, -1, -1, -1, -1, -1, -1, -1, -1, -1, -1, -1, -1,
    -1, -1, -1, -1, -1, -1, -1, -1, -1, -1, -1, -1, -1, -1, -1, -1,
    -1, -1, -1, -1, -1, -1, -1, -1, -1, -1, -1, -1, -1, -1, -1, -1,
    -1, -1, -1, -1, -1, -1, -1, -1, -1, -1, -1, -1, -1, -1, -1, -1,
    -1, -1, -1, -1, -1, -1, -1, -1, -1, -1, -1, -1, -1, -1, -1, -1,
    -1, -1, -1, -1, -1, -1, -1, -1, -1, -1, -1, -1, -1, -1, -1, -1,
    -1, -1, -1, -1, -1, -1, -1, -1, -1, -1, -1, -1, -1, -1, -1, -1,
    -1, -1, -1, -1, -1, -1, -1, -1, -1, -1, -1, -1, -1, -1, -1, -1,
    -1, -1, -1, -1, -1, -1, -1, -1, -1, -1, -1, -1, -1, -1, -1, -1,
    -1, -1, -1, -1, -1, -1, -1, -1, -1, -1, -1, -1, -1, -1, -1, -1,
    -1, -1, -1, -1, -1, -1, -1, -1, -1, -1, -1, -1, -1, -1, -1, -1,
    -1, -1, -1, -1, -1, -1, -1, -1, -1, -1, -1, -1, -1, -1, -1, -1,
    -1, -1, -1, -1, -1, -1, -1, -1, -1, -1, -1, -1, -1, -1, -1, -1,
    -1, -1, -1, -1, -1, -1, -1, -1, -1, -1, -1, -1, -1, -1, -1, -1,
    -1, -1, -1, -1, -1, -1, -1, -1, -1, -1, -1, -1, -1, -1, -1, -1,
    -1, -1, -1, -1, -1, -1, -1, -1, -1, -1, -1, -1, -1, -1, -1, -1,
    -1, -1, -1, -1, -1, -1, -1, -1, -1, -1, -1, -1, -1, -1, -1, -1,
    -1, -1, -1, -1, -1, -1, -1, -1, -1, -1, -1, -1, -1, -1, -1, -1,
    -1, -1, -1, -1, -1, -1, -1, -1, -1, -1, -1, -1, -1, -1, -1, -1,
    -1, -1, -1, -1, -1, -1, -1, -1, -1, -1, -1, -1, -1, -1, -1, -1,
    -1, -1, -1, -1, -1, -1, -1, -1, -1, -1, -1, -1, -1, -1, -1, -1,
    -1, -1, -1, -1, -1, -1, -1, -1, -1, -1, -1, -1, -1, -1, -1, -1,
    -1, -1, -1, -1, -1, -1, -1, -1, -1, -1, -1, -1, -1, -1, -1, -1,
    -1, -1, -1, -1, -1, -1, -1, -1, -1, -1, -1, -1, -1, -1, -1, -1,
    -1, -1, -1, -1, -1, -1, -1, -1, -1, -1, -1, -1, -1, -1, -1, -1,
    -1, -1, -1, -1, -1, -1, -1, -1, -1, -1, -1, -1, -1, -1, -1, -1,
    -1, -1, -1, -1, -1, -1, -1, -1, -1, -1, -1, -1, -1, -1, -1, -1,
    -1, -1, -1, -1, -1, -1, -1, -1, -1, -1, -1, -1, -1, -1, -1, -1,
    -1, -1, -1, -1, -1, -1, -1, -1, -1, -1, -1, -1, -1, -1, -1, -1,
    -1, -1, -1, -1, -1, -1, -1, -1, -1, -1, -1, -1, -1, -1, -1, -1,
    -1, -1, -1, -1, -1, -1, -1, -1, -1, -1, -1, -1, -1, -1, -1, -1,
    -1, -1, -1, -1, -1, -1, -1, -1, -1, -1, -1, -1, -1, -1, -1, -1,
    -1, -1, -1, -1, -1, -1, -1, -1, -1, -1, -1, -1, -1, -1, -1, -1,
    -1, -1, -1, -1, -1, -1, -1, -1, -1, -1, -1, -1, -1, -1, -1, -1,
    -1, -1, -1, -1, -1, -1, -1, -1, -1, -1, -1, -1, -1, -1, -1, -1,
    -1, -1, -1, -1, -1, -1, -1, -1, -1, -1, -1, -1, -1, -1, -1, -1,
    -1, -1, -1, -1, -1, -1, -1, -1, -1, -1, -1, -1, -1, -1, -1, -1,
    -1, -1, -1, -1, -1, -1, -1, -1, -1, -1, -1, -1, -1, -1, -1, -1,
    -1, -1, -1, -1, -1, -1, -1, -1, -1, -1, -1, -1, -1, -1, -1, -1,
    -1, -1, -1, -1, -1, -1, -1, -1, -1, -1, -1, -1, -1, -1, -1, -1,
    -1, -1, -1, -1, -1, -1, -1, -1, -1, -1, -1, -1, -1, -1, -1, -1,
    -1, -1, -1, -1, -1, -1, -1, -1, -1, -1, -1, -1, -1, -1, -1, -1,
    -1, -1, -1, -1, -1, -1, -1, -1, -1, -1, -1, -1, -1, -1, -1, -1,
    -1, -1, -1, -1, -1, -1, -1, -1, -1, -1, -1, -1, -1, -1, -1, -1,
    -1, -1, -1, -1, -1, -1, -1, -1, -1, -1, -1, -1, -1, -1, -1, -1,
    -1, -1, -1, -1, -1, -1, -1, -1, -1, -1, -1, -1, -1, -1, -1, -1,
    -1, -1, -1, -1, -1, -1, -1, -1, -1, -1, -1, -1, -1, -1, -1, -1,
    -1, -1, -1, -1, -1, -1, -1, -1, -1, -1, -1, -1, -1, -1, -1, -1,
    -1, -1, -1, -1, -1, -1, -1, -1, -1, -1, -1, -1, -1, -1, -1, -1,
    -1, -1, -1, -1, -1, -1, -1, -1, -1, -1, -1, -1, -1, -1, -1, -1,
    -1, -1, -1, -1, -1, -1, -1, -1, -1, -1, -1, -1, -1, -1, -1, -1,
    -1, -1, -1, -1, -1, -1, -1, -1, -1, -1, -1, -1, -1, -1, -1, -1,
    -1, -1, -1, -1, -1, -1, -1, -1, -1, -1, -1, -1, -1, -1, -1, -1,
    -1, -1, -1, -1, -1, -1, -1, -1, -1, -1, -1, -1, -1, -1, -1, -1,
    -1, -1, -1, -1, -1, -1, -1, -1, -1, -1, -1, -1, -1, -1, -1, -1,
    -1, -1, -1, -1, -1, -1, -1, -1, -1, -1, -1, -1, -1, -1, -1, -1,
    -1, -1, -1, -1, -1, -1, -1, -1, -1, -1, -1, -1, -1, -1, -1, -1,
    -1, -1, -1, -1, -1, -1, -1, -1, -1, -1, -1, -1, -1, -1, -1, -1,
    -1, -1, -1, -1, -1, -1, -1, -1, -1, -1, -1, -1, -1, -1, -1, -1,
    -1, -1, -1, -1, -1, -1, -1, -1, -1, -1, -1, -1, -1, -1, -1, -1,
    -1, -1, -1, -1, -1, -1, -1, -1, -1, -1, -1, -1, -1, -1, -1, -1,
    -1, -1, -1, -1, -1, -1, -1, -1, -1, -1, -1, -1, -1, -1, -1, -1,
    -1, -1, -1, -1, -1, -1, -1, -1, -1, -1, -1, -1, -1, -1, -1, -1,
    -1, -1, -1, -1, -1, -1, -1, -1, -1, -1, -1, -1, -1, -1, -1, -1,
    -1, -1, -1, -1, -1, -1, -1, -1, -1, -1, -1, -1, -1, -1, -1, -1,
    -1, -1, -1, -1, -1, -1, -1, -1, -1, -1, -1, -1, -1, -1, -1, -1,
    -1, -1, -1, -1, -1, -1, -1, -1, -1, -1, -1, -1, -1, -1, -1, -1,
    -1, -1, -1, -1, -1, -1, -1, -1, -1, -1, -1, -1, -1, -1, -1, -1,
    -1, -1, -1, -1, -1, -1, -1, -1, -1, -1, -1, -1, -1, -1, -1, -1,
    -1, -1, -1, -1, -1, -1, -1, -1, -1, -1, -1, -1, -1, -1, -1, -1,
    -1, -1, -1, -1, -1, -1, -1, -1, -1, -1, -1, -1, -1, -1, -1, -1,
    -1, -1, -1, -1, -1, -1, -1, -1, -1, -1, -1, -1, -1, -1, -1, -1,
    -1, -1, -1, -1, -1, -1, -1, -1, -1, -1, -1, -1, -1, -1, -1, -1,
    -1, -1, -1, -1, -1, -1, -1, -1, -1, -1, -1, -1, -1, -1, -1, -1,
    -1, -1, -1, -1, -1, -1, -1, -1, -1, -1, -1, -1, -1, -1, -1, -1,
    -1, -1, -1, -1, -1, -1, -1, -1, -1, -1, -1, -1, -1, -1, -1, -1,
    -1, -1, -1, -1, -1, -1, -1, -1, -1, -1, -1, -1, -1, -1, -1, -1,
    -1, -1, -1, -1, -1, -1, -1, -1, -1, -1, -1, -1, -1, -1, -1, -1,
    -1, -1, -1, -1, -1, -1, -1, -1, -1, -1, -1, -1, -1, -1, -1, -1,
    -1, -1, -1, -1, -1, -1, -1, -1, -1, -1, -1, -1, -1, -1, -1, -1,
    -1, -1, -1, -1, -1, -1, -1, -1, -1, -1, -1, -1, -1, -1, -1, -1,
    -1, -1, -1, -1, -1, -1, -1, -1, -1, -1, -1, -1, -1, -1, -1, -1,
    -1, -1, -1, -1, -1, -1, -1, -1, -1, -1, -1, -1, -1, -1, -1, -1,
    -1, -1, -1, -1, -1, -1, -1, -1, -1, -1, -1, -1, -1, -1, -1, -1,
    -1, -1, -1, -1, -1, -1, -1, -1, -1, -1, -1, -1, -1, -1, -1, -1,
    -1, -1, -1, -1, -1, -1, -1, -1, -1, -1, -1, -1, -1, -1, -1, -1,
    -1, -1, -1, -1, -1, -1, -1, -1, -1, -1, -1, -1, -1, -1, -1, -1,
    -1, -1, -1, -1, -1, -1, -1, -1, -1, -1, -1, -1, -1, -1, -1, -1,
    -1, -1, -1, -1, -1, -1, -1, -1, -1, -1, -1, -1, -1, -1, -1, -1,
    -1, -1, -1, -1, -1, -1, -1, -1, -1, -1, -1, -1, -1, -1, -1, -1,
    -1, -1, -1, -1, -1, -1, -1, -1, -1, -1, -1, -1, -1, -1, -1, -1,
    -1, -1, -1, -1, -1, -1, -1, -1, -1, -1, -1, -1, -1, -1, -1, -1,
    -1, -1, -1, -1, -1, -1, -1, -1, -1, -1, -1, -1, -1, -1, -1, -1,
    -1, -1, -1, -1, -1, -1, -1, -1, -1, -1, -1, -1, -1, -1, -1, -1,
    -1, -1, -1, -1, -1, -1, -1, -1, -1, -1, -1, -1, -1, -1, -1, -1,
    -1, -1, -1, -1, -1, -1, -1, -1, -1, -1, -1, -1, -1, -1, -1, -1,
    -1, -1, -1, -1, -1, -1, -1, -1, -1, -1, -1, -1, -1, -1, -1, -1,
    -1, -1, -1, -1, -1, -1, -1, -1, -1, -1, -1, -1, -1, -1, -1, -1,
    -1, -1, -1, -1, -1, -1, -1, -1, -1, -1, -1, -1, -1, -1, -1, -1,
    -1, -1, -1, -1, -1, -1, -1, -1, -1, -1, -1, -1, -1, -1, -1, -1,
    -1, -1, -1, -1, -1, -1, -1, -1, -1, -1, -1, -1, -1, -1, -1, -1,
    -1, -1, -1, -1, -1, -1, -1, -1, -1, -1, -1, -1, -1, -1, -1, -1,
    -1, -1, -1, -1, -1, -1, -1, -1, -1, -1, -1, -1, -1, -1, -1, -1,
    -1, -1, -1, -1, -1, -1, -1, -1, -1, -1, -1, -1, -1, -1, -1, -1,
    -1, -1, -1, -1, -1, -1, -1, -1, -1, -1, -1, -1, -1, -1, -1, -1,
    -1, -1, -1, -1, -1, -1, -1, -1, -1, -1, -1, -1, -1, -1, -1, -1,
    -1, -1, -1, -1, -1, -1, -1, -1, -1, -1, -1, -1, -1, -1, -1, -1,
    -1, -1, -1, -1, -1, -1, -1, -1, -1, -1, -1, -1, -1, -1, -1, -1,
    -1, -1, -1, -1, -1, -1, -1, -1, -1, -1, -1, -1, -1, -1, -1, -1,
    -1, -1, -1, -1, -1, -1, -1, -1, -1, -1, -1, -1, -1, -1, -1, -1,
    -1, -1, -1, -1, -1, -1, -1, -1, -1, -1, -1, -1, -1, -1, -1, -1,
    -1, -1, -1, -1, -1, -1, -1, -1, -1, -1, -1, -1, -1, -1, -1, -1,
    -1, -1, -1, -1, -1, -1, -1, -1, -1, -1, -1, -1, -1, -1, -1, -1,
    -1, -1, -1, -1, -1, -1, -1, -1, -1, -1, -1, -1, -1, -1, -1, -1,
    -1, -1, -1, -1, -1, -1, -1, -1, -1, -1, -1, -1, -1, -1, -1, -1,
    -1, -1, -1, -1, -1, -1, -1, -1, -1, -1, -1, -1, -1, -1, -1, -1,
    -1, -1, -1, -1, -1, -1, -1, -1, -1, -1, -1, -1, -1, -1, -1, -1,
    -1, -1, -1, -1, -1, -1, -1, -1, -1, -1, -1, -1, -1, -1, -1, -1,
    -1, -1, -1, -1, -1, -1, -1, -1, -1, -1, -1, -1, -1, -1, -1, -1,
    -1, -1, -1, -1, -1, -1, -1, -1, -1, -1, -1, -1, -1, -1, -1, -1,
    -1, -1, -1, -1, -1, -1, -1, -1, -1, -1, -1, -1, -1, -1, -1, -1,
    -1, -1, -1, -1, -1, -1, -1, -1, -1, -1, -1, -1, -1, -1, -1, -1,
    -1, -1, -1, -1, -1, -1, -1, -1, -1, -1, -1, -1, -1, -1, -1, -1,
    -1, -1, -1, -1, -1, -1, -1, -1, -1, -1, -1, -1, -1, -1, -1, -1,
    -1, -1, -1, -1, -1, -1, -1, -1, -1, -1, -1, -1, -1, -1, -1, -1,
    -1, -1, -1, -1, -1, -1, -1, -1, -1, -1, -1, -1, -1, -1, -1, -1,
    -1, -1, -1, -1, -1, -1, -1, -1, -1, -1, -1, -1, -1, -1, -1, -1,
    -1, -1, -1, -1, -1, -1, -1, -1, -1, -1, -1, -1, -1, -1, -1, -1,
    -1, -1, -1, -1, -1, -1, -1, -1, -1, -1, -1, -1, -1, -1, -1, -1,
    -1, -1, -1, -1, -1, -1, -1, -1, -1, -1, -1, -1, -1, -1, -1, -1,
    -1, -1, -1, -1, -1, -1, -1, -1, -1, -1, -1, -1, -1, -1, -1, -1,
    -1, -1, -1, -1, -1, -1, -1, -1, -1, -1, -1, -1, -1, -1, -1, -1,
    -1, -1, -1, -1, -1, -1, -1, -1, -1, -1, -1, -1, -1, -1, -1, -1,
    -1, -1, -1, -1, -1, -1, -1, -1, -1, -1, -1, -1, -1, -1, -1, -1,
    -1, -1, -1, -1, -1, -1, -1, -1, -1, -1, -1, -1, -1, -1, -1, -1,
    -1, -1, -1, -1, -1, -1, -1, -1, -1, -1, -1, -1, -1, -1, -1, -1,
    -1, -1, -1, -1, -1, -1, -1, -1, -1, -1, -1, -1, -1, -1, -1, -1,
    -1, -1, -1, -1, -1, -1, -1, -1, -1, -1, -1, -1, -1, -1, -1, -1,
    -1, -1, -1, -1, -1, -1, -1, -1, -1, -1, -1, -1, -1, -1, -1, -1,
    -1, -1, -1, -1, -1, -1, -1, -1, -1, -1, -1, -1, -1, -1, -1, -1,
    -1, -1, -1, -1, -1, -1, -1, -1, -1, -1, -1, -1, -1, -1, -1, -1,
    -1, -1, -1, -1, -1, -1, -1, -1, -1, -1, -1, -1, -1, -1, -1, -1,
    -1, -1, -1, -1, -1, -1, -1, -1, -1, -1, -1, -1, -1, -1, -1, -1,
    -1, -1, -1, -1, -1, -1, -1, -1, -1, -1, -1, -1, -1, -1, -1, -1,
    -1, -1, -1, -1, -1, -1, -1, -1, -1, -1, -1, -1, -1, -1, -1, -1,
    -1, -1, -1, -1, -1, -1, -1, -1, -1, -1, -1, -1, -1, -1, -1, -1,
    -1, -1, -1, -1, -1, -1, -1, -1, -1, -1, -1, -1, -1, -1, -1, -1,
    -1, -1, -1, -1, -1, -1, -1, -1, -1, -1, -1, -1, -1, -1, -1, -1,
    -1, -1, -1, -1, -1, -1, -1, -1, -1, -1, -1, -1, -1, -1, -1, -1,
    -1, -1, -1, -1, -1, -1, -1, -1, -1, -1, -1, -1, -1, -1, -1, -1,
    -1, -1, -1, -1, -1, -1, -1, -1, -1, -1, -1, -1, -1, -1, -1, -1,
    -1, -1, -1, -1, -1, -1, -1, -1, -1, -1, -1, -1, -1, -1, -1, -1,
    -1, -1, -1, -1, -1, -1, -1, -1, -1, -1, -1, -1, -1, -1, -1, -1,
    -1, -1, -1, -1, -1, -1, -1, -1, -1, -1, -1, -1, -1, -1, -1, -1,
    -1, -1, -1, -1, -1, -1, -1, -1, -1, -1, -1, -1, -1, -1, -1, -1,
    -1, -1, -1, -1, -1, -1, -1, -1, -1, -1, -1, -1, -1, -1, -1, -1,
    -1, -1, -1, -1, -1, -1, -1, -1, -1, -1, -1, -1, -1, -1, -1, -1,
    -1, -1, -1, -1, -1, -1, -1, -1, -1, -1, -1, -1, -1, -1, -1, -1,
    -1, -1, -1, -1, -1, -1, -1, -1, -1, -1, -1, -1, -1, -1, -1, -1,
    -1, -1, -1, -1, -1, -1, -1, -1, -1, -1, -1, -1, -1, -1, -1, -1,
    -1, -1, -1, -1, -1, -1, -1, -1, -1, -1, -1, -1, -1, -1, -1, -1,
    -1, -1, -1, -1, -1, -1, -1, -1, -1, -1, -1, -1, -1, -1, -1, -1,
    -1, -1, -1, -1, -1, -1, -1, -1, -1, -1, -1, -1, -1, -1, -1, -1,
    -1, -1, -1, -1, -1, -1, -1, -1, -1, -1, -1, -1, -1, -1, -1, -1,
    -1, -1, -1, -1, -1, -1, -1, -1, -1, -1, -1, -1, -1, -1, -1, -1,
    -1, -1, -1, -1, -1, -1, -1, -1, -1, -1, -1, -1, -1, -1, -1, -1,
    -1, -1, -1, -1, -1, -1, -1, -1, -1, -1, -1, -1, -1, -1, -1, -1,
    -1, -1, -1, -1, -1, -1, -1, -1, -1, -1, -1, -1, -1, -1, -1, -1,
    -1, -1, -1, -1, -1, -1, -1, -1, -1, -1, -1, -1, -1, -1, -1, -1,
    -1, -1, -1, -1, -1, -1, -1, -1, -1, -1, -1, -1, -1, -1, -1, -1,
    -1, -1, -1, -1, -1, -1, -1, -1, -1, -1, -1, -1, -1, -1, -1, -1,
    -1, -1, -1, -1, -1, -1, -1, -1, -1, -1, -1, -1, -1, -1, -1, -1,
    -1, -1, -1, -1, -1, -1, -1, -1, -1, -1, -1, -1, -1, -1, -1, -1,
    -1, -1, -1, -1, -1, -1, -1, -1, -1, -1, -1, -1, -1, -1, -1, -1,
    -1, -1, -1, -1, -1, -1, -1, -1, -1, -1, -1, -1, -1, -1, -1, -1,
    -1, -1, -1, -1, -1, -1, -1, -1, -1, -1, -1, -1, -1, -1, -1, -1,
    -1, -1, -1, -1, -1, -1, -1, -1, -1, -1, -1, -1, -1, -1, -1, -1,
    -1, -1, -1, -1, -1, -1, -1, -1, -1, -1, -1, -1, -1, -1, -1, -1,
    -1, -1, -1, -1, -1, -1, -1, -1, -1, -1, -1, -1, -1, -1, -1, -1,
    -1, -1, -1, -1, -1, -1, -1, -1, -1, -1, -1, -1, -1, -1, -1, -1,
    -1, -1, -1, -1, -1, -1, -1, -1, -1, -1, -1, -1, -1, -1, -1, -1,
    -1, -1, -1, -1, -1, -1, -1, -1, -1, -1, -1, -1, -1, -1, -1, -1,
    -1, -1, -1, -1, -1, -1, -1, -1, -1, -1, -1, -1, -1, -1, -1, -1,
    -1, -1, -1, -1, -1, -1, -1, -1, -1, -1, -1, -1, -1, -1, -1, -1,
    -1, -1, -1, -1, -1, -1, -1, -1, -1, -1, -1, -1, -1, -1, -1, -1,
    -1, -1, -1, -1, -1, -1, -1, -1, -1, -1, -1, -1, -1, -1, -1, -1,
    -1, -1, -1, -1, -1, -1, -1, -1, -1, -1, -1, -1, -1, -1, -1, -1,
    -1, -1, -1, -1, -1, -1, -1, -1, -1, -1, -1, -1, -1, -1, -1, -1,
    -1, -1, -1, -1, -1, -1, -1, -1, -1, -1, -1, -1, -1, -1, -1, -1,
    -1, -1, -1, -1, -1, -1, -1, -1, -1, -1, -1, -1, -1, -1, -1, -1,
    -1, -1, -1, -1, -1, -1, -1, -1, -1, -1, -1, -1, -1, -1, -1, -1,
    -1, -1, -1, -1, -1, -1, -1, -1, -1, -1, -1, -1, -1, -1, -1, -1,
    -1, -1, -1, -1, -1, -1, -1, -1, -1, -1, -1, -1, -1, -1, -1, -1,
    -1, -1, -1, -1, -1, -1, -1, -1, -1, -1, -1, -1, -1, -1, -1, -1,
    -1, -1, -1, -1, -1, -1, -1, -1, -1, -1, -1, -1, -1, -1, -1, -1,
    -1, -1, -1, -1, -1, -1, -1, -1, -1, -1, -1, -1, -1, -1, -1, -1,
    -1, -1, -1, -1, -1, -1, -1, -1, -1, -1, -1, -1, -1, -1, -1, -1,
    -1, -1, -1, -1, -1, -1, -1, -1, -1, -1, -1, -1, -1, -1, -1, -1,
    -1, -1, -1, -1, -1, -1, -1, -1, -1, -1, -1, -1, -1, -1, -1, -1,
    -1, -1, -1, -1, -1, -1, -1, -1, -1, -1, -1, -1, -1, -1, -1, -1,
    -1, -1, -1, -1, -1, -1, -1, -1, -1, -1, -1, -1, -1, -1, -1, -1,
    -1, -1, -1, -1, -1, -1, -1, -1, -1, -1, -1, -1, -1, -1, -1, -1,
    -1, -1, -1, -1, -1, -1, -1, -1, -1, -1, -1, -1, -1, -1, -1, -1,
    -1, -1, -1, -1, -1, -1, -1, -1, -1, -1, -1, -1, -1, -1, -1, -1,
    -1, -1, -1, -1, -1, -1, -1, -1, -1, -1, -1, -1, -1, -1, -1, -1,
    -1, -1, -1, -1, -1, -1, -1, -1, -1, -1, -1, -1, -1, -1, -1, -1,
    -1, -1, -1, -1, -1, -1, -1, -1, -1, -1, -1, -1, -1, -1, -1, -1,
    -1, -1, -1, -1, -1, -1, -1, -1, -1, -1, -1, -1, -1, -1, -1, -1,
    -1, -1, -1, -1, -1, -1, -1, -1, -1, -1, -1, -1, -1, -1, -1, -1,
    -1, -1, -1, -1, -1, -1, -1, -1, -1, -1, -1, -1, -1, -1, -1, -1,
    -1, -1, -1, -1, -1, -1, -1, -1, -1, -1, -1, -1, -1, -1, -1, -1,
    -1, -1, -1, -1, -1, -1, -1, -1, -1, -1, -1, -1, -1, -1, -1, -1,
    -1, -1, -1, -1, -1, -1, -1, -1, -1, -1, -1, -1, -1, -1, -1, -1,
    -1, -1, -1, -1, -1, -1, -1, -1, -1, -1, -1, -1, -1, -1, -1, -1,
    -1, -1, -1, -1, -1, -1, -1, -1, -1, -1, -1, -1, -1, -1, -1, -1,
    -1, -1, -1, -1, -1, -1, -1, -1, -1, -1, -1, -1, -1, -1, -1, -1,
    -1, -1, -1, -1, -1, -1, -1, -1, -1, -1, -1, -1, -1, -1, -1, -1,
    -1, -1, -1, -1, -1, -1, -1, -1, -1, -1, -1, -1, -1, -1, -1, -1,
    -1, -1, -1, -1, -1, -1, -1, -1, -1, -1, -1, -1, -1, -1, -1, -1,
    -1, -1, -1, -1, -1, -1, -1, -1, -1, -1, -1, -1, -1, -1, -1, -1,
    -1, -1, -1, -1, -1, -1, -1, -1, -1, -1, -1, -1, -1, -1, -1, -1,
    -1, -1, -1, -1, -1, -1, -1, -1, -1, -1, -1, -1, -1, -1, -1, -1,
    -1, -1, -1, -1, -1, -1, -1, -1, -1, -1, -1, -1, -1, -1, -1, -1,
    -1, -1, -1, -1, -1, -1, -1, -1, -1, -1, -1, -1, -1, -1, -1, -1,
    -1, -1, -1, -1, -1, -1, -1, -1, -1, -1, -1, -1, -1, -1, -1, -1,
    -1, -1, -1, -1, -1, -1, -1, -1, -1, -1, -1, -1, -1, -1, -1, -1,
    -1, -1, -1, -1, -1, -1, -1, -1, -1, -1, -1, -1, -1, -1, -1, -1,
    -1, -1, -1, -1, -1, -1, -1, -1, -1, -1, -1, -1, -1, -1, -1, -1,
    -1, -1, -1, -1, -1, -1, -1, -1, -1, -1, -1, -1, -1, -1, -1, -1,
    -1, -1, -1, -1, -1, -1, -1, -1, -1, -1, -1, -1, -1, -1, -1, -1,
    -1, -1, -1, -1, -1, -1, -1, -1, -1, -1, -1, -1, -1, -1, -1, -1,
    -1, -1, -1, -1, -1, -1, -1, -1, -1, -1, -1, -1, -1, -1, -1, -1,
    -1, -1, -1, -1, -1, -1, -1, -1, -1, -1, -1, -1, -1, -1, -1, -1,
    -1, -1, -1, -1, -1, -1, -1, -1, -1, -1, -1, -1, -1, -1, -1, -1,
    -1, -1, -1, -1, -1, -1, -1, -1, -1, -1, -1, -1, -1, -1, -1, -1,
    -1, -1, -1, -1, -1, -1, -1, -1, -1, -1, -1, -1, -1, -1, -1, -1,
    -1, -1, -1, -1, -1, -1, -1, -1, -1, -1, -1, -1, -1, -1, -1, -1,
    -1, -1, -1, -1, -1, -1, -1, -1, -1, -1, -1, -1, -1, -1, -1, -1,
    -1, -1, -1, -1, -1, -1, -1, -1, -1, -1, -1, -1, -1, -1, -1, -1,
    -1, -1, -1, -1, -1, -1, -1, -1, -1, -1, -1, -1, -1, -1, -1, -1,
    -1, -1, -1, -1, -1, -1, -1, -1, -1, -1, -1, -1, -1, -1, -1, -1,
    -1, -1, -1, -1, -1, -1, -1, -1, -1, -1, -1, -1, -1, -1, -1, -1,
    -1, -1, -1, -1, -1, -1, -1, -1, -1, -1, -1, -1, -1, -1, -1, -1,
    -1, -1, -1, -1, -1, -1, -1, -1, -1, -1, -1, -1, -1, -1, -1, -1,
    -1, -1, -1, -1, -1, -1, -1, -1, -1, -1, -1, -1, -1, -1, -1, -1,
    -1, -1, -1, -1, -1, -1, -1, -1, -1, -1, -1, -1, -1, -1, -1, -1,
    -1, -1, -1, -1, -1, -1, -1, -1, -1, -1, -1, -1, -1, -1, -1, -1,
    -1, -1, -1, -1, -1, -1, -1, -1, -1, -1, -1, -1, -1, -1, -1, -1,
    -1, -1, -1, -1, -1, -1, -1, -1, -1, -1, -1, -1, -1, -1, -1, -1,
    -1, -1, -1, -1, -1, -1, -1, -1, -1, -1, -1, -1, -1, -1, -1, -1,
    -1, -1, -1, -1, -1, -1, -1, -1, -1, -1, -1, -1, -1, -1, -1, -1,
    -1, -1, -1, -1, -1, -1, -1, -1, -1, -1, -1, -1, -1, -1, -1, -1,
    -1, -1, -1, -1, -1, -1, -1, -1, -1, -1, -1, -1, -1, -1, -1, -1,
    -1, -1, -1, -1, -1, -1, -1, -1, -1, -1, -1, -1, -1, -1, -1, -1,
    -1, -1, -1, -1, -1, -1, -1, -1, -1, -1, -1, -1, -1, -1, -1, -1,
    -1, -1, -1, -1, -1, -1, -1, -1, -1, -1, -1, -1, -1, -1, -1, -1,
    -1, -1, -1, -1, -1, -1, -1, -1, -1, -1, -1, -1, -1, -1, -1, -1,
    -1, -1, -1, -1, -1, -1, -1, -1, -1, -1, -1, -1, -1, -1, -1, -1,
    -1, -1, -1, -1, -1, -1, -1, -1, -1, -1, -1, -1, -1, -1, -1, -1,
    -1, -1, -1, -1, -1, -1, -1, -1, -1, -1, -1, -1, -1, -1, -1, -1,
    -1, -1, -1, -1, -1, -1, -1, -1, -1, -1, -1, -1, -1, -1, -1, -1,
    -1, -1, -1, -1, -1, -1, -1, -1, -1, -1, -1, -1, -1, -1, -1, -1,
    -1, -1, -1, -1, -1, -1, -1, -1, -1, -1, -1, -1, -1, -1, -1, -1,
    -1, -1, -1, -1, -1, -1, -1, -1, -1, -1, -1, -1, -1, -1, -1, -1,
    -1, -1, -1, -1, -1, -1, -1, -1, -1, -1, -1, -1, -1, -1, -1, -1,
    -1, -1, -1, -1, -1, -1, -1, -1, -1, -1, -1, -1, -1, -1, -1, -1,
    -1, -1, -1, -1, -1, -1, -1, -1, -1, -1, -1, -1, -1, -1, -1, -1,
    -1, -1, -1, -1, -1, -1, -1, -1, -1, -1, -1, -1, -1, -1, -1, -1,
    -1, -1, -1, -1, -1, -1, -1, -1, -1, -1, -1, -1, -1, -1, -1, -1,
    -1, -1, -1, -1, -1, -1, -1, -1, -1, -1, -1, -1, -1, -1, -1, -1,
    -1, -1, -1, -1, -1, -1, -1, -1, -1, -1, -1, -1, -1, -1, -1, -1,
    -1, -1, -1, -1, -1, -1, -1, -1, -1, -1, -1, -1, -1, -1, -1, -1,
    -1, -1, -1, -1, -1, -1, -1, -1, -1, -1, -1, -1, -1, -1, -1, -1,
    -1, -1, -1, -1, -1, -1, -1, -1, -1, -1, -1, -1, -1, -1, -1, -1,
    -1, -1, -1, -1, -1, -1, -1, -1, -1, -1, -1, -1, -1, -1, -1, -1,
    -1, -1, -1, -1, -1, -1, -1, -1, -1, -1, -1, -1, -1, -1, -1, -1,
    -1, -1, -1, -1, -1, -1, -1, -1, -1, -1, -1, -1, -1, -1, -1, -1,
    -1, -1, -1, -1, -1, -1, -1, -1, -1, -1, -1, -1, -1, -1, -1, -1,
    -1, -1, -1, -1, -1, -1, -1, -1, -1, -1, -1, -1, -1, -1, -1, -1,
    -1, -1, -1, -1, -1, -1, -1, -1, -1, -1, -1, -1, -1, -1, -1, -1,
    -1, -1, -1, -1, -1, -1, -1, -1, -1, -1, -1, -1, -1, -1, -1, -1,
    -1, -1, -1, -1, -1, -1, -1, -1, -1, -1, -1, -1, -1, -1, -1, -1,
    -1, -1, -1, -1, -1, -1, -1, -1, -1, -1, -1, -1, -1, -1, -1, -1,
    -1, -1, -1, -1, -1, -1, -1, -1, -1, -1, -1, -1, -1, -1, -1, -1,
    -1, -1, -1, -1, -1, -1, -1, -1, -1, -1, -1, -1, -1, -1, -1, -1,
    -1, -1, -1, -1, -1, -1, -1, -1, -1, -1, -1, -1, -1, -1, -1, -1,
    -1, -1, -1, -1, -1, -1, -1, -1, -1, -1, -1, -1, -1, -1, -1, -1,
    -1, -1, -1, -1, -1, -1, -1, -1, -1, -1, -1, -1, -1, -1, -1, -1,
    -1, -1, -1, -1, -1, -1, -1, -1, -1, -1, -1, -1, -1, -1, -1, -1,
    -1, -1, -1, -1, -1, -1, -1, -1, -1, -1, -1, -1, -1, -1, -1, -1,
    -1, -1, -1, -1, -1, -1, -1, -1, -1, -1, -1, -1, -1, -1, -1, -1,
    -1, -1, -1, -1, -1, -1, -1, -1, -1, -1, -1, -1, -1, -1, -1, -1,
    -1, -1, -1, -1, -1, -1, -1, -1, -1, -1, -1, -1, -1, -1, -1, -1,
    -1, -1, -1, -1, -1, -1, -1, -1, -1, -1, -1, -1, -1, -1, -1, -1,
    -1, -1, -1, -1, -1, -1, -1, -1, -1, -1, -1, -1, -1, -1, -1, -1,
    -1, -1, -1, -1, -1, -1, -1, -1, -1, -1, -1, -1, -1, -1, -1, -1,
    -1, -1, -1, -1, -1, -1, -1, -1, -1, -1, -1, -1, -1, -1, -1, -1,
    -1, -1, -1, -1, -1, -1, -1, -1, -1, -1, -1, -1, -1, -1, -1, -1,
    -1, -1, -1, -1, -1, -1, -1, -1, -1, -1, -1, -1, -1, -1, -1, -1,
    -1, -1, -1, -1, -1, -1, -1, -1, -1, -1, -1, -1, -1, -1, -1, -1,
    -1, -1, -1, -1, -1, -1, -1, -1, -1, -1, -1, -1, -1, -1, -1, -1,
    -1, -1, -1, -1, -1, -1, -1, -1, -1, -1, -1, -1, -1, -1, -1, -1,
    -1, -1, -1, -1, -1, -1, -1, -1, -1, -1, -1, -1, -1, -1, -1, -1,
    -1, -1, -1, -1, -1, -1, -1, -1, -1, -1, -1, -1, -1, -1, -1, -1,
    -1, -1, -1, -1, -1, -1, -1, -1, -1, -1, -1, -1, -1, -1, -1, -1,
    -1, -1, -1, -1, -1, -1, -1, -1, -1, -1, -1, -1, -1, -1, -1, -1,
    -1, -1, -1, -1, -1, -1, -1, -1, -1, -1, -1, -1, -1, -1, -1, -1,
    -1, -1, -1, -1, -1, -1, -1, -1, -1, -1, -1, -1, -1, -1, -1, -1,
    -1, -1, -1, -1, -1, -1, -1, -1, -1, -1, -1, -1, -1, -1, -1, -1,
    -1, -1, -1, -1, -1, -1, -1, -1, -1, -1, -1, -1, -1, -1, -1, -1,
    -1, -1, -1, -1, -1, -1, -1, -1, -1, -1, -1, -1, -1, -1, -1, -1,
    -1, -1, -1, -1, -1, -1, -1, -1, -1, -1, -1, -1, -1, -1, -1, -1,
    -1, -1, -1, -1, -1, -1, -1, -1, -1, -1, -1, -1, -1, -1, -1, -1,
    -1, -1, -1, -1, -1, -1, -1, -1, -1, -1, -1, -1, -1, -1, -1, -1,
    -1, -1, -1, -1, -1, -1, -1, -1, -1, -1, -1, -1, -1, -1, -1, -1,
    -1, -1, -1, -1, -1, -1, -1, -1, -1, -1, -1, -1, -1, -1, -1, -1,
    -1, -1, -1, -1, -1, -1, -1, -1, -1, -1, -1, -1, -1, -1, -1, -1,
    -1, -1, -1, -1, -1, -1, -1, -1, -1, -1, -1, -1, -1, -1, -1, -1,
    -1, -1, -1, -1, -1, -1, -1, -1, -1, -1, -1, -1, -1, -1, -1, -1,
    -1, -1, -1, -1, -1, -1, -1, -1, -1, -1, -1, -1, -1, -1, -1, -1,
    -1, -1, -1, -1, -1, -1, -1, -1, -1, -1, -1, -1, -1, -1, -1, -1,
    -1, -1, -1, -1, -1, -1, -1, -1, -1, -1, -1, -1, -1, -1, -1, -1,
    -1, -1, -1, -1, -1, -1, -1, -1, -1, -1, -1, -1, -1, -1, -1, -1,
    -1, -1, -1, -1, -1, -1, -1, -1, -1, -1, -1, -1, -1, -1, -1, -1,
    -1, -1, -1, -1, -1, -1, -1, -1, -1, -1, -1, -1, -1, -1, -1, -1,
    -1, -1, -1, -1, -1, -1, -1, -1, -1, -1, -1, -1, -1, -1, -1, -1,
    -1, -1, -1, -1, -1, -1, -1, -1, -1, -1, -1, -1, -1, -1, -1, -1,
    -1, -1, -1, -1, -1, -1, -1, -1, -1, -1, -1, -1, -1, -1, -1, -1,
    -1, -1, -1, -1, -1, -1, -1, -1, -1, -1, -1, -1, -1, -1, -1, -1,
    -1, -1, -1, -1, -1, -1, -1, -1, -1, -1, -1, -1, -1, -1, -1, -1,
    -1, -1, -1, -1, -1, -1, -1, -1, -1, -1, -1, -1, -1, -1, -1, -1,
    -1, -1, -1, -1, -1, -1, -1, -1, -1, -1, -1, -1, -1, -1, -1, -1,
    -1, -1, -1, -1, -1, -1, -1, -1, -1, -1, -1, -1, -1, -1, -1, -1,
    -1, -1, -1, -1, -1, -1, -1, -1, -1, -1, -1, -1, -1, -1, -1, -1,
    -1, -1, -1, -1, -1, -1, -1, -1, -1, -1, -1, -1, -1, -1, -1, -1,
    -1, -1, -1, -1, -1, -1, -1, -1, -1, -1, -1, -1, -1, -1, -1, -1,
    -1, -1, -1, -1, -1, -1, -1, -1, -1, -1, -1, -1, -1, -1, -1, -1,
    -1, -1, -1, -1, -1, -1, -1, -1, -1, -1, -1, -1, -1, -1, -1, -1,
    -1, -1, -1, -1, -1, -1, -1, -1, -1, -1, -1, -1, -1, -1, -1, -1,
    -1, -1, -1, -1, -1, -1, -1, -1, -1, -1, -1, -1, -1, -1, -1, -1,
    -1, -1, -1, -1, -1, -1, -1, -1, -1, -1, -1, -1, -1, -1, -1, -1,
    -1, -1, -1, -1, -1, -1, -1, -1, -1, -1, -1, -1, -1, -1, -1, -1,
    -1, -1, -1, -1, -1, -1, -1, -1, -1, -1, -1, -1, -1, -1, -1, -1,
    -1, -1, -1, -1, -1, -1, -1, -1, -1, -1, -1, -1, -1, -1, -1, -1,
    -1, -1, -1, -1, -1, -1, -1, -1, -1, -1, -1, -1, -1, -1, -1, -1,
    -1, -1, -1, -1, -1, -1, -1, -1, -1, -1, -1, -1, -1, -1, -1, -1,
    -1, -1, -1, -1, -1, -1, -1, -1, -1, -1, -1, -1, -1, -1, -1, -1,
    -1, -1, -1, -1, -1, -1, -1, -1, -1, -1, -1, -1, -1, -1, -1, -1,
    -1, -1, -1, -1, -1, -1, -1, -1, -1, -1, -1, -1, -1, -1, -1, -1,
    -1, -1, -1, -1, -1, -1, -1, -1, -1, -1, -1, -1, -1, -1, -1, -1,
    -1, -1, -1, -1, -1, -1, -1, -1, -1, -1, -1, -1, -1, -1, -1, -1,
    -1, -1, -1, -1, -1, -1, -1, -1, -1, -1, -1, -1, -1, -1, -1, -1,
    -1, -1, -1, -1, -1, -1, -1, -1, -1, -1, -1, -1, -1, -1, -1, -1,
    -1, -1, -1, -1, -1, -1, -1, -1, -1, -1, -1, -1, -1, -1, -1, -1,
    -1, -1, -1, -1, -1, -1, -1, -1, -1, -1, -1, -1, -1, -1, -1, -1,
    -1, -1, -1, -1, -1, -1, -1, -1, -1, -1, -1, -1, -1, -1, -1, -1,
    -1, -1, -1, -1, -1, -1, -1, -1, -1, -1, -1, -1, -1, -1, -1, -1,
    -1, -1, -1, -1, -1, -1, -1, -1, -1, -1, -1, -1, -1, -1, -1, -1,
    -1, -1, -1, -1, -1, -1, -1, -1, -1, -1, -1, -1, -1, -1, -1, -1,
    -1, -1, -1, -1, -1, -1, -1, -1, -1, -1, -1, -1, -1, -1, -1, -1,
    -1, -1, -1, -1, -1, -1, -1, -1, -1, -1, -1, -1, -1, -1, -1, -1,
    -1, -1, -1, -1, -1, -1, -1, -1, -1, -1, -1, -1, -1, -1, -1, -1,
    -1, -1, -1, -1, -1, -1, -1, -1, -1, -1, -1, -1, -1, -1, -1, -1,
    -1, -1, -1, -1, -1, -1, -1, -1, -1, -1, -1, -1, -1, -1, -1, -1,
    -1, -1, -1, -1, -1, -1, -1, -1, -1, -1, -1, -1, -1, -1, -1, -1,
    -1, -1, -1, -1, -1, -1, -1, -1, -1, -1, -1, -1, -1, -1, -1, -1,
    -1, -1, -1, -1, -1, -1, -1, -1, -1, -1, -1, -1, -1, -1, -1, -1,
    -1, -1, -1, -1, -1, -1, -1, -1, -1, -1, -1, -1, -1, -1, -1, -1,
    -1, -1, -1, -1, -1, -1, -1, -1, -1, -1, -1, -1, -1, -1, -1, -1,
    -1, -1, -1, -1, -1, -1, -1, -1, -1, -1, -1, -1, -1, -1, -1, -1,
    -1, -1, -1, -1, -1, -1, -1, -1, -1, -1, -1, -1, -1, -1, -1, -1,
    -1, -1, -1, -1, -1, -1, -1, -1, -1, -1, -1, -1, -1, -1, -1, -1,
    -1, -1, -1, -1, -1, -1, -1, -1, -1, -1, -1, -1, -1, -1, -1, -1,
    -1, -1, -1, -1, -1, -1, -1, -1, -1, -1, -1, -1, -1, -1, -1, -1,
    -1, -1, -1, -1, -1, -1, -1, -1, -1, -1, -1, -1, -1, -1, -1, -1,
    -1, -1, -1, -1, -1, -1, -1, -1, -1, -1, -1, -1, -1, -1, -1, -1,
    -1, -1, -1, -1, -1, -1, -1, -1, -1, -1, -1, -1, -1, -1, -1, -1,
    -1, -1, -1, -1, -1, -1, -1, -1, -1, -1, -1, -1, -1, -1, -1, -1,
    -1, -1, -1, -1, -1, -1, -1, -1, -1, -1, -1, -1, -1, -1, -1, -1,
    -1, -1, -1, -1, -1, -1, -1, -1, -1, -1, -1, -1, -1, -1, -1, -1,
    -1, -1, -1, -1, -1, -1, -1, -1, -1, -1, -1, -1, -1, -1, -1, -1,
    -1, -1, -1, -1, -1, -1, -1, -1, -1, -1, -1, -1, -1, -1, -1, -1,
    -1, -1, -1, -1, -1, -1, -1, -1, -1, -1, -1, -1, -1, -1, -1, -1,
    -1, -1, -1, -1, -1, -1, -1, -1, -1, -1, -1, -1, -1, -1, -1, -1,
    -1, -1, -1, -1, -1, -1, -1, -1, -1, -1, -1, -1, -1, -1, -1, -1,
    -1, -1, -1, -1, -1, -1, -1, -1, -1, -1, -1, -1, -1, -1, -1, -1,
    -1, -1, -1, -1, -1, -1, -1, -1, -1, -1, -1, -1, -1, -1, -1, -1,
    -1, -1, -1, -1, -1, -1, -1, -1, -1, -1, -1, -1, -1, -1, -1, -1,
    -1, -1, -1, -1, -1, -1, -1, -1, -1, -1, -1, -1, -1, -1, -1, -1,
    -1, -1, -1, -1, -1, -1, -1, -1, -1, -1, -1, -1, -1, -1, -1, -1,
    -1, -1, -1, -1, -1, -1, -1, -1, -1, -1, -1, -1, -1, -1, -1, -1,
    -1, -1, -1, -1, -1, -1, -1, -1, -1, -1, -1, -1, -1, -1, -1, -1,
    -1, -1, -1, -1, -1, -1, -1, -1, -1, -1, -1, -1, -1, -1, -1, -1,
    -1, -1, -1, -1, -1, -1, -1, -1, -1, -1, -1, -1, -1, -1, -1, -1,
    -1, -1, -1, -1, -1, -1, -1, -1, -1, -1, -1, -1, -1, -1, -1, -1,
    -1, -1, -1, -1, -1, -1, -1, -1, -1, -1, -1, -1, -1, -1, -1, -1,
    -1, -1, -1, -1, -1, -1, -1, -1, -1, -1, -1, -1, -1, -1, -1, -1,
    -1, -1, -1, -1, -1, -1, -1, -1, -1, -1, -1, -1, -1, -1, -1, -1,
    -1, -1, -1, -1, -1, -1, -1, -1, -1, -1, -1, -1, -1, -1, -1, -1,
    -1, -1, -1, -1, -1, -1, -1, -1, -1, -1, -1, -1, -1, -1, -1, -1,
    -1, -1, -1, -1, -1, -1, -1, -1, -1, -1, -1, -1, -1, -1, -1, -1,
    -1, -1, -1, -1, -1, -1, -1, -1, -1, -1, -1, -1, -1, -1, -1, -1,
    -1, -1, -1, -1, -1, -1, -1, -1, -1, -1, -1, -1, -1, -1, -1, -1,
    -1, -1, -1, -1, -1, -1, -1, -1, -1, -1, -1, -1, -1, -1, -1, -1,
    -1, -1, -1, -1, -1, -1, -1, -1, -1, -1, -1, -1, -1, -1, -1, -1,
    -1, -1, -1, -1, -1, -1, -1, -1, -1, -1, -1, -1, -1, -1, -1, -1,
    -1, -1, -1, -1, -1, -1, -1, -1, -1, -1, -1, -1, -1, -1, -1, -1,
    -1, -1, -1, -1, -1, -1, -1, -1, -1, -1, -1, -1, -1, -1, -1, -1,
    -1, -1, -1, -1, -1, -1, -1, -1, -1, -1, -1, -1, -1, -1, -1, -1,
    -1, -1, -1, -1, -1, -1, -1, -1, -1, -1, -1, -1, -1, -1, -1, -1,
    -1, -1, -1, -1, -1, -1, -1, -1, -1, -1, -1, -1, -1, -1, -1, -1,
    -1, -1, -1, -1, -1, -1, -1, -1, -1, -1, -1, -1, -1, -1, -1, -1,
    -1, -1, -1, -1, -1, -1, -1, -1, -1, -1, -1, -1, -1, -1, -1, -1,
    -1, -1, -1, -1, -1, -1, -1, -1, -1, -1, -1, -1, -1, -1, -1, -1,
    -1, -1, -1, -1, -1, -1, -1, -1, -1, -1, -1, -1, -1, -1, -1, -1,
    -1, -1, -1, -1, -1, -1, -1, -1, -1, -1, -1, -1, -1, -1, -1, -1,
    -1, -1, -1, -1, -1, -1, -1, -1, -1, -1, -1, -1, -1, -1, -1, -1,
    -1, -1, -1, -1, -1, -1, -1, -1, -1, -1, -1, -1, -1, -1, -1, -1,
    -1, -1, -1, -1, -1, -1, -1, -1, -1, -1, -1, -1, -1, -1, -1, -1,
    -1, -1, -1, -1, -1, -1, -1, -1, -1, -1, -1, -1, -1, -1, -1, -1,
    -1, -1, -1, -1, -1, -1, -1, -1, -1, -1, -1, -1, -1, -1, -1, -1,
    -1, -1, -1, -1, -1, -1, -1, -1, -1, -1, -1, -1, -1, -1, -1, -1,
    -1, -1, -1, -1, -1, -1, -1, -1, -1, -1, -1, -1, -1, -1, -1, -1,
    -1, -1, -1, -1, -1, -1, -1, -1, -1, -1, -1, -1, -1, -1, -1, -1,
    -1, -1, -1, -1, -1, -1, -1, -1, -1, -1, -1, -1, -1, -1, -1, -1,
    -1, -1, -1, -1, -1, -1, -1, -1, -1, -1, -1, -1, -1, -1, -1, -1,
    -1, -1, -1, -1, -1, -1, -1, -1, -1, -1, -1, -1, -1, -1, -1, -1,
    -1, -1, -1, -1, -1, -1, -1, -1, -1, -1, -1, -1, -1, -1, -1, -1,
    -1, -1, -1, -1, -1, -1, -1, -1, -1, -1, -1, -1, -1, -1, -1, -1,
    -1, -1, -1, -1, -1, -1, -1, -1, -1, -1, -1, -1, -1, -1, -1, -1,
    -1, -1, -1, -1, -1, -1, -1, -1, -1, -1, -1, -1, -1, -1, -1, -1,
    -1, -1, -1, -1, -1, -1, -1, -1, -1, -1, -1, -1, -1, -1, -1, -1,
    -1, -1, -1, -1, -1, -1, -1, -1, -1, -1, -1, -1, -1, -1, -1, -1,
    -1, -1, -1, -1, -1, -1, -1, -1, -1, -1, -1, -1, -1, -1, -1, -1,
    -1, -1, -1, -1, -1, -1, -1, -1, -1, -1, -1, -1, -1, -1, -1, -1,
    -1, -1, -1, -1, -1, -1, -1, -1, -1, -1, -1, -1, -1, -1, -1, -1,
    -1, -1, -1, -1, -1, -1, -1, -1, -1, -1, -1, -1, -1, -1, -1, -1,
    -1, -1, -1, -1, -1, -1, -1, -1, -1, -1, -1, -1, -1, -1, -1, -1,
    -1, -1, -1, -1, -1, -1, -1, -1, -1, -1, -1, -1, -1, -1, -1, -1,
    -1, -1, -1, -1, -1, -1, -1, -1, -1, -1, -1, -1, -1, -1, -1, -1,
    -1, -1, -1, -1, -1, -1, -1, -1, -1, -1, -1, -1, -1, -1, -1, -1,
    -1, -1, -1, -1, -1, -1, -1, -1, -1, -1, -1, -1, -1, -1, -1, -1,
    -1, -1, -1, -1, -1, -1, -1, -1, -1, -1, -1, -1, -1, -1, -1, -1,
    -1, -1, -1, -1, -1, -1, -1, -1, -1, -1, -1, -1, -1, -1, -1, -1,
    -1, -1, -1, -1, -1, -1, -1, -1, -1, -1, -1, -1, -1, -1, -1, -1,
    -1, -1, -1, -1, -1, -1, -1, -1, -1, -1, -1, -1, -1, -1, -1, -1,
    -1, -1, -1, -1, -1, -1, -1, -1, -1, -1, -1, -1, -1, -1, -1, -1,
    -1, -1, -1, -1, -1, -1, -1, -1, -1, -1, -1, -1, -1, -1, -1, -1,
    -1, -1, -1, -1, -1, -1, -1, -1, -1, -1, -1, -1, -1, -1, -1, -1,
    -1, -1, -1, -1, -1, -1, -1, -1, -1, -1, -1, -1, -1, -1, -1, -1,
    -1, -1, -1, -1, -1, -1, -1, -1, -1, -1, -1, -1, -1, -1, -1, -1,
    -1, -1, -1, -1, -1, -1, -1, -1, -1, -1, -1, -1, -1, -1, -1, -1,
    -1, -1, -1, -1, -1, -1, -1, -1, -1, -1, -1, -1, -1, -1, -1, -1,
    -1, -1, -1, -1, -1, -1, -1, -1, -1, -1, -1, -1, -1, -1, -1, -1,
    -1, -1, -1, -1, -1, -1, -1, -1, -1, -1, -1, -1, -1, -1, -1, -1,
    -1, -1, -1, -1, -1, -1, -1, -1, -1, -1, -1, -1, -1, -1, -1, -1,
    -1, -1, -1, -1, -1, -1, -1, -1, -1, -1, -1, -1, -1, -1, -1, -1,
    -1, -1, -1, -1, -1, -1, -1, -1, -1, -1, -1, -1, -1, -1, -1, -1,
    -1, -1, -1, -1, -1, -1, -1, -1, -1, -1, -1, -1, -1, -1, -1, -1,
    -1, -1, -1, -1, -1, -1, -1, -1, -1, -1, -1, -1, -1, -1, -1, -1,
    -1, -1, -1, -1, -1, -1, -1, -1, -1, -1, -1, -1, -1, -1, -1, -1,
    -1, -1, -1, -1, -1, -1, -1, -1, -1, -1, -1, -1, -1, -1, -1, -1,
    -1, -1, -1, -1, -1, -1, -1, -1, -1, -1, -1, -1, -1, -1, -1, -1,
    -1, -1, -1, -1, -1, -1, -1, -1, -1, -1, -1, -1, -1, -1, -1, -1,
    -1, -1, -1, -1, -1, -1, -1, -1, -1, -1, -1, -1, -1, -1, -1, -1,
    -1, -1, -1, -1, -1, -1, -1, -1, -1, -1, -1, -1, -1, -1, -1, -1,
    -1, -1, -1, -1, -1, -1, -1, -1, -1, -1, -1, -1, -1, -1, -1, -1,
    -1, -1, -1, -1, -1, -1, -1, -1, -1, -1, -1, -1, -1, -1, -1, -1,
    -1, -1, -1, -1, -1, -1, -1, -1, -1, -1, -1, -1, -1, -1, -1, -1,
    -1, -1, -1, -1, -1, -1, -1, -1, -1, -1, -1, -1, -1, -1, -1, -1,
    -1, -1, -1, -1, -1, -1, -1, -1, -1, -1, -1, -1, -1, -1, -1, -1,
    -1, -1, -1, -1, -1, -1, -1, -1, -1, -1, -1, -1, -1, -1, -1, -1,
    -1, -1, -1, -1, -1, -1, -1, -1, -1, -1, -1, -1, -1, -1, -1, -1,
    -1, -1, -1, -1, -1, -1, -1, -1, -1, -1, -1, -1, -1, -1, -1, -1,
    -1, -1, -1, -1, -1, -1, -1, -1, -1, -1, -1, -1, -1, -1, -1, -1,
    -1, -1, -1, -1, -1, -1, -1, -1, -1, -1, -1, -1, -1, -1, -1, -1,
    -1, -1, -1, -1, -1, -1, -1, -1, -1, -1, -1, -1, -1, -1, -1, -1,
    -1, -1, -1, -1, -1, -1, -1, -1, -1, -1, -1, -1, -1, -1, -1, -1,
    -1, -1, -1, -1, -1, -1, -1, -1, -1, -1, -1, -1, -1, -1, -1, -1,
    -1, -1, -1, -1, -1, -1, -1, -1, -1, -1, -1, -1, -1, -1, -1, -1,
    -1, -1, -1, -1, -1, -1, -1, -1, -1, -1, -1, -1, -1, -1, -1, -1,
    -1, -1, -1, -1, -1, -1, -1, -1, -1, -1, -1, -1, -1, -1, -1, -1,
    -1, -1, -1, -1, -1, -1, -1, -1, -1, -1, -1, -1, -1, -1, -1, -1,
    -1, -1, -1, -1, -1, -1, -1, -1, -1, -1, -1, -1, -1, -1, -1, -1,
    -1, -1, -1, -1, -1, -1, -1, -1, -1, -1, -1, -1, -1, -1, -1, -1,
    -1, -1, -1, -1, -1, -1, -1, -1, -1, -1, -1, -1, -1, -1, -1, -1,
    -1, -1, -1, -1, -1, -1, -1, -1, -1, -1, -1, -1, -1, -1, -1, -1,
    -1, -1, -1, -1, -1, -1, -1, -1, -1, -1, -1, -1, -1, -1, -1, -1,
    -1, -1, -1, -1, -1, -1, -1, -1, -1, -1, -1, -1, -1, -1, -1, -1,
    -1, -1, -1, -1, -1, -1, -1, -1, -1, -1, -1, -1, -1, -1, -1, -1,
    -1, -1, -1, -1, -1, -1, -1, -1, -1, -1, -1, -1, -1, -1, -1, -1,
    -1, -1, -1, -1, -1, -1, -1, -1, -1, -1, -1, -1, -1, -1, -1, -1,
    -1, -1, -1, -1, -1, -1, -1, -1, -1, -1, -1, -1, -1, -1, -1, -1,
    -1, -1, -1, -1, -1, -1, -1, -1, -1, -1, -1, -1, -1, -1, -1, -1,
    -1, -1, -1, -1, -1, -1, -1, -1, -1, -1, -1, -1, -1, -1, -1, -1,
    -1, -1, -1, -1, -1, -1, -1, -1, -1, -1, -1, -1, -1, -1, -1, -1,
    -1, -1, -1, -1, -1, -1, -1, -1, -1, -1, -1, -1, -1, -1, -1, -1,
    -1, -1, -1, -1, -1, -1, -1, -1, -1, -1, -1, -1, -1, -1, -1, -1,
    -1, -1, -1, -1, -1, -1, -1, -1, -1, -1, -1, -1, -1, -1, -1, -1,
    -1, -1, -1, -1, -1, -1, -1, -1, -1, -1, -1, -1, -1, -1, -1, -1,
    -1, -1, -1, -1, -1, -1, -1, -1, -1, -1, -1, -1, -1, -1, -1, -1,
    -1, -1, -1, -1, -1, -1, -1, -1, -1, -1, -1, -1, -1, -1, -1, -1,
    -1, -1, -1, -1, -1, -1, -1, -1, -1, -1, -1, -1, -1, -1, -1, -1,
    -1, -1, -1, -1, -1, -1, -1, -1, -1, -1, -1, -1, -1, -1, -1, -1,
    -1, -1, -1, -1, -1, -1, -1, -1, -1, -1, -1, -1, -1, -1, -1, -1,
    -1, -1, -1, -1, -1, -1, -1, -1, -1, -1, -1, -1, -1, -1, -1, -1,
    -1, -1, -1, -1, -1, -1, -1, -1, -1, -1, -1, -1, -1, -1, -1, -1,
    -1, -1, -1, -1, -1, -1, -1, -1, -1, -1, -1, -1, -1, -1, -1, -1,
    -1, -1, -1, -1, -1, -1, -1, -1, -1, -1, -1, -1, -1, -1, -1, -1,
    -1, -1, -1, -1, -1, -1, -1, -1, -1, -1, -1, -1, -1, -1, -1, -1,
    -1, -1, -1, -1, -1, -1, -1, -1, -1, -1, -1, -1, -1, -1, -1, -1,
    -1, -1, -1, -1, -1, -1, -1, -1, -1, -1, -1, -1, -1, -1, -1, -1,
    -1, -1, -1, -1, -1, -1, -1, -1, -1, -1, -1, -1, -1, -1, -1, -1,
    -1, -1, -1, -1, -1, -1, -1, -1, -1, -1, -1, -1, -1, -1, -1, -1,
    -1, -1, -1, -1, -1, -1, -1, -1, -1, -1, -1, -1, -1, -1, -1, -1,
    -1, -1, -1, -1, -1, -1, -1, -1, -1, -1, -1, -1, -1, -1, -1, -1,
    -1, -1, -1, -1, -1, -1, -1, -1, -1, -1, -1, -1, -1, -1, -1, -1,
    -1, -1, -1, -1, -1, -1, -1, -1, -1, -1, -1, -1, -1, -1, -1, -1,
    -1, -1, -1, -1, -1, -1, -1, -1, -1, -1, -1, -1, -1, -1, -1, -1,
    -1, -1, -1, -1, -1, -1, -1, -1, -1, -1, -1, -1, -1, -1, -1, -1,
    -1, -1, -1, -1, -1, -1, -1, -1, -1, -1, -1, -1, -1, -1, -1, -1,
    -1, -1, -1, -1, -1, -1, -1, -1, -1, -1, -1, -1, -1, -1, -1, -1,
    -1, -1, -1, -1, -1, -1, -1, -1, -1, -1, -1, -1, -1, -1, -1, -1,
    -1, -1, -1, -1, -1, -1, -1, -1, -1, -1, -1, -1, -1, -1, -1, -1,
    -1, -1, -1, -1, -1, -1, -1, -1, -1, -1, -1, -1, -1, -1, -1, -1,
    -1, -1, -1, -1, -1, -1, -1, -1, -1, -1, -1, -1, -1, -1, -1, -1,
    -1, -1, -1, -1, -1, -1, -1, -1, -1, -1, -1, -1, -1, -1, -1, -1,
    -1, -1, -1, -1, -1, -1, -1, -1, -1, -1, -1, -1, -1, -1, -1, -1,
    -1, -1, -1, -1, -1, -1, -1, -1, -1, -1, -1, -1, -1, -1, -1, -1,
    -1, -1, -1, -1, -1, -1, -1, -1, -1, -1, -1, -1, -1, -1, -1, -1,
    -1, -1, -1, -1, -1, -1, -1, -1, -1, -1, -1, -1, -1, -1, -1, -1,
    -1, -1, -1, -1, -1, -1, -1, -1, -1, -1, -1, -1, -1, -1, -1, -1,
    -1, -1, -1, -1, -1, -1, -1, -1, -1, -1, -1, -1, -1, -1, -1, -1,
    -1, -1, -1, -1, -1, -1, -1, -1, -1, -1, -1, -1, -1, -1, -1, -1,
    -1, -1, -1, -1, -1, -1, -1, -1, -1, -1, -1, -1, -1, -1, -1, -1,
    -1, -1, -1, -1, -1, -1, -1, -1, -1, -1, -1, -1, -1, -1, -1, -1,
    -1, -1, -1, -1, -1, -1, -1, -1, -1, -1, -1, -1, -1, -1, -1, -1,
    -1, -1, -1, -1, -1, -1, -1, -1, -1, -1, -1, -1, -1, -1, -1, -1,
    -1, -1, -1, -1, -1, -1, -1, -1, -1, -1, -1, -1, -1, -1, -1, -1,
    -1, -1, -1, -1, -1, -1, -1, -1, -1, -1, -1, -1, -1, -1, -1, -1,
    -1, -1, -1, -1, -1, -1, -1, -1, -1, -1, -1, -1, -1, -1, -1, -1,
    -1, -1, -1, -1, -1, -1, -1, -1, -1, -1, -1, -1, -1, -1, -1, -1,
    -1, -1, -1, -1, -1, -1, -1, -1, -1, -1, -1, -1, -1, -1, -1, -1,
    -1, -1, -1, -1, -1, -1, -1, -1, -1, -1, -1, -1, -1, -1, -1, -1,
    -1, -1, -1, -1, -1, -1, -1, -1, -1, -1, -1, -1, -1, -1, -1, -1,
    -1, -1, -1, -1, -1, -1, -1, -1, -1, -1, -1, -1, -1, -1, -1, -1,
    -1, -1, -1, -1, -1, -1, -1, -1, -1, -1, -1, -1, -1, -1, -1, -1,
    -1, -1, -1, -1, -1, -1, -1, -1, -1, -1, -1, -1, -1, -1, -1, -1,
    -1, -1, -1, -1, -1, -1, -1, -1, -1, -1, -1, -1, -1, -1, -1, -1,
    -1, -1, -1, -1, -1, -1, -1, -1, -1, -1, -1, -1, -1, -1, -1, -1,
    -1, -1, -1, -1, -1, -1, -1, -1, -1, -1, -1, -1, -1, -1, -1, -1,
    -1, -1, -1, -1, -1, -1, -1, -1, -1, -1, -1, -1, -1, -1, -1, -1,
    -1, -1, -1, -1, -1, -1, -1, -1, -1, -1, -1, -1, -1, -1, -1, -1,
    -1, -1, -1, -1, -1, -1, -1, -1, -1, -1, -1, -1, -1, -1, -1, -1,
    -1, -1, -1, -1, -1, -1, -1, -1, -1, -1, -1, -1, -1, -1, -1, -1,
    -1, -1, -1, -1, -1, -1, -1, -1, -1, -1, -1, -1, -1, -1, -1, -1,
    -1, -1, -1, -1, -1, -1, -1, -1, -1, -1, -1, -1, -1, -1, -1, -1,
    -1, -1, -1, -1, -1, -1, -1, -1, -1, -1, -1, -1, -1, -1, -1, -1,
    -1, -1, -1, -1, -1, -1, -1, -1, -1, -1, -1, -1, -1, -1, -1, -1,
    -1, -1, -1, -1, -1, -1, -1, -1, -1, -1, -1, -1, -1, -1, -1, -1,
    -1, -1, -1, -1, -1, -1, -1, -1, -1, -1, -1, -1, -1, -1, -1, -1,
    -1, -1, -1, -1, -1, -1, -1, -1, -1, -1, -1, -1, -1, -1, -1, -1,
    -1, -1, -1, -1, -1, -1, -1, -1, -1, -1, -1, -1, -1, -1, -1, -1,
    -1, -1, -1, -1, -1, -1, -1, -1, -1, -1, -1, -1, -1, -1, -1, -1,
    -1, -1, -1, -1, -1, -1, -1, -1, -1, -1, -1, -1, -1, -1, -1, -1,
    -1, -1, -1, -1, -1, -1, -1, -1, -1, -1, -1, -1, -1, -1, -1, -1,
    -1, -1, -1, -1, -1, -1, -1, -1, -1, -1, -1, -1, -1, -1, -1, -1,
    -1, -1, -1, -1, -1, -1, -1, -1, -1, -1, -1, -1, -1, -1, -1, -1,
    -1, -1, -1, -1, -1, -1, -1, -1, -1, -1, -1, -1, -1, -1, -1, -1,
    -1, -1, -1, -1, -1, -1, -1, -1, -1, -1, -1, -1, -1, -1, -1, -1,
    -1, -1, -1, -1, -1, -1, -1, -1, -1, -1, -1, -1, -1, -1, -1, -1,
    -1, -1, -1, -1, -1, -1, -1, -1, -1, -1, -1, -1, -1, -1, -1, -1,
    -1, -1, -1, -1, -1, -1, -1, -1, -1, -1, -1, -1, -1, -1, -1, -1,
    -1, -1, -1, -1, -1, -1, -1, -1, -1, -1, -1, -1, -1, -1, -1, -1,
    -1, -1, -1, -1, -1, -1, -1, -1, -1, -1, -1, -1, -1, -1, -1, -1,
    -1, -1, -1, -1, -1, -1, -1, -1, -1, -1, -1, -1, -1, -1, -1, -1,
    -1, -1, -1, -1, -1, -1, -1, -1, -1, -1, -1, -1, -1, -1, -1, -1,
    -1, -1, -1, -1, -1, -1, -1, -1, -1, -1, -1, -1, -1, -1, -1, -1,
    -1, -1, -1, -1, -1, -1, -1, -1, -1, -1, -1, -1, -1, -1, -1, -1,
    -1, -1, -1, -1, -1, -1, -1, -1, -1, -1, -1, -1, -1, -1, -1, -1,
    -1, -1, -1, -1, -1, -1, -1, -1, -1, -1, -1, -1, -1, -1, -1, -1,
    -1, -1, -1, -1, -1, -1, -1, -1, -1, -1, -1, -1, -1, -1, -1, -1,
    -1, -1, -1, -1, -1, -1, -1, -1, -1, -1, -1, -1, -1, -1, -1, -1,
    -1, -1, -1, -1, -1, -1, -1, -1, -1, -1, -1, -1, -1, -1, -1, -1,
    -1, -1, -1, -1, -1, -1, -1, -1, -1, -1, -1, -1, -1, -1, -1, -1,
    -1, -1, -1, -1, -1, -1, -1, -1, -1, -1, -1, -1, -1, -1, -1, -1,
    -1, -1, -1, -1, -1, -1, -1, -1, -1, -1, -1, -1, -1, -1, -1, -1,
    -1, -1, -1, -1, -1, -1, -1, -1, -1, -1, -1, -1, -1, -1, -1, -1,
    -1, -1, -1, -1, -1, -1, -1, -1, -1, -1, -1, -1, -1, -1, -1, -1,
    -1, -1, -1, -1, -1, -1, -1, -1, -1, -1, -1, -1, -1, -1, -1, -1,
    -1, -1, -1, -1, -1, -1, -1, -1, -1, -1, -1, -1, -1, -1, -1, -1,
    -1, -1, -1, -1, -1, -1, -1, -1, -1, -1, -1, -1, -1, -1, -1, -1,
    -1, -1, -1, -1, -1, -1, -1, -1, -1, -1, -1, -1, -1, -1, -1, -1,
    -1, -1, -1, -1, -1, -1, -1, -1, -1, -1, -1, -1, -1, -1, -1, -1,
    -1, -1, -1, -1, -1, -1, -1, -1, -1, -1, -1, -1, -1, -1, -1, -1,
    -1, -1, -1, -1, -1, -1, -1, -1, -1, -1, -1, -1, -1, -1, -1, -1,
    -1, -1, -1, -1, -1, -1, -1, -1, -1, -1, -1, -1, -1, -1, -1, -1,
    -1, -1, -1, -1, -1, -1, -1, -1, -1, -1, -1, -1, -1, -1, -1, -1,
    -1, -1, -1, -1, -1, -1, -1, -1, -1, -1, -1, -1, -1, -1, -1, -1,
    -1, -1, -1, -1, -1, -1, -1, -1, -1, -1, -1, -1, -1, -1, -1, -1,
    -1, -1, -1, -1, -1, -1, -1, -1, -1, -1, -1, -1, -1, -1, -1, -1,
    -1, -1, -1, -1, -1, -1, -1, -1, -1, -1, -1, -1, -1, -1, -1, -1,
    -1, -1, -1, -1, -1, -1, -1, -1, -1, -1, -1, -1, -1, -1, -1, -1,
    -1, -1, -1, -1, -1, -1, -1, -1, -1, -1, -1, -1, -1, -1, -1, -1,
    -1, -1, -1, -1, -1, -1, -1, -1, -1, -1, -1, -1, -1, -1, -1, -1,
    -1, -1, -1, -1, -1, -1, -1, -1, -1, -1, -1, -1, -1, -1, -1, -1,
    -1, -1, -1, -1, -1, -1, -1, -1, -1, -1, -1, -1, -1, -1, -1, -1,
    -1, -1, -1, -1, -1, -1, -1, -1, -1, -1, -1, -1, -1, -1, -1, -1,
    -1, -1, -1, -1, -1, -1, -1, -1, -1, -1, -1, -1, -1, -1, -1, -1,
    -1, -1, -1, -1, -1, -1, -1, -1, -1, -1, -1, -1, -1, -1, -1, -1,
    -1, -1, -1, -1, -1, -1, -1, -1, -1, -1, -1, -1, -1, -1, -1, -1,
    -1, -1, -1, -1, -1, -1, -1, -1, -1, -1, -1, -1, -1, -1, -1, -1,
    -1, -1, -1, -1, -1, -1, -1, -1, -1, -1, -1, -1, -1, -1, -1, -1,
    -1, -1, -1, -1, -1, -1, -1, -1, -1, -1, -1, -1, -1, -1, -1, -1,
    -1, -1, -1, -1, -1, -1, -1, -1, -1, -1, -1, -1, -1, -1, -1, -1,
    -1, -1, -1, -1, -1, -1, -1, -1, -1, -1, -1, -1, -1, -1, -1, -1,
    -1, -1, -1, -1, -1, -1, -1, -1, -1, -1, -1, -1, -1, -1, -1, -1,
    -1, -1, -1, -1, -1, -1, -1, -1, -1, -1, -1, -1, -1, -1, -1, -1,
    -1, -1, -1, -1, -1, -1, -1, -1, -1, -1, -1, -1, -1, -1, -1, -1,
    -1, -1, -1, -1, -1, -1, -1, -1, -1, -1, -1, -1, -1, -1, -1, -1,
    -1, -1, -1, -1, -1, -1, -1, -1, -1, -1, -1, -1, -1, -1, -1, -1,
    -1, -1, -1, -1, -1, -1, -1, -1, -1, -1, -1, -1, -1, -1, -1, -1,
    -1, -1, -1, -1, -1, -1, -1, -1, -1, -1, -1, -1, -1, -1, -1, -1,
    -1, -1, -1, -1, -1, -1, -1, -1, -1, -1, -1, -1, -1, -1, -1, -1,
    -1, -1, -1, -1, -1, -1, -1, -1, -1, -1, -1, -1, -1, -1, -1, -1,
    -1, -1, -1, -1, -1, -1, -1, -1, -1, -1, -1, -1, -1, -1, -1, -1,
    -1, -1, -1, -1, -1, -1, -1, -1, -1, -1, -1, -1, -1, -1, -1, -1,
    -1, -1, -1, -1, -1, -1, -1, -1, -1, -1, -1, -1, -1, -1, -1, -1,
    -1, -1, -1, -1, -1, -1, -1, -1, -1, -1, -1, -1, -1, -1, -1, -1,
    -1, -1, -1, -1, -1, -1, -1, -1, -1, -1, -1, -1, -1, -1, -1, -1,
    -1, -1, -1, -1, -1, -1, -1, -1, -1, -1, -1, -1, -1, -1, -1, -1,
    -1, -1, -1, -1, -1, -1, -1, -1, -1, -1, -1, -1, -1, -1, -1, -1,
    -1, -1, -1, -1, -1, -1, -1, -1, -1, -1, -1, -1, -1, -1, -1, -1,
    -1, -1, -1, -1, -1, -1, -1, -1, -1, -1, -1, -1, -1, -1, -1, -1,
    -1, -1, -1, -1, -1, -1, -1, -1, -1, -1, -1, -1, -1, -1, -1, -1,
    -1, -1, -1, -1, -1, -1, -1, -1, -1, -1, -1, -1, -1, -1, -1, -1,
    -1, -1, -1, -1, -1, -1, -1, -1, -1, -1, -1, -1, -1, -1, -1, -1,
    -1, -1, -1, -1, -1, -1, -1, -1, -1, -1, -1, -1, -1, -1, -1, -1,
    -1, -1, -1, -1, -1, -1, -1, -1, -1, -1, -1, -1, -1, -1, -1, -1,
    -1, -1, -1, -1, -1, -1, -1, -1, -1, -1, -1, -1, -1, -1, -1, -1,
    -1, -1, -1, -1, -1, -1, -1, -1, -1, -1, -1, -1, -1, -1, -1, -1,
    -1, -1, -1, -1, -1, -1, -1, -1, -1, -1, -1, -1, -1, -1, -1, -1,
    -1, -1, -1, -1, -1, -1, -1, -1, -1, -1, -1, -1, -1, -1, -1, -1,
    -1, -1, -1, -1, -1, -1, -1, -1, -1, -1, -1, -1, -1, -1, -1, -1,
    -1, -1, -1, -1, -1, -1, -1, -1, -1, -1, -1, -1, -1, -1, -1, -1,
    -1, -1, -1, -1, -1, -1, -1, -1, -1, -1, -1, -1, -1, -1, -1, -1,
    -1, -1, -1, -1, -1, -1, -1, -1, -1, -1, -1, -1, -1, -1, -1, -1,
    -1, -1, -1, -1, -1, -1, -1, -1, -1, -1, -1, -1, -1, -1, -1, -1,
    -1, -1, -1, -1, -1, -1, -1, -1, -1, -1, -1, -1, -1, -1, -1, -1,
    -1, -1, -1, -1, -1, -1, -1, -1, -1, -1, -1, -1, -1, -1, -1, -1,
    -1, -1, -1, -1, -1, -1, -1, -1, -1, -1, -1, -1, -1, -1, -1, -1,
    -1, -1, -1, -1, -1, -1, -1, -1, -1, -1, -1, -1, -1, -1, -1, -1,
    -1, -1, -1, -1, -1, -1, -1, -1, -1, -1, -1, -1, -1, -1, -1, -1,
    -1, -1, -1, -1, -1, -1, -1, -1, -1, -1, -1, -1, -1, -1, -1, -1,
    -1, -1, -1, -1, -1, -1, -1, -1, -1, -1, -1, -1, -1, -1, -1, -1,
    -1, -1, -1, -1, -1, -1, -1, -1, -1, -1, -1, -1, -1, -1, -1, -1,
    -1, -1, -1, -1, -1, -1, -1, -1, -1, -1, -1, -1, -1, -1, -1, -1,
    -1, -1, -1, -1, -1, -1, -1, -1, -1, -1, -1, -1, -1, -1, -1, -1,
    -1, -1, -1, -1, -1, -1, -1, -1, -1, -1, -1, -1, -1, -1, -1, -1,
    -1, -1, -1, -1, -1, -1, -1, -1, -1, -1, -1, -1, -1, -1, -1, -1,
    -1, -1, -1, -1, -1, -1, -1, -1, -1, -1, -1, -1, -1, -1, -1, -1,
    -1, -1, -1, -1, -1, -1, -1, -1, -1, -1, -1, -1, -1, -1, -1, -1,
    -1, -1, -1, -1, -1, -1, -1, -1, -1, -1, -1, -1, -1, -1, -1, -1,
    -1, -1, -1, -1, -1, -1, -1, -1, -1, -1, -1, -1, -1, -1, -1, -1,
    -1, -1, -1, -1, -1, -1, -1, -1, -1, -1, -1, -1, -1, -1, -1, -1,
    -1, -1, -1, -1, -1, -1, -1, -1, -1, -1, -1, -1, -1, -1, -1, -1,
    -1, -1, -1, -1, -1, -1, -1, -1, -1, -1, -1, -1, -1, -1, -1, -1,
    -1, -1, -1, -1, -1, -1, -1, -1, -1, -1, -1, -1, -1, -1, -1, -1,
    -1, -1, -1, -1, -1, -1, -1, -1, -1, -1, -1, -1, -1, -1, -1, -1,
    -1, -1, -1, -1, -1, -1, -1, -1, -1, -1, -1, -1, -1, -1, -1, -1,
    -1, -1, -1, -1, -1, -1, -1, -1, -1, -1, -1, -1, -1, -1, -1, -1,
    -1, -1, -1, -1, -1, -1, -1, -1, -1, -1, -1, -1, -1, -1, -1, -1,
    -1, -1, -1, -1, -1, -1, -1, -1, -1, -1, -1, -1, -1, -1, -1, -1,
    -1, -1, -1, -1, -1, -1, -1, -1, -1, -1, -1, -1, -1, -1, -1, -1,
    -1, -1, -1, -1, -1, -1, -1, -1, -1, -1, -1, -1, -1, -1, -1, -1,
    -1, -1, -1, -1, -1, -1, -1, -1, -1, -1, -1, -1, -1, -1, -1, -1,
    -1, -1, -1, -1, -1, -1, -1, -1, -1, -1, -1, -1, -1, -1, -1, -1,
    -1, -1, -1, -1, -1, -1, -1, -1, -1, -1, -1, -1, -1, -1, -1, -1,
    -1, -1, -1, -1, -1, -1, -1, -1, -1, -1, -1, -1, -1, -1, -1, -1,
    -1, -1, -1, -1, -1, -1, -1, -1, -1, -1, -1, -1, -1, -1, -1, -1,
    -1, -1, -1, -1, -1, -1, -1, -1, -1, -1, -1, -1, -1, -1, -1, -1,
    -1, -1, -1, -1, -1, -1, -1, -1, -1, -1, -1, -1, -1, -1, -1, -1,
    -1, -1, -1, -1, -1, -1, -1, -1, -1, -1, -1, -1, -1, -1, -1, -1,
    -1, -1, -1, -1, -1, -1, -1, -1, -1, -1, -1, -1, -1, -1, -1, -1,
    -1, -1, -1, -1, -1, -1, -1, -1, -1, -1, -1, -1, -1, -1, -1, -1,
    -1, -1, -1, -1, -1, -1, -1, -1, -1, -1, -1, -1, -1, -1, -1, -1,
    -1, -1, -1, -1, -1, -1, -1, -1, -1, -1, -1, -1, -1, -1, -1, -1,
    -1, -1, -1, -1, -1, -1, -1, -1, -1, -1, -1, -1, -1, -1, -1, -1,
    -1, -1, -1, -1, -1, -1, -1, -1, -1, -1, -1, -1, -1, -1, -1, -1,
    -1, -1, -1, -1, -1, -1, -1, -1, -1, -1, -1, -1, -1, -1, -1, -1,
    -1, -1, -1, -1, -1, -1, -1, -1, -1, -1, -1, -1, -1, -1, -1, -1,
    -1, -1, -1, -1, -1, -1, -1, -1, -1, -1, -1, -1, -1, -1, -1, -1,
    -1, -1, -1, -1, -1, -1, -1, -1, -1, -1, -1, -1, -1, -1, -1, -1,
    -1, -1, -1, -1, -1, -1, -1, -1, -1, -1, -1, -1, -1, -1, -1, -1,
    -1, -1, -1, -1, -1, -1, -1, -1, -1, -1, -1, -1, -1, -1, -1, -1,
    -1, -1, -1, -1, -1, -1, -1, -1, -1, -1, -1, -1, -1, -1, -1, -1,
    -1, -1, -1, -1, -1, -1, -1, -1, -1, -1, -1, -1, -1, -1, -1, -1,
    -1, -1, -1, -1, -1, -1, -1, -1, -1, -1, -1, -1, -1, -1, -1, -1,
    -1, -1, -1, -1, -1, -1, -1, -1, -1, -1, -1, -1, -1, -1, -1, -1,
    -1, -1, -1, -1, -1, -1, -1, -1, -1, -1, -1, -1, -1, -1, -1, -1,
    -1, -1, -1, -1, -1, -1, -1, -1, -1, -1, -1, -1, -1, -1, -1, -1,
    -1, -1, -1, -1, -1, -1, -1, -1, -1, -1, -1, -1, -1, -1, -1, -1,
    -1, -1, -1, -1, -1, -1, -1, -1, -1, -1, -1, -1, -1, -1, -1, -1,
    -1, -1, -1, -1, -1, -1, -1, -1, -1, -1, -1, -1, -1, -1, -1, -1,
    -1, -1, -1, -1, -1, -1, -1, -1, -1, -1, -1, -1, -1, -1, -1, -1,
    -1, -1, -1, -1, -1, -1, -1, -1, -1, -1, -1, -1, -1, -1, -1, -1,
    -1, -1, -1, -1, -1, -1, -1, -1, -1, -1, -1, -1, -1, -1, -1, -1,
    -1, -1, -1, -1, -1, -1, -1, -1, -1, -1, -1, -1, -1, -1, -1, -1,
    -1, -1, -1, -1, -1, -1, -1, -1, -1, -1, -1, -1, -1, -1, -1, -1,
    -1, -1, -1, -1, -1, -1, -1, -1, -1, -1, -1, -1, -1, -1, -1, -1,
    -1, -1, -1, -1, -1, -1, -1, -1, -1, -1, -1, -1, -1, -1, -1, -1,
    -1, -1, -1, -1, -1, -1, -1, -1, -1, -1, -1, -1, -1, -1, -1, -1,
    -1, -1, -1, -1, -1, -1, -1, -1, -1, -1, -1, -1, -1, -1, -1, -1,
    -1, -1, -1, -1, -1, -1, -1, -1, -1, -1, -1, -1, -1, -1, -1, -1,
    -1, -1, -1, -1, -1, -1, -1, -1, -1, -1, -1, -1, -1, -1, -1, -1,
    -1, -1, -1, -1, -1, -1, -1, -1, -1, -1, -1, -1, -1, -1, -1, -1,
    -1, -1, -1, -1, -1, -1, -1, -1, -1, -1, -1, -1, -1, -1, -1, -1,
    -1, -1, -1, -1, -1, -1, -1, -1, -1, -1, -1, -1, -1, -1, -1, -1,
    -1, -1, -1, -1, -1, -1, -1, -1, -1, -1, -1, -1, -1, -1, -1, -1,
    -1, -1, -1, -1, -1, -1, -1, -1, -1, -1, -1, -1, -1, -1, -1, -1,
    -1, -1, -1, -1, -1, -1, -1, -1, -1, -1, -1, -1, -1, -1, -1, -1,
    -1, -1, -1, -1, -1, -1, -1, -1, -1, -1, -1, -1, -1, -1, -1, -1,
    -1, -1, -1, -1, -1, -1, -1, -1, -1, -1, -1, -1, -1, -1, -1, -1,
    -1, -1, -1, -1, -1, -1, -1, -1, -1, -1, -1, -1, -1, -1, -1, -1,
    -1, -1, -1, -1, -1, -1, -1, -1, -1, -1, -1, -1, -1, -1, -1, -1,
    -1, -1, -1, -1, -1, -1, -1, -1, -1, -1, -1, -1, -1, -1, -1, -1,
    -1, -1, -1, -1, -1, -1, -1, -1, -1, -1, -1, -1, -1, -1, -1, -1,
    -1, -1, -1, -1, -1, -1, -1, -1, -1, -1, -1, -1, -1, -1, -1, -1,
    -1, -1, -1, -1, -1, -1, -1, -1, -1, -1, -1, -1, -1, -1, -1, -1,
    -1, -1, -1, -1, -1, -1, -1, -1, -1, -1, -1, -1, -1, -1, -1, -1,
    -1, -1, -1, -1, -1, -1, -1, -1, -1, -1, -1, -1, -1, -1, -1, -1,
    -1, -1, -1, -1, -1, -1, -1, -1, -1, -1, -1, -1, -1, -1, -1, -1,
    -1, -1, -1, -1, -1, -1, -1, -1, -1, -1, -1, -1, -1, -1, -1, -1,
    -1, -1, -1, -1, -1, -1, -1, -1, -1, -1, -1, -1, -1, -1, -1, -1,
    -1, -1, -1, -1, -1, -1, -1, -1, -1, -1, -1, -1, -1, -1, -1, -1,
    -1, -1, -1, -1, -1, -1, -1, -1, -1, -1, -1, -1, -1, -1, -1, -1,
    -1, -1, -1, -1, -1, -1, -1, -1, -1, -1, -1, -1, -1, -1, -1, -1,
    -1, -1, -1, -1, -1, -1, -1, -1, -1, -1, -1, -1, -1, -1, -1, -1,
    -1, -1, -1, -1, -1, -1, -1, -1, -1, -1, -1, -1, -1, -1, -1, -1,
    -1, -1, -1, -1, -1, -1, -1, -1, -1, -1, -1, -1, -1, -1, -1, -1,
    -1, -1, -1, -1, -1, -1, -1, -1, -1, -1, -1, -1, -1, -1, -1, -1,
    -1, -1, -1, -1, -1, -1, -1, -1, -1, -1, -1, -1, -1, -1, -1, -1,
    -1, -1, -1, -1, -1, -1, -1, -1, -1, -1, -1, -1, -1, -1, -1, -1,
    -1, -1, -1, -1, -1, -1, -1, -1, -1, -1, -1, -1, -1, -1, -1, -1,
    -1, -1, -1, -1, -1, -1, -1, -1, -1, -1, -1, -1, -1, -1, -1, -1,
    -1, -1, -1, -1, -1, -1, -1, -1, -1, -1, -1, -1, -1, -1, -1, -1,
    -1, -1, -1, -1, -1, -1, -1, -1, -1, -1, -1, -1, -1, -1, -1, -1,
    -1, -1, -1, -1, -1, -1, -1, -1, -1, -1, -1, -1, -1, -1, -1, -1,
    -1, -1, -1, -1, -1, -1, -1, -1, -1, -1, -1, -1, -1, -1, -1, -1,
    -1, -1, -1, -1, -1, -1, -1, -1, -1, -1, -1, -1, -1, -1, -1, -1,
    -1, -1, -1, -1, -1, -1, -1, -1, -1, -1, -1, -1, -1, -1, -1, -1,
    -1, -1, -1, -1, -1, -1, -1, -1, -1, -1, -1, -1, -1, -1, -1, -1,
    -1, -1, -1, -1, -1, -1, -1, -1, -1, -1, -1, -1, -1, -1, -1, -1,
    -1, -1, -1, -1, -1, -1, -1, -1, -1, -1, -1, -1, -1, -1, -1, -1,
    -1, -1, -1, -1, -1, -1, -1, -1, -1, -1, -1, -1, -1, -1, -1, -1,
    -1, -1, -1, -1, -1, -1, -1, -1, -1, -1, -1, -1, -1, -1, -1, -1,
    -1, -1, -1, -1, -1, -1, -1, -1, -1, -1, -1, -1, -1, -1, -1, -1,
    -1, -1, -1, -1, -1, -1, -1, -1, -1, -1, -1, -1, -1, -1, -1, -1,
    -1, -1, -1, -1, -1, -1, -1, -1, -1, -1, -1, -1, -1, -1, -1, -1,
    -1, -1, -1, -1, -1, -1, -1, -1, -1, -1, -1, -1, -1, -1, -1, -1,
    -1, -1, -1, -1, -1, -1, -1, -1, -1, -1, -1, -1, -1, -1, -1, -1,
    -1, -1, -1, -1, -1, -1, -1, -1, -1, -1, -1, -1, -1, -1, -1, -1,
    -1, -1, -1, -1, -1, -1, -1, -1, -1, -1, -1, -1, -1, -1, -1, -1,
    -1, -1, -1, -1, -1, -1, -1, -1, -1, -1, -1, -1, -1, -1, -1, -1,
    -1, -1, -1, -1, -1, -1, -1, -1, -1, -1, -1, -1, -1, -1, -1, -1,
    -1, -1, -1, -1, -1, -1, -1, -1, -1, -1, -1, -1, -1, -1, -1, -1,
    -1, -1, -1, -1, -1, -1, -1, -1, -1, -1, -1, -1, -1, -1, -1, -1,
    -1, -1, -1, -1, -1, -1, -1, -1, -1, -1, -1, -1, -1, -1, -1, -1,
    -1, -1, -1, -1, -1, -1, -1, -1, -1, -1, -1, -1, -1, -1, -1, -1,
    -1, -1, -1, -1, -1, -1, -1, -1, -1, -1, -1, -1, -1, -1, -1, -1,
    -1, -1, -1, -1, -1, -1, -1, -1, -1, -1, -1, -1, -1, -1, -1, -1,
    -1, -1, -1, -1, -1, -1, -1, -1, -1, -1, -1, -1, -1, -1, -1, -1,
    -1, -1, -1, -1, -1, -1, -1, -1, -1, -1, -1, -1, -1, -1, -1, -1,
    -1, -1, -1, -1, -1, -1, -1, -1, -1, -1, -1, -1, -1, -1, -1, -1,
    -1, -1, -1, -1, -1, -1, -1, -1, -1, -1, -1, -1, -1, -1, -1, -1,
    -1, -1, -1, -1, -1, -1, -1, -1, -1, -1, -1, -1, -1, -1, -1, -1,
    -1, -1, -1, -1, -1, -1, -1, -1, -1, -1, -1, -1, -1, -1, -1, -1,
    -1, -1, -1, -1, -1, -1, -1, -1, -1, -1, -1, -1, -1, -1, -1, -1,
    -1, -1, -1, -1, -1, -1, -1, -1, -1, -1, -1, -1, -1, -1, -1, -1,
    -1, -1, -1, -1, -1, -1, -1, -1, -1, -1, -1, -1, -1, -1, -1, -1,
    -1, -1, -1, -1, -1, -1, -1, -1, -1, -1, -1, -1, -1, -1, -1, -1,
    -1, -1, -1, -1, -1, -1, -1, -1, -1, -1, -1, -1, -1, -1, -1, -1,
    -1, -1, -1, -1, -1, -1, -1, -1, -1, -1, -1, -1, -1, -1, -1, -1,
    -1, -1, -1, -1, -1, -1, -1, -1, -1, -1, -1, -1, -1, -1, -1, -1,
    -1, -1, -1, -1, -1, -1, -1, -1, -1, -1, -1, -1, -1, -1, -1, -1,
    -1, -1, -1, -1, -1, -1, -1, -1, -1, -1, -1, -1, -1, -1, -1, -1,
    -1, -1, -1, -1, -1, -1, -1, -1, -1, -1, -1, -1, -1, -1, -1, -1,
    -1, -1, -1, -1, -1, -1, -1, -1, -1, -1, -1, -1, -1, -1, -1, -1,
    -1, -1, -1, -1, -1, -1, -1, -1, -1, -1, -1, -1, -1, -1, -1, -1,
    -1, -1, -1, -1, -1, -1, -1, -1, -1, -1, -1, -1, -1, -1, -1, -1,
    -1, -1, -1, -1, -1, -1, -1, -1, -1, -1, -1, -1, -1, -1, -1, -1,
    -1, -1, -1, -1, -1, -1, -1, -1, -1, -1, -1, -1, -1, -1, -1, -1,
    -1, -1, -1, -1, -1, -1, -1, -1, -1, -1, -1, -1, -1, -1, -1, -1,
    -1, -1, -1, -1, -1, -1, -1, -1, -1, -1, -1, -1, -1, -1, -1, -1,
    -1, -1, -1, -1, -1, -1, -1, -1, -1, -1, -1, -1, -1, -1, -1, -1,
    -1, -1, -1, -1, -1, -1, -1, -1, -1, -1, -1, -1, -1, -1, -1, -1,
    -1, -1, -1, -1, -1, -1, -1, -1, -1, -1, -1, -1, -1, -1, -1, -1,
    -1, -1, -1, -1, -1, -1, -1, -1, -1, -1, -1, -1, -1, -1, -1, -1,
    -1, -1, -1, -1, -1, -1, -1, -1, -1, -1, -1, -1, -1, -1, -1, -1,
    -1, -1, -1, -1, -1, -1, -1, -1, -1, -1, -1, -1, -1, -1, -1, -1,
    -1, -1, -1, -1, -1, -1, -1, -1, -1, -1, -1, -1, -1, -1, -1, -1,
    -1, -1, -1, -1, -1, -1, -1, -1, -1, -1, -1, -1, -1, -1, -1, -1,
    -1, -1, -1, -1, -1, -1, -1, -1, -1, -1, -1, -1, -1, -1, -1, -1,
    -1, -1, -1, -1, -1, -1, -1, -1, -1, -1, -1, -1, -1, -1, -1, -1,
    -1, -1, -1, -1, -1, -1, -1, -1, -1, -1, -1, -1, -1, -1, -1, -1,
    -1, -1, -1, -1, -1, -1, -1, -1, -1, -1, -1, -1, -1, -1, -1, -1,
    -1, -1, -1, -1, -1, -1, -1, -1, -1, -1, -1, -1, -1, -1, -1, -1,
    -1, -1, -1, -1, -1, -1, -1, -1, -1, -1, -1, -1, -1, -1, -1, -1,
    -1, -1, -1, -1, -1, -1, -1, -1, -1, -1, -1, -1, -1, -1, -1, -1,
    -1, -1, -1, -1, -1, -1, -1, -1, -1, -1, -1, -1, -1, -1, -1, -1,
    -1, -1, -1, -1, -1, -1, -1, -1, -1, -1, -1, -1, -1, -1, -1, -1,
    -1, -1, -1, -1, -1, -1, -1, -1, -1, -1, -1, -1, -1, -1, -1, -1,
    -1, -1, -1, -1, -1, -1, -1, -1, -1, -1, -1, -1, -1, -1, -1, -1,
    -1, -1, -1, -1, -1, -1, -1, -1, -1, -1, -1, -1, -1, -1, -1, -1,
    -1, -1, -1, -1, -1, -1, -1, -1, -1, -1, -1, -1, -1, -1, -1, -1,
    -1, -1, -1, -1, -1, -1, -1, -1, -1, -1, -1, -1, -1, -1, -1, -1,
    -1, -1, -1, -1, -1, -1, -1, -1, -1, -1, -1, -1, -1, -1, -1, -1,
    -1, -1, -1, -1, -1, -1, -1, -1, -1, -1, -1, -1, -1, -1, -1, -1,
    -1, -1, -1, -1, -1, -1, -1, -1, -1, -1, -1, -1, -1, -1, -1, -1,
    -1, -1, -1, -1, -1, -1, -1, -1, -1, -1, -1, -1, -1, -1, -1, -1,
    -1, -1, -1, -1, -1, -1, -1, -1, -1, -1, -1, -1, -1, -1, -1, -1,
    -1, -1, -1, -1, -1, -1, -1, -1, -1, -1, -1, -1, -1, -1, -1, -1,
    -1, -1, -1, -1, -1, -1, -1, -1, -1, -1, -1, -1, -1, -1, -1, -1,
    -1, -1, -1, -1, -1, -1, -1, -1, -1, -1, -1, -1, -1, -1, -1, -1,
    -1, -1, -1, -1, -1, -1, -1, -1, -1, -1, -1, -1, -1, -1, -1, -1,
    -1, -1, -1, -1, -1, -1, -1, -1, -1, -1, -1, -1, -1, -1, -1, -1,
    -1, -1, -1, -1, -1, -1, -1, -1, -1, -1, -1, -1, -1, -1, -1, -1,
    -1, -1, -1, -1, -1, -1, -1, -1, -1, -1, -1, -1, -1, -1, -1, -1,
    -1, -1, -1, -1, -1, -1, -1, -1, -1, -1, -1, -1, -1, -1, -1, -1,
    -1, -1, -1, -1, -1, -1, -1, -1, -1, -1, -1, -1, -1, -1, -1, -1,
    -1, -1, -1, -1, -1, -1, -1, -1, -1, -1, -1, -1, -1, -1, -1, -1,
    -1, -1, -1, -1, -1, -1, -1, -1, -1, -1, -1, -1, -1, -1, -1, -1,
    -1, -1, -1, -1, -1, -1, -1, -1, -1, -1, -1, -1, -1, -1, -1, -1,
    -1, -1, -1, -1, -1, -1, -1, -1, -1, -1, -1, -1, -1, -1, -1, -1,
    -1, -1, -1, -1, -1, -1, -1, -1, -1, -1, -1, -1, -1, -1, -1, -1,
    -1, -1, -1, -1, -1, -1, -1, -1, -1, -1, -1, -1, -1, -1, -1, -1,
    -1, -1, -1, -1, -1, -1, -1, -1, -1, -1, -1, -1, -1, -1, -1, -1,
    -1, -1, -1, -1, -1, -1, -1, -1, -1, -1, -1, -1, -1, -1, -1, -1,
    -1, -1, -1, -1, -1, -1, -1, -1, -1, -1, -1, -1, -1, -1, -1, -1,
    -1, -1, -1, -1, -1, -1, -1, -1, -1, -1, -1, -1, -1, -1, -1, -1,
    -1, -1, -1, -1, -1, -1, -1, -1, -1, -1, -1, -1, -1, -1, -1, -1,
    -1, -1, -1, -1, -1, -1, -1, -1, -1, -1, -1, -1, -1, -1, -1, -1,
    -1, -1, -1, -1, -1, -1, -1, -1, -1, -1, -1, -1, -1, -1, -1, -1,
    -1, -1, -1, -1, -1, -1, -1, -1, -1, -1, -1, -1, -1, -1, -1, -1,
    -1, -1, -1, -1, -1, -1, -1, -1, -1, -1, -1, -1, -1, -1, -1, -1,
    -1, -1, -1, -1, -1, -1, -1, -1, -1, -1, -1, -1, -1, -1, -1, -1,
    -1, -1, -1, -1, -1, -1, -1, -1, -1, -1, -1, -1, -1, -1, -1, -1,
    -1, -1, -1, -1, -1, -1, -1, -1, -1, -1, -1, -1, -1, -1, -1, -1,
    -1, -1, -1, -1, -1, -1, -1, -1, -1, -1, -1, -1, -1, -1, -1, -1,
    -1, -1, -1, -1, -1, -1, -1, -1, -1, -1, -1, -1, -1, -1, -1, -1,
    -1, -1, -1, -1, -1, -1, -1, -1, -1, -1, -1, -1, -1, -1, -1, -1,
    -1, -1, -1, -1, -1, -1, -1, -1, -1, -1, -1, -1, -1, -1, -1, -1,
    -1, -1, -1, -1, -1, -1, -1, -1, -1, -1, -1, -1, -1, -1, -1, -1,
    -1, -1, -1, -1, -1, -1, -1, -1, -1, -1, -1, -1, -1, -1, -1, -1,
    -1, -1, -1, -1, -1, -1, -1, -1, -1, -1, -1, -1, -1, -1, -1, -1,
    -1, -1, -1, -1, -1, -1, -1, -1, -1, -1, -1, -1, -1, -1, -1, -1,
    -1, -1, -1, -1, -1, -1, -1, -1, -1, -1, -1, -1, -1, -1, -1, -1,
    -1, -1, -1, -1, -1, -1, -1, -1, -1, -1, -1, -1, -1, -1, -1, -1,
    -1, -1, -1, -1, -1, -1, -1, -1, -1, -1, -1, -1, -1, -1, -1, -1,
    -1, -1, -1, -1, -1, -1, -1, -1, -1, -1, -1, -1, -1, -1, -1, -1,
    -1, -1, -1, -1, -1, -1, -1, -1, -1, -1, -1, -1, -1, -1, -1, -1,
    -1, -1, -1, -1, -1, -1, -1, -1, -1, -1, -1, -1, -1, -1, -1, -1,
    -1, -1, -1, -1, -1, -1, -1, -1, -1, -1, -1, -1, -1, -1, -1, -1,
    -1, -1, -1, -1, -1, -1, -1, -1, -1, -1, -1, -1, -1, -1, -1, -1,
    -1, -1, -1, -1, -1, -1, -1, -1, -1, -1, -1, -1, -1, -1, -1, -1,
    -1, -1, -1, -1, -1, -1, -1, -1, -1, -1, -1, -1, -1, -1, -1, -1,
    -1, -1, -1, -1, -1, -1, -1, -1, -1, -1, -1, -1, -1, -1, -1, -1,
    -1, -1, -1, -1, -1, -1, -1, -1, -1, -1, -1, -1, -1, -1, -1, -1,
    -1, -1, -1, -1, -1, -1, -1, -1, -1, -1, -1, -1, -1, -1, -1, -1,
    -1, -1, -1, -1, -1, -1, -1, -1, -1, -1, -1, -1, -1, -1, -1, -1,
    -1, -1, -1, -1, -1, -1, -1, -1, -1, -1, -1, -1, -1, -1, -1, -1,
    -1, -1, -1, -1, -1, -1, -1, -1, -1, -1, -1, -1, -1, -1, -1, -1,
    -1, -1, -1, -1, -1, -1, -1, -1, -1, -1, -1, -1, -1, -1, -1, -1,
    -1, -1, -1, -1, -1, -1, -1, -1, -1, -1, -1, -1, -1, -1, -1, -1,
    -1, -1, -1, -1, -1, -1, -1, -1, -1, -1, -1, -1, -1, -1, -1, -1,
    -1, -1, -1, -1, -1, -1, -1, -1, -1, -1, -1, -1, -1, -1, -1, -1,
    -1, -1, -1, -1, -1, -1, -1, -1, -1, -1, -1, -1, -1, -1, -1, -1,
    -1, -1, -1, -1, -1, -1, -1, -1, -1, -1, -1, -1, -1, -1, -1, -1,
    -1, -1, -1, -1, -1, -1, -1, -1, -1, -1, -1, -1, -1, -1, -1, -1,
    -1, -1, -1, -1, -1, -1, -1, -1, -1, -1, -1, -1, -1, -1, -1, -1,
    -1, -1, -1, -1, -1, -1, -1, -1, -1, -1, -1, -1, -1, -1, -1, -1,
    -1, -1, -1, -1, -1, -1, -1, -1, -1, -1, -1, -1, -1, -1, -1, -1,
    -1, -1, -1, -1, -1, -1, -1, -1, -1, -1, -1, -1, -1, -1, -1, -1,
    -1, -1, -1, -1, -1, -1, -1, -1, -1, -1, -1, -1, -1, -1, -1, -1,
    -1, -1, -1, -1, -1, -1, -1, -1, -1, -1, -1, -1, -1, -1, -1, -1,
    -1, -1, -1, -1, -1, -1, -1, -1, -1, -1, -1, -1, -1, -1, -1, -1,
    -1, -1, -1, -1, -1, -1, -1, -1, -1, -1, -1, -1, -1, -1, -1, -1,
    -1, -1, -1, -1, -1, -1, -1, -1, -1, -1, -1, -1, -1, -1, -1, -1,
    -1, -1, -1, -1, -1, -1, -1, -1, -1, -1, -1, -1, -1, -1, -1, -1,
    -1, -1, -1, -1, -1, -1, -1, -1, -1, -1, -1, -1, -1, -1, -1, -1,
    -1, -1, -1, -1, -1, -1, -1, -1, -1, -1, -1, -1, -1, -1, -1, -1,
    -1, -1, -1, -1, -1, -1, -1, -1, -1, -1, -1, -1, -1, -1, -1, -1,
    -1, -1, -1, -1, -1, -1, -1, -1, -1, -1, -1, -1, -1, -1, -1, -1,
    -1, -1, -1, -1, -1, -1, -1, -1, -1, -1, -1, -1, -1, -1, -1, -1,
    -1, -1, -1, -1, -1, -1, -1, -1, -1, -1, -1, -1, -1, -1, -1, -1,
    -1, -1, -1, -1, -1, -1, -1, -1, -1, -1, -1, -1, -1, -1, -1, -1,
    -1, -1, -1, -1, -1, -1, -1, -1, -1, -1, -1, -1, -1, -1, -1, -1,
    -1, -1, -1, -1, -1, -1, -1, -1, -1, -1, -1, -1, -1, -1, -1, -1,
    -1, -1, -1, -1, -1, -1, -1, -1, -1, -1, -1, -1, -1, -1, -1, -1,
    -1, -1, -1, -1, -1, -1, -1, -1, -1, -1, -1, -1, -1, -1, -1, -1,
    -1, -1, -1, -1, -1, -1, -1, -1, -1, -1, -1, -1, -1, -1, -1, -1,
    -1, -1, -1, -1, -1, -1, -1, -1, -1, -1, -1, -1, -1, -1, -1, -1,
    -1, -1, -1, -1, -1, -1, -1, -1, -1, -1, -1, -1, -1, -1, -1, -1,
    -1, -1, -1, -1, -1, -1, -1, -1, -1, -1, -1, -1, -1, -1, -1, -1,
    -1, -1, -1, -1, -1, -1, -1, -1, -1, -1, -1, -1, -1, -1, -1, -1,
    -1, -1, -1, -1, -1, -1, -1, -1, -1, -1, -1, -1, -1, -1, -1, -1,
    -1, -1, -1, -1, -1, -1, -1, -1, -1, -1, -1, -1, -1, -1, -1, -1,
    -1, -1, -1, -1, -1, -1, -1, -1, -1, -1, -1, -1, -1, -1, -1, -1,
    -1, -1, -1, -1, -1, -1, -1, -1, -1, -1, -1, -1, -1, -1, -1, -1,
    -1, -1, -1, -1, -1, -1, -1, -1, -1, -1, -1, -1, -1, -1, -1, -1,
    -1, -1, -1, -1, -1, -1, -1, -1, -1, -1, -1, -1, -1, -1, -1, -1,
    -1, -1, -1, -1, -1, -1, -1, -1, -1, -1, -1, -1, -1, -1, -1, -1,
    -1, -1, -1, -1, -1, -1, -1, -1, -1, -1, -1, -1, -1, -1, -1, -1,
    -1, -1, -1, -1, -1, -1, -1, -1, -1, -1, -1, -1, -1, -1, -1, -1,
    -1, -1, -1, -1, -1, -1, -1, -1, -1, -1, -1, -1, -1, -1, -1, -1,
    -1, -1, -1, -1, -1, -1, -1, -1, -1, -1, -1, -1, -1, -1, -1, -1,
    -1, -1, -1, -1, -1, -1, -1, -1, -1, -1, -1, -1, -1, -1, -1, -1,
    -1, -1, -1, -1, -1, -1, -1, -1, -1, -1, -1, -1, -1, -1, -1, -1,
    -1, -1, -1, -1, -1, -1, -1, -1, -1, -1, -1, -1, -1, -1, -1, -1,
    -1, -1, -1, -1, -1, -1, -1, -1, -1, -1, -1, -1, -1, -1, -1, -1,
    -1, -1, -1, -1, -1, -1, -1, -1, -1, -1, -1, -1, -1, -1, -1, -1,
    -1, -1, -1, -1, -1, -1, -1, -1, -1, -1, -1, -1, -1, -1, -1, -1,
    -1, -1, -1, -1, -1, -1, -1, -1, -1, -1, -1, -1, -1, -1, -1, -1,
    -1, -1, -1, -1, -1, -1, -1, -1, -1, -1, -1, -1, -1, -1, -1, -1,
    -1, -1, -1, -1, -1, -1, -1, -1, -1, -1, -1, -1, -1, -1, -1, -1,
    -1, -1, -1, -1, -1, -1, -1, -1, -1, -1, -1, -1, -1, -1, -1, -1,
    -1, -1, -1, -1, -1, -1, -1, -1, -1, -1, -1, -1, -1, -1, -1, -1,
    -1, -1, -1, -1, -1, -1, -1, -1, -1, -1, -1, -1, -1, -1, -1, -1,
    -1, -1, -1, -1, -1, -1, -1, -1, -1, -1, -1, -1, -1, -1, -1, -1,
    -1, -1, -1, -1, -1, -1, -1, -1, -1, -1, -1, -1, -1, -1, -1, -1,
    -1, -1, -1, -1, -1, -1, -1, -1, -1, -1, -1, -1, -1, -1, -1, -1,
    -1, -1, -1, -1, -1, -1, -1, -1, -1, -1, -1, -1, -1, -1, -1, -1,
    -1, -1, -1, -1, -1, -1, -1, -1, -1, -1, -1, -1, -1, -1, -1, -1,
    -1, -1, -1, -1, -1, -1, -1, -1, -1, -1, -1, -1, -1, -1, -1, -1,
    -1, -1, -1, -1, -1, -1, -1, -1, -1, -1, -1, -1, -1, -1, -1, -1,
    -1, -1, -1, -1, -1, -1, -1, -1, -1, -1, -1, -1, -1, -1, -1, -1,
    -1, -1, -1, -1, -1, -1, -1, -1, -1, -1, -1, -1, -1, -1, -1, -1,
    -1, -1, -1, -1, -1, -1, -1, -1, -1, -1, -1, -1, -1, -1, -1, -1,
    -1, -1, -1, -1, -1, -1, -1, -1, -1, -1, -1, -1, -1, -1, -1, -1,
    -1, -1, -1, -1, -1, -1, -1, -1, -1, -1, -1, -1, -1, -1, -1, -1,
    -1, -1, -1, -1, -1, -1, -1, -1, -1, -1, -1, -1, -1, -1, -1, -1,
    -1, -1, -1, -1, -1, -1, -1, -1, -1, -1, -1, -1, -1, -1, -1, -1,
    -1, -1, -1, -1, -1, -1, -1, -1, -1, -1, -1, -1, -1, -1, -1, -1,
    -1, -1, -1, -1, -1, -1, -1, -1, -1, -1, -1, -1, -1, -1, -1, -1,
    -1, -1, -1, -1, -1, -1, -1, -1, -1, -1, -1, -1, -1, -1, -1, -1,
    -1, -1, -1, -1, -1, -1, -1, -1, -1, -1, -1, -1, -1, -1, -1, -1,
    -1, -1, -1, -1, -1, -1, -1, -1, -1, -1, -1, -1, -1, -1, -1, -1,
    -1, -1, -1, -1, -1, -1, -1, -1, -1, -1, -1, -1, -1, -1, -1, -1,
    -1, -1, -1, -1, -1, -1, -1, -1, -1, -1, -1, -1, -1, -1, -1, -1,
    -1, -1, -1, -1, -1, -1, -1, -1, -1, -1, -1, -1, -1, -1, -1, -1,
    -1, -1, -1, -1, -1, -1, -1, -1, -1, -1, -1, -1, -1, -1, -1, -1,
    -1, -1, -1, -1, -1, -1, -1, -1, -1, -1, -1, -1, -1, -1, -1, -1,
    -1, -1, -1, -1, -1, -1, -1, -1, -1, -1, -1, -1, -1, -1, -1, -1,
    -1, -1, -1, -1, -1, -1, -1, -1, -1, -1, -1, -1, -1, -1, -1, -1,
    -1, -1, -1, -1, -1, -1, -1, -1, -1, -1, -1, -1, -1, -1, -1, -1,
    -1, -1, -1, -1, -1, -1, -1, -1, -1, -1, -1, -1, -1, -1, -1, -1,
    -1, -1, -1, -1, -1, -1, -1, -1, -1, -1, -1, -1, -1, -1, -1, -1,
    -1, -1, -1, -1, -1, -1, -1, -1, -1, -1, -1, -1, -1, -1, -1, -1,
    -1, -1, -1, -1, -1, -1, -1, -1, -1, -1, -1, -1, -1, -1, -1, -1,
    -1, -1, -1, -1, -1, -1, -1, -1, -1, -1, -1, -1, -1, -1, -1, -1,
    -1, -1, -1, -1, -1, -1, -1, -1, -1, -1, -1, -1, -1, -1, -1, -1,
    -1, -1, -1, -1, -1, -1, -1, -1, -1, -1, -1, -1, -1, -1, -1, -1,
    -1, -1, -1, -1, -1, -1, -1, -1, -1, -1, -1, -1, -1, -1, -1, -1,
    -1, -1, -1, -1, -1, -1, -1, -1, -1, -1, -1, -1, -1, -1, -1, -1,
    -1, -1, -1, -1, -1, -1, -1, -1, -1, -1, -1, -1, -1, -1, -1, -1,
    -1, -1, -1, -1, -1, -1, -1, -1, -1, -1, -1, -1, -1, -1, -1, -1,
    -1, -1, -1, -1, -1, -1, -1, -1, -1, -1, -1, -1, -1, -1, -1, -1,
    -1, -1, -1, -1, -1, -1, -1, -1, -1, -1, -1, -1, -1, -1, -1, -1,
    -1, -1, -1, -1, -1, -1, -1, -1, -1, -1, -1, -1, -1, -1, -1, -1,
    -1, -1, -1, -1, -1, -1, -1, -1, -1, -1, -1, -1, -1, -1, -1, -1,
    -1, -1, -1, -1, -1, -1, -1, -1, -1, -1, -1, -1, -1, -1, -1, -1,
    -1, -1, -1, -1, -1, -1, -1, -1, -1, -1, -1, -1, -1, -1, -1, -1,
    -1, -1, -1, -1, -1, -1, -1, -1, -1, -1, -1, -1, -1, -1, -1, -1,
    -1, -1, -1, -1, -1, -1, -1, -1, -1, -1, -1, -1, -1, -1, -1, -1,
    -1, -1, -1, -1, -1, -1, -1, -1, -1, -1, -1, -1, -1, -1, -1, -1,
    -1, -1, -1, -1, -1, -1, -1, -1, -1, -1, -1, -1, -1, -1, -1, -1,
    -1, -1, -1, -1, -1, -1, -1, -1, -1, -1, -1, -1, -1, -1, -1, -1,
    -1, -1, -1, -1, -1, -1, -1, -1, -1, -1, -1, -1, -1, -1, -1, -1,
    -1, -1, -1, -1, -1, -1, -1, -1, -1, -1, -1, -1, -1, -1, -1, -1,
    -1, -1, -1, -1, -1, -1, -1, -1, -1, -1, -1, -1, -1, -1, -1, -1,
    -1, -1, -1, -1, -1, -1, -1, -1, -1, -1, -1, -1, -1, -1, -1, -1,
    -1, -1, -1, -1, -1, -1, -1, -1, -1, -1, -1, -1, -1, -1, -1, -1,
    -1, -1, -1, -1, -1, -1, -1, -1, -1, -1, -1, -1, -1, -1, -1, -1,
    -1, -1, -1, -1, -1, -1, -1, -1, -1, -1, -1, -1, -1, -1, -1, -1,
    -1, -1, -1, -1, -1, -1, -1, -1, -1, -1, -1, -1, -1, -1, -1, -1,
    -1, -1, -1, -1, -1, -1, -1, -1, -1, -1, -1, -1, -1, -1, -1, -1,
    -1, -1, -1, -1, -1, -1, -1, -1, -1, -1, -1, -1, -1, -1, -1, -1,
    -1, -1, -1, -1, -1, -1, -1, -1, -1, -1, -1, -1, -1, -1, -1, -1,
    -1, -1, -1, -1, -1, -1, -1, -1, -1, -1, -1, -1, -1, -1, -1, -1,
    -1, -1, -1, -1, -1, -1, -1, -1, -1, -1, -1, -1, -1, -1, -1, -1,
    -1, -1, -1, -1, -1, -1, -1, -1, -1, -1, -1, -1, -1, -1, -1, -1,
    -1, -1, -1, -1, -1, -1, -1, -1, -1, -1, -1, -1, -1, -1, -1, -1,
    -1, -1, -1, -1, -1, -1, -1, -1, -1, -1, -1, -1, -1, -1, -1, -1,
    -1, -1, -1, -1, -1, -1, -1, -1, -1, -1, -1, -1, -1, -1, -1, -1,
    -1, -1, -1, -1, -1, -1, -1, -1, -1, -1, -1, -1, -1, -1, -1, -1,
    -1, -1, -1, -1, -1, -1, -1, -1, -1, -1, -1, -1, -1, -1, -1, -1,
    -1, -1, -1, -1, -1, -1, -1, -1, -1, -1, -1, -1, -1, -1, -1, -1,
    -1, -1, -1, -1, -1, -1, -1, -1, -1, -1, -1, -1, -1, -1, -1, -1,
    -1, -1, -1, -1, -1, -1, -1, -1, -1, -1, -1, -1, -1, -1, -1, -1,
    -1, -1, -1, -1, -1, -1, -1, -1, -1, -1, -1, -1, -1, -1, -1, -1,
    -1, -1, -1, -1, -1, -1, -1, -1, -1, -1, -1, -1, -1, -1, -1, -1,
    -1, -1, -1, -1, -1, -1, -1, -1, -1, -1, -1, -1, -1, -1, -1, -1,
    -1, -1, -1, -1, -1, -1, -1, -1, -1, -1, -1, -1, -1, -1, -1, -1,
    -1, -1, -1, -1, -1, -1, -1, -1, -1, -1, -1, -1, -1, -1, -1, -1,
    -1, -1, -1, -1, -1, -1, -1, -1, -1, -1, -1, -1, -1, -1, -1, -1,
    -1, -1, -1, -1, -1, -1, -1, -1, -1, -1, -1, -1, -1, -1, -1, -1,
    -1, -1, -1, -1, -1, -1, -1, -1, -1, -1, -1, -1, -1, -1, -1, -1,
    -1, -1, -1, -1, -1, -1, -1, -1, -1, -1, -1, -1, -1, -1, -1, -1,
    -1, -1, -1, -1, -1, -1, -1, -1, -1, -1, -1, -1, -1, -1, -1, -1,
    -1, -1, -1, -1, -1, -1, -1, -1, -1, -1, -1, -1, -1, -1, -1, -1,
    -1, -1, -1, -1, -1, -1, -1, -1, -1, -1, -1, -1, -1, -1, -1, -1,
    -1, -1, -1, -1, -1, -1, -1, -1, -1, -1, -1, -1, -1, -1, -1, -1,
    -1, -1, -1, -1, -1, -1, -1, -1, -1, -1, -1, -1, -1, -1, -1, -1,
    -1, -1, -1, -1, -1, -1, -1, -1, -1, -1, -1, -1, -1, -1, -1, -1,
    -1, -1, -1, -1, -1, -1, -1, -1, -1, -1, -1, -1, -1, -1, -1, -1,
    -1, -1, -1, -1, -1, -1, -1, -1, -1, -1, -1, -1, -1, -1, -1, -1,
    -1, -1, -1, -1, -1, -1, -1, -1, -1, -1, -1, -1, -1, -1, -1, -1,
    -1, -1, -1, -1, -1, -1, -1, -1, -1, -1, -1, -1, -1, -1, -1, -1,
    -1, -1, -1, -1, -1, -1, -1, -1, -1, -1, -1, -1, -1, -1, -1, -1,
    -1, -1, -1, -1, -1, -1, -1, -1, -1, -1, -1, -1, -1, -1, -1, -1,
    -1, -1, -1, -1, -1, -1, -1, -1, -1, -1, -1, -1, -1, -1, -1, -1,
    -1, -1, -1, -1, -1, -1, -1, -1, -1, -1, -1, -1, -1, -1, -1, -1,
    -1, -1, -1, -1, -1, -1, -1, -1, -1, -1, -1, -1, -1, -1, -1, -1,
    -1, -1, -1, -1, -1, -1, -1, -1, -1, -1, -1, -1, -1, -1, -1, -1,
    -1, -1, -1, -1, -1, -1, -1, -1, -1, -1, -1, -1, -1, -1, -1, -1,
    -1, -1, -1, -1, -1, -1, -1, -1, -1, -1, -1, -1, -1, -1, -1, -1,
    -1, -1, -1, -1, -1, -1, -1, -1, -1, -1, -1, -1, -1, -1, -1, -1,
    -1, -1, -1, -1, -1, -1, -1, -1, -1, -1, -1, -1, -1, -1, -1, -1,
    -1, -1, -1, -1, -1, -1, -1, -1, -1, -1, -1, -1, -1, -1, -1, -1,
    -1, -1, -1, -1, -1, -1, -1, -1, -1, -1, -1, -1, -1, -1, -1, -1,
    -1, -1, -1, -1, -1, -1, -1, -1, -1, -1, -1, -1, -1, -1, -1, -1,
    -1, -1, -1, -1, -1, -1, -1, -1, -1, -1, -1, -1, -1, -1, -1, -1,
    -1, -1, -1, -1, -1, -1, -1, -1, -1, -1, -1, -1, -1, -1, -1, -1,
    -1, -1, -1, -1, -1, -1, -1, -1, -1, -1, -1, -1, -1, -1, -1, -1,
    -1, -1, -1, -1, -1, -1, -1, -1, -1, -1, -1, -1, -1, -1, -1, -1,
    -1, -1, -1, -1, -1, -1, -1, -1, -1, -1, -1, -1, -1, -1, -1, -1,
    -1, -1, -1, -1, -1, -1, -1, -1, -1, -1, -1, -1, -1, -1, -1, -1,
    -1, -1, -1, -1, -1, -1, -1, -1, -1, -1, -1, -1, -1, -1, -1, -1,
    -1, -1, -1, -1, -1, -1, -1, -1, -1, -1, -1, -1, -1, -1, -1, -1,
    -1, -1, -1, -1, -1, -1, -1, -1, -1, -1, -1, -1, -1, -1, -1, -1,
    -1, -1, -1, -1, -1, -1, -1, -1, -1, -1, -1, -1, -1, -1, -1, -1,
    -1, -1, -1, -1, -1, -1, -1, -1, -1, -1, -1, -1, -1, -1, -1, -1,
    -1, -1, -1, -1, -1, -1, -1, -1, -1, -1, -1, -1, -1, -1, -1, -1,
    -1, -1, -1, -1, -1, -1, -1, -1, -1, -1, -1, -1, -1, -1, -1, -1,
    -1, -1, -1, -1, -1, -1, -1, -1, -1, -1, -1, -1, -1, -1, -1, -1,
    -1, -1, -1, -1, -1, -1, -1, -1, -1, -1, -1, -1, -1, -1, -1, -1,
    -1, -1, -1, -1, -1, -1, -1, -1, -1, -1, -1, -1, -1, -1, -1, -1,
    -1, -1, -1, -1, -1, -1, -1, -1, -1, -1, -1, -1, -1, -1, -1, -1,
    -1, -1, -1, -1, -1, -1, -1, -1, -1, -1, -1, -1, -1, -1, -1, -1,
    -1, -1, -1, -1, -1, -1, -1, -1, -1, -1, -1, -1, -1, -1, -1, -1,
    -1, -1, -1, -1, -1, -1, -1, -1, -1, -1, -1, -1, -1, -1, -1, -1,
    -1, -1, -1, -1, -1, -1, -1, -1, -1, -1, -1, -1, -1, -1, -1, -1,
    -1, -1, -1, -1, -1, -1, -1, -1, -1, -1, -1, -1, -1, -1, -1, -1,
    -1, -1, -1, -1, -1, -1, -1, -1, -1, -1, -1, -1, -1, -1, -1, -1,
    -1, -1, -1, -1, -1, -1, -1, -1, -1, -1, -1, -1, -1, -1, -1, -1,
    -1, -1, -1, -1, -1, -1, -1, -1, -1, -1, -1, -1, -1, -1, -1, -1,
    -1, -1, -1, -1, -1, -1, -1, -1, -1, -1, -1, -1, -1, -1, -1, -1,
    -1, -1, -1, -1, -1, -1, -1, -1, -1, -1, -1, -1, -1, -1, -1, -1,
    -1, -1, -1, -1, -1, -1, -1, -1, -1, -1, -1, -1, -1, -1, -1, -1,
    -1, -1, -1, -1, -1, -1, -1, -1, -1, -1, -1, -1, -1, -1, -1, -1,
    -1, -1, -1, -1, -1, -1, -1, -1, -1, -1, -1, -1, -1, -1, -1, -1,
    -1, -1, -1, -1, -1, -1, -1, -1, -1, -1, -1, -1, -1, -1, -1, -1,
    -1, -1, -1, -1, -1, -1, -1, -1, -1, -1, -1, -1, -1, -1, -1, -1,
    -1, -1, -1, -1, -1, -1, -1, -1, -1, -1, -1, -1, -1, -1, -1, -1,
    -1, -1, -1, -1, -1, -1, -1, -1, -1, -1, -1, -1, -1, -1, -1, -1,
    -1, -1, -1, -1, -1, -1, -1, -1, -1, -1, -1, -1, -1, -1, -1, -1,
    -1, -1, -1, -1, -1, -1, -1, -1, -1, -1, -1, -1, -1, -1, -1, -1,
    -1, -1, -1, -1, -1, -1, -1, -1, -1, -1, -1, -1, -1, -1, -1, -1,
    -1, -1, -1, -1, -1, -1, -1, -1, -1, -1, -1, -1, -1, -1, -1, -1,
    -1, -1, -1, -1, -1, -1, -1, -1, -1, -1, -1, -1, -1, -1, -1, -1,
    -1, -1, -1, -1, -1, -1, -1, -1, -1, -1, -1, -1, -1, -1, -1, -1,
    -1, -1, -1, -1, -1, -1, -1, -1, -1, -1, -1, -1, -1, -1, -1, -1,
    -1, -1, -1, -1, -1, -1, -1, -1, -1, -1, -1, -1, -1, -1, -1, -1,
    -1, -1, -1, -1, -1, -1, -1, -1, -1, -1, -1, -1, -1, -1, -1, -1,
    -1, -1, -1, -1, -1, -1, -1, -1, -1, -1, -1, -1, -1, -1, -1, -1,
    -1, -1, -1, -1, -1, -1, -1, -1, -1, -1, -1, -1, -1, -1, -1, -1,
    -1, -1, -1, -1, -1, -1, -1, -1, -1, -1, -1, -1, -1, -1, -1, -1,
    -1, -1, -1, -1, -1, -1, -1, -1, -1, -1, -1, -1, -1, -1, -1, -1,
    -1, -1, -1, -1, -1, -1, -1, -1, -1, -1, -1, -1, -1, -1, -1, -1,
    -1, -1, -1, -1, -1, -1, -1, -1, -1, -1, -1, -1, -1, -1, -1, -1,
    -1, -1, -1, -1, -1, -1, -1, -1, -1, -1, -1, -1, -1, -1, -1, -1,
    -1, -1, -1, -1, -1, -1, -1, -1, -1, -1, -1, -1, -1, -1, -1, -1,
    -1, -1, -1, -1, -1, -1, -1, -1, -1, -1, -1, -1, -1, -1, -1, -1,
    -1, -1, -1, -1, -1, -1, -1, -1, -1, -1, -1, -1, -1, -1, -1, -1,
    -1, -1, -1, -1, -1, -1, -1, -1, -1, -1, -1, -1, -1, -1, -1, -1,
    -1, -1, -1, -1, -1, -1, -1, -1, -1, -1, -1, -1, -1, -1, -1, -1,
    -1, -1, -1, -1, -1, -1, -1, -1, -1, -1, -1, -1, -1, -1, -1, -1,
    -1, -1, -1, -1, -1, -1, -1, -1, -1, -1, -1, -1, -1, -1, -1, -1,
    -1, -1, -1, -1, -1, -1, -1, -1, -1, -1, -1, -1, -1, -1, -1, -1,
    -1, -1, -1, -1, -1, -1, -1, -1, -1, -1, -1, -1, -1, -1, -1, -1,
    -1, -1, -1, -1, -1, -1, -1, -1, -1, -1, -1, -1, -1, -1, -1, -1,
    -1, -1, -1, -1, -1, -1, -1, -1, -1, -1, -1, -1, -1, -1, -1, -1,
    -1, -1, -1, -1, -1, -1, -1, -1, -1, -1, -1, -1, -1, -1, -1, -1,
    -1, -1, -1, -1, -1, -1, -1, -1, -1, -1, -1, -1, -1, -1, -1, -1,
    -1, -1, -1, -1, -1, -1, -1, -1, -1, -1, -1, -1, -1, -1, -1, -1,
    -1, -1, -1, -1, -1, -1, -1, -1, -1, -1, -1, -1, -1, -1, -1, -1,
    -1, -1, -1, -1, -1, -1, -1, -1, -1, -1, -1, -1, -1, -1, -1, -1,
    -1, -1, -1, -1, -1, -1, -1, -1, -1, -1, -1, -1, -1, -1, -1, -1,
    -1, -1, -1, -1, -1, -1, -1, -1, -1, -1, -1, -1, -1, -1, -1, -1,
    -1, -1, -1, -1, -1, -1, -1, -1, -1, -1, -1, -1, -1, -1, -1, -1,
    -1, -1, -1, -1, -1, -1, -1, -1, -1, -1, -1, -1, -1, -1, -1, -1,
    -1, -1, -1, -1, -1, -1, -1, -1, -1, -1, -1, -1, -1, -1, -1, -1,
    -1, -1, -1, -1, -1, -1, -1, -1, -1, -1, -1, -1, -1, -1, -1, -1,
    -1, -1, -1, -1, -1, -1, -1, -1, -1, -1, -1, -1, -1, -1, -1, -1,
    -1, -1, -1, -1, -1, -1, -1, -1, -1, -1, -1, -1, -1, -1, -1, -1,
    -1, -1, -1, -1, -1, -1, -1, -1, -1, -1, -1, -1, -1, -1, -1, -1,
    -1, -1, -1, -1, -1, -1, -1, -1, -1, -1, -1, -1, -1, -1, -1, -1,
    3829, 3830, 3831, 3832, 3833, 3834, 3835, 3836, 3837, 3838, 3839, 3840, 3841, 3842, 3843, 3844,
    3845, 3846, 3847, 3848, 3849, 3850, 3851, 3852, 3853, 3854, 3855, 3856, 3857, 3858, 3859, 3860,
    3861, 3862, 3863, 3864, 3865, 3866, 3867, 3868, 3869, 3870, 3871, 3872, -1, -1, -1, -1,
    3873, 3874, 3875, 3876, 3877, 3878, 3879, 3880, 3881, 3882, 3883, 3884, 3885, 3886, 3887, 3888,
    3889, 3890, 3891, 3892, 3893, 3894, 3895, 3896, 3897, 3898, 3899, 3900, 3901, 3902, 3903, 3904,
    3905, 3906, 3907, 3908, 3909, 3910, 3911, 3912, 3913, 3914, 3915, 3916, 3917, 3918, 3919, 3920,
    3921, 3922, 3923, 3924, 3925, 3926, 3927, 3928, 3929, 3930, 3931, 3932, 3933, 3934, 3935, -1,
    -1, -1, -1, -1, -1, -1, -1, -1, -1, -1, -1, -1, -1, -1, -1, -1,
    -1, -1, -1, -1, -1, -1, -1, -1, -1, -1, -1, -1, -1, -1, -1, -1,
    -1, -1, -1, -1, -1, -1, -1, -1, -1, -1, -1, -1, -1, -1, -1, -1,
    -1, -1, -1, -1, -1, -1, -1, -1, -1, -1, -1, -1, -1, -1, -1, -1,
    -1, -1, -1, -1, -1, -1, -1, -1, -1, -1, -1, -1, -1, -1, -1, -1,
    -1, -1, -1, -1, -1, -1, -1, -1, -1, -1, -1, -1, -1, -1, -1, -1,
    -1, -1, -1, -1, -1, -1, -1, -1, -1, -1, -1, -1, -1, -1, -1, -1,
    -1, -1, -1, -1, -1, -1, -1, -1, -1, -1, -1, -1, -1, -1, -1, -1,
    -1, -1, -1, -1, -1, -1, -1, -1, -1, -1, -1, -1, -1, -1, -1, -1,
    -1, -1, -1, -1, -1, -1, -1, -1, -1, -1, -1, -1, -1, -1, -1, -1,
    -1, -1, -1, -1, -1, -1, -1, -1, -1, -1, -1, -1, -1, -1, -1, -1,
    -1, -1, -1, -1, -1, -1, -1, -1, -1, -1, -1, -1, -1, -1, -1, -1,
    -1, -1, -1, -1, -1, -1, -1, -1, -1, -1, -1, -1, -1, -1, -1, -1,
    -1, -1, -1, -1, -1, -1, -1, -1, -1, -1, -1, -1, -1, -1, -1, -1,
    -1, -1, -1, -1, -1, -1, -1, -1, -1, -1, -1, -1, -1, -1, -1, -1,
    -1, -1, -1, -1, -1, -1, -1, -1, -1, -1, -1, -1, -1, -1, -1, -1,
    -1, -1, -1, -1, -1, -1, -1, -1, -1, -1, -1, -1, -1, -1, -1, -1,
    -1, -1, -1, -1, -1, -1, -1, -1, -1, -1, -1, -1, -1, -1, -1, -1,
    -1, -1, -1, -1, -1, -1, -1, -1, -1, -1, -1, -1, -1, -1, -1, -1,
    -1, -1, -1, -1, -1, -1, -1, -1, -1, -1, -1, -1, -1, -1, -1, -1,
    -1, -1, -1, -1, -1, -1, -1, -1, -1, -1, -1, -1, -1, -1, -1, -1,
    -1, -1, -1, -1, -1, -1, -1, -1, -1, -1, -1, -1, -1, -1, -1, -1,
    -1, -1, -1, -1, -1, -1, -1, -1, -1, -1, -1, -1, -1, -1, -1, -1,
    -1, -1, -1, -1, -1, -1, -1, -1, -1, -1, -1, -1, -1, -1, -1, -1,
    -1, -1, -1, -1, -1, -1, -1, -1, -1, -1, -1, -1, -1, -1, -1, -1,
    -1, -1, -1, -1, -1, -1, -1, -1, -1, -1, -1, -1, -1, -1, -1, -1,
    -1, -1, -1, -1, -1, -1, -1, -1, -1, -1, -1, -1, -1, -1, -1, -1,
    -1, -1, -1, -1, -1, -1, -1, -1, -1, -1, -1, -1, -1, -1, -1, -1,
    -1, -1, -1, -1, -1, -1, -1, -1, -1, -1, -1, -1, -1, -1, -1, -1,
    -1, -1, -1, -1, -1, -1, -1, -1, -1, -1, -1, -1, -1, -1, -1, -1,
    -1, -1, -1, -1, -1, -1, -1, -1, -1, -1, -1, -1, -1, -1, -1, -1,
    -1, -1, -1, -1, -1, -1, -1, -1, -1, -1, -1, -1, -1, -1, -1, -1,
    -1, -1, -1, -1, -1, -1, -1, -1, -1, -1, -1, -1, -1, -1, -1, -1,
    -1, -1, -1, -1, -1, -1, -1, -1, -1, -1, -1, -1, -1, -1, -1, -1,
    -1, -1, -1, -1, -1, -1, -1, -1, -1, -1, -1, -1, -1, -1, -1, -1,
    -1, -1, -1, -1, -1, -1, -1, -1, -1, -1, -1, -1, -1, -1, -1, -1,
    -1, -1, -1, -1, -1, -1, -1, -1, -1, -1, -1, -1, -1, -1, -1, -1,
    -1, -1, -1, -1, -1, -1, -1, -1, -1, -1, -1, -1, -1, -1, -1, -1,
    -1, -1, -1, -1, -1, -1, -1, -1, -1, -1, -1, -1, -1, -1, -1, -1,
    -1, -1, -1, -1, -1, -1, -1, -1, -1, -1, -1, -1, -1, -1, -1, -1,
    -1, -1, -1, -1, -1, -1, -1, -1, -1, -1, -1, -1, -1, -1, -1, -1,
    -1, -1, -1, -1, -1, -1, -1, -1, -1, -1, -1, -1, -1, -1, -1, -1,
    -1, -1, -1, -1, -1, -1, -1, -1, -1, -1, -1, -1, -1, -1, -1, -1,
    -1, -1, -1, -1, -1, -1, -1, -1, -1, -1, -1, -1, -1, -1, -1, -1,
    -1, -1, -1, -1, -1, -1, -1, -1, -1, -1, -1, -1, -1, -1, -1, -1,
    -1, -1, -1, -1, -1, -1, -1, -1, -1, -1, -1, -1, -1, -1, -1, -1,
    -1, -1, -1, -1, -1, -1, -1, -1, -1, -1, -1, -1, -1, -1, -1, -1,
    -1, -1, -1, -1, -1, -1, -1, -1, -1, -1, -1, -1, -1, -1, -1, -1,
    -1, -1, -1, -1, -1, -1, -1, -1, -1, -1, -1, -1, -1, -1, -1, -1,
    -1, -1, -1, -1, -1, -1, -1, -1, -1, -1, -1, -1, -1, -1, -1, -1,
    -1, -1, -1, -1, -1, -1, -1, -1, -1, -1, -1, -1, -1, -1, -1, -1,
    -1, -1, -1, -1, -1, -1, -1, -1, -1, -1, -1, -1, -1, -1, -1, -1,
    -1, -1, -1, -1, -1, -1, -1, -1, -1, -1, -1, -1, -1, -1, -1, -1,
    -1, -1, -1, -1, -1, -1, -1, -1, -1, -1, -1, -1, -1, -1, -1, -1,
    -1, -1, -1, -1, -1, -1, -1, -1, -1, -1, -1, -1, -1, -1, -1, -1,
    -1, -1, -1, -1, -1, -1, -1, -1, -1, -1, -1, -1, -1, -1, -1, -1,
    -1, -1, -1, -1, -1, -1, -1, -1, -1, -1, -1, -1, -1, -1, -1, -1,
    -1, -1, -1, -1, -1, -1, -1, -1, -1, -1, -1, -1, -1, -1, -1, -1,
    -1, -1, -1, -1, -1, -1, -1, -1, -1, -1, -1, -1, -1, -1, -1, -1,
    -1, -1, -1, -1, -1, -1, -1, -1, -1, -1, -1, -1, -1, -1, -1, -1,
    -1, -1, -1, -1, -1, -1, -1, -1, -1, -1, -1, -1, -1, -1, -1, -1,
    -1, -1, -1, -1, -1, -1, -1, -1, -1, -1, -1, -1, -1, -1, -1, -1,
    -1, -1, -1, -1, -1, -1, -1, -1, -1, -1, -1, -1, -1, -1, -1, -1,
    -1, -1, -1, -1, -1, -1, -1, -1, -1, -1, -1, -1, -1, -1, -1, -1,
    -1, -1, -1, -1, -1, -1, -1, -1, -1, -1, -1, -1, -1, -1, -1, -1,
    -1, -1, -1, -1, -1, -1, -1, -1, -1, -1, -1, -1, -1, -1, -1, -1,
    -1, -1, -1, -1, -1, -1, -1, -1, -1, -1, -1, -1, -1, -1, -1, -1,
    -1, -1, -1, -1, -1, -1, -1, -1, -1, -1, -1, -1, -1, -1, -1, -1,
    -1, -1, -1, -1, -1, -1, -1, -1, -1, -1, -1, -1, -1, -1, -1, -1,
    -1, -1, -1, -1, -1, -1, -1, -1, -1, -1, -1, -1, -1, -1, -1, -1,
    -1, -1, -1, -1, -1, -1, -1, -1, -1, -1, -1, -1, -1, -1, -1, -1,
    -1, -1, -1, -1, -1, -1, -1, -1, -1, -1, -1, -1, -1, -1, -1, -1,
    -1, -1, -1, -1, -1, -1, -1, -1, -1, -1, -1, -1, -1, -1, -1, -1,
    -1, -1, -1, -1, -1, -1, -1, -1, -1, -1, -1, -1, -1, -1, -1, -1,
    -1, -1, -1, -1, -1, -1, -1, -1, -1, -1, -1, -1, -1, -1, -1, -1,
    -1, -1, -1, -1, -1, -1, -1, -1, -1, -1, -1, -1, -1, -1, -1, -1,
    -1, -1, -1, -1, -1, -1, -1, -1, -1, -1, -1, -1, -1, -1, -1, -1,
    -1, -1, -1, -1, -1, -1, -1, -1, -1, -1, -1, -1, -1, -1, -1, -1,
    -1, -1, -1, -1, -1, -1, -1, -1, -1, -1, -1, -1, -1, -1, -1, -1,
    -1, -1, -1, -1, -1, -1, -1, -1, -1, -1, -1, -1, -1, -1, -1, -1,
    -1, -1, -1, -1, -1, -1, -1, -1, -1, -1, -1, -1, -1, -1, -1, -1,
    -1, -1, -1, -1, -1, -1, -1, -1, -1, -1, -1, -1, -1, -1, -1, -1,
    -1, -1, -1, -1, -1, -1, -1, -1, -1, -1, -1, -1, -1, -1, -1, -1,
    -1, -1, -1, -1, -1, -1, -1, -1, -1, -1, -1, -1, -1, -1, -1, -1,
    -1, -1, -1, -1, -1, -1, -1, -1, -1, -1, -1, -1, -1, -1, -1, -1,
    -1, -1, -1, -1, -1, -1, -1, -1, -1, -1, -1, -1, -1, -1, -1, -1,
    -1, -1, -1, -1, -1, -1, -1, -1, -1, -1, -1, -1, -1, -1, -1, -1,
    -1, -1, -1, -1, -1, -1, -1, -1, -1, -1, -1, -1, -1, -1, -1, -1,
    -1, -1, -1, -1, -1, -1, -1, -1, -1, -1, -1, -1, -1, -1, -1, -1,
    -1, -1, -1, -1, -1, -1, -1, -1, -1, -1, -1, -1, -1, -1, -1, -1,
    -1, -1, -1, -1, -1, -1, -1, -1, -1, -1, -1, -1, -1, -1, -1, -1,
    -1, -1, -1, -1, -1, -1, -1, -1, -1, -1, -1, -1, -1, -1, -1, -1,
    -1, -1, -1, -1, -1, -1, -1, -1, -1, -1, -1, -1, -1, -1, -1, -1,
    -1, -1, -1, -1, -1, -1, -1, -1, -1, -1, -1, -1, -1, -1, -1, -1,
    -1, -1, -1, -1, -1, -1, -1, -1, -1, -1, -1, -1, -1, -1, -1, -1,
    -1, -1, -1, -1, -1, -1, -1, -1, -1, -1, -1, -1, -1, -1, -1, -1,
    -1, -1, -1, -1, -1, -1, -1, -1, -1, -1, -1, -1, -1, -1, -1, -1,
    -1, -1, -1, -1, -1, -1, -1, -1, -1, -1, -1, -1, -1, -1, -1, -1,
    -1, -1, -1, -1, -1, -1, -1, -1, -1, -1, -1, -1, -1, -1, -1, -1,
    -1, -1, -1, -1, -1, -1, -1, -1, -1, -1, -1, -1, -1, -1, -1, -1,
    -1, -1, -1, -1, -1, -1, -1, -1, -1, -1, -1, -1, -1, -1, -1, -1,
    -1, -1, -1, -1, -1, -1, -1, -1, -1, -1, -1, -1, -1, -1, -1, -1,
    -1, -1, -1, -1, -1, -1, -1, -1, -1, -1, -1, -1, -1, -1, -1, -1,
    -1, -1, -1, -1, -1, -1, -1, -1, -1, -1, -1, -1, -1, -1, -1, -1,
    -1, -1, -1, -1, -1, -1, -1, -1, -1, -1, -1, -1, -1, -1, -1, -1,
    -1, -1, -1, -1, -1, -1, -1, -1, -1, -1, -1, -1, -1, -1, -1, -1,
    -1, -1, -1, -1, -1, -1, -1, -1, -1, -1, -1, -1, -1, -1, -1, -1,
    -1, -1, -1, -1, -1, -1, -1, -1, -1, -1, -1, -1, -1, -1, -1, -1,
    -1, -1, -1, -1, -1, -1, -1, -1, -1, -1, -1, -1, -1, -1, -1, -1,
    -1, -1, -1, -1, -1, -1, -1, -1, -1, -1, -1, -1, -1, -1, -1, -1,
    -1, -1, -1, -1, -1, -1, -1, -1, -1, -1, -1, -1, -1, -1, -1, -1,
    -1, -1, -1, -1, -1, -1, -1, -1, -1, -1, -1, -1, -1, -1, -1, -1,
    -1, -1, -1, -1, -1, -1, -1, -1, -1, -1, -1, -1, -1, -1, -1, -1,
    -1, -1, -1, -1, -1, -1, -1, -1, -1, -1, -1, -1, -1, -1, -1, -1,
    -1, -1, -1, -1, -1, -1, -1, -1, -1, -1, -1, -1, -1, -1, -1, -1,
    -1, -1, -1, -1, -1, -1, -1, -1, -1, -1, -1, -1, -1, -1, -1, -1,
    -1, -1, -1, -1, -1, -1, -1, -1, -1, -1, -1, -1, -1, -1, -1, -1,
    -1, -1, -1, -1, -1, -1, -1, -1, -1, -1, -1, -1, -1, -1, -1, -1,
    -1, -1, -1, -1, -1, -1, -1, -1, -1, -1, -1, -1, -1, -1, -1, -1,
    -1, -1, -1, -1, -1, -1, -1, -1, -1, -1, -1, -1, -1, -1, -1, -1,
    -1, -1, -1, -1, -1, -1, -1, -1, -1, -1, -1, -1, -1, -1, -1, -1,
    -1, -1, -1, -1, -1, -1, -1, -1, -1, -1, -1, -1, -1, -1, -1, -1,
    -1, -1, -1, -1, -1, -1, -1, -1, -1, -1, -1, -1, -1, -1, -1, -1,
    -1, -1, -1, -1, -1, -1, -1, -1, -1, -1, -1, -1, -1, -1, -1, -1,
    -1, -1, -1, -1, -1, -1, -1, -1, -1, -1, -1, -1, -1, -1, -1, -1,
    -1, -1, -1, -1, -1, -1, -1, -1, -1, -1, -1, -1, -1, -1, -1, -1,
    -1, -1, -1, -1, -1, -1, -1, -1, -1, -1, -1, -1, -1, -1, -1, -1,
    -1, -1, -1, -1, -1, -1, -1, -1, -1, -1, -1, -1, -1, -1, -1, -1,
    -1, -1, -1, -1, -1, -1, -1, -1, -1, -1, -1, -1, -1, -1, -1, -1,
    -1, -1, -1, -1, -1, -1, -1, -1, -1, -1, -1, -1, -1, -1, -1, -1,
    -1, -1, -1, -1, -1, -1, -1, -1, -1, -1, -1, -1, -1, -1, -1, -1,
    -1, -1, -1, -1, -1, -1, -1, -1, -1, -1, -1, -1, -1, -1, -1, -1,
    -1, -1, -1, -1, -1, -1, -1, -1, -1, -1, -1, -1, -1, -1, -1, -1,
    -1, -1, -1, -1, -1, -1, -1, -1, -1, -1, -1, -1, -1, -1, -1, -1,
    -1, -1, -1, -1, -1, -1, -1, -1, -1, -1, -1, -1, -1, -1, -1, -1,
    -1, -1, -1, -1, -1, -1, -1, -1, -1, -1, -1, -1, -1, -1, -1, -1,
    -1, -1, -1, -1, -1, -1, -1, -1, -1, -1, -1, -1, -1, -1, -1, -1,
    -1, -1, -1, -1, -1, -1, -1, -1, -1, -1, -1, -1, -1, -1, -1, -1,
    -1, -1, -1, -1, -1, -1, -1, -1, -1, -1, -1, -1, -1, -1, -1, -1,
    -1, -1, -1, -1, -1, -1, -1, -1, -1, -1, -1, -1, -1, -1, -1, -1,
    -1, -1, -1, -1, -1, -1, -1, -1, -1, -1, -1, -1, -1, -1, -1, -1,
    -1, -1, -1, -1, -1, -1, -1, -1, -1, -1, -1, -1, -1, -1, -1, -1,
    -1, -1, -1, -1, -1, -1, -1, -1, -1, -1, -1, -1, -1, -1, -1, -1,
    -1, -1, -1, -1, -1, -1, -1, -1, -1, -1, -1, -1, -1, -1, -1, -1,
    -1, -1, -1, -1, -1, -1, -1, -1, -1, -1, -1, -1, -1, -1, -1, -1,
    -1, -1, -1, -1, -1, -1, -1, -1, -1, -1, -1, -1, -1, -1, -1, -1,
    -1, -1, -1, -1, -1, -1, -1, -1, -1, -1, -1, -1, -1, -1, -1, -1,
    -1, -1, -1, -1, -1, -1, -1, -1, -1, -1, -1, -1, -1, -1, -1, -1,
    -1, -1, -1, -1, -1, -1, -1, -1, -1, -1, -1, -1, -1, -1, -1, -1,
    -1, -1, -1, -1, -1, -1, -1, -1, -1, -1, -1, -1, -1, -1, -1, -1,
    -1, -1, -1, -1, -1, -1, -1, -1, -1, -1, -1, -1, -1, -1, -1, -1,
    -1, -1, -1, -1, -1, -1, -1, -1, -1, -1, -1, -1, -1, -1, -1, -1,
    -1, -1, -1, -1, -1, -1, -1, -1, -1, -1, -1, -1, -1, -1, -1, -1,
    -1, -1, -1, -1, -1, -1, -1, -1, -1, -1, -1, -1, -1, -1, -1, -1,
    -1, -1, -1, -1, -1, -1, -1, -1, -1, -1, -1, -1, -1, -1, -1, -1,
    -1, -1, -1, -1, -1, -1, -1, -1, -1, -1, -1, -1, -1, -1, -1, -1,
    -1, -1, -1, -1, -1, -1, -1, -1, -1, -1, -1, -1, -1, -1, -1, -1,
    -1, -1, -1, -1, -1, -1, -1, -1, -1, -1, -1, -1, -1, -1, -1, -1,
    -1, -1, -1, -1, -1, -1, -1, -1, -1, -1, -1, -1, -1, -1, -1, -1,
    -1, -1, -1, -1, -1, -1, -1, -1, -1, -1, -1, -1, -1, -1, -1, -1,
    -1, -1, -1, -1, -1, -1, -1, -1, -1, -1, -1, -1, -1, -1, -1, -1,
    -1, -1, -1, -1, -1, -1, -1, -1, -1, -1, -1, -1, -1, -1, -1, -1,
    -1, -1, -1, -1, -1, -1, -1, -1, -1, -1, -1, -1, -1, -1, -1, -1,
    -1, -1, -1, -1, -1, -1, -1, -1, -1, -1, -1, -1, -1, -1, -1, -1,
    -1, -1, -1, -1, -1, -1, -1, -1, -1, -1, -1, -1, -1, -1, -1, -1,
    -1, -1, -1, -1, -1, -1, -1, -1, -1, -1, -1, -1, -1, -1, -1, -1,
    -1, -1, -1, -1, -1, -1, -1, -1, -1, -1, -1, -1, -1, -1, -1, -1,
    -1, -1, -1, -1, -1, -1, -1, -1, -1, -1, -1, -1, -1, -1, -1, -1,
    -1, -1, -1, -1, -1, -1, -1, -1, -1, -1, -1, -1, -1, -1, -1, -1,
    -1, -1, -1, -1, -1, -1, -1, -1, -1, -1, -1, -1, -1, -1, -1, -1,
    -1, -1, -1, -1, -1, -1, -1, -1, -1, -1, -1, -1, -1, -1, -1, -1,
    -1, -1, -1, -1, -1, -1, -1, -1, -1, -1, -1, -1, -1, -1, -1, -1,
    -1, -1, -1, -1, -1, -1, -1, -1, -1, -1, -1, -1, -1, -1, -1, -1,
    -1, -1, -1, -1, -1, -1, -1, -1, -1, -1, -1, -1, -1, -1, -1, -1,
    -1, -1, -1, -1, -1, -1, -1, -1, -1, -1, -1, -1, -1, -1, -1, -1,
    -1, -1, -1, -1, -1, -1, -1, -1, -1, -1, -1, -1, -1, -1, -1, -1,
    -1, -1, -1, -1, -1, -1, -1, -1, -1, -1, -1, -1, -1, -1, -1, -1,
    -1, -1, -1, -1, -1, -1, -1, -1, -1, -1, -1, -1, -1, -1, -1, -1,
    -1, -1, -1, -1, -1, -1, -1, -1, -1, -1, -1, -1, -1, -1, -1, -1,
    -1, -1, -1, -1, -1, -1, -1, -1, -1, -1, -1, -1, -1, -1, -1, -1,
    -1, -1, -1, -1, -1, -1, -1, -1, -1, -1, -1, -1, -1, -1, -1, -1,
    -1, -1, -1, -1, -1, -1, -1, -1, -1, -1, -1, -1, -1, -1, -1, -1,
    -1, -1, -1, -1, -1, -1, -1, -1, -1, -1, -1, -1, -1, -1, -1, -1,
    -1, -1, -1, -1, -1, -1, -1, -1, -1, -1, -1, -1, -1, -1, -1, -1,
    -1, -1, -1, -1, -1, -1, -1, -1, -1, -1, -1, -1, -1, -1, -1, -1,
    -1, -1, -1, -1, -1, -1, -1, -1, -1, -1, -1, -1, -1, -1, -1, -1,
    -1, -1, -1, -1, -1, -1, -1, -1, -1, -1, -1, -1, -1, -1, -1, -1,
    -1, -1, -1, -1, -1, -1, -1, -1, -1, -1, -1, -1, -1, -1, -1, -1,
    -1, -1, -1, -1, -1, -1, -1, -1, -1, -1, -1, -1, -1, -1, -1, -1,
    -1, -1, -1, -1, -1, -1, -1, -1, -1, -1, -1, -1, -1, -1, -1, -1,
    -1, -1, -1, -1, -1, -1, -1, -1, -1, -1, -1, -1, -1, -1, -1, -1,
    -1, -1, -1, -1, -1, -1, -1, -1, -1, -1, -1, -1, -1, -1, -1, -1,
    -1, -1, -1, -1, -1, -1, -1, -1, -1, -1, -1, -1, -1, -1, -1, -1,
    -1, -1, -1, -1, -1, -1, -1, -1, -1, -1, -1, -1, -1, -1, -1, -1,
    -1, -1, -1, -1, -1, -1, -1, -1, -1, -1, -1, -1, -1, -1, -1, -1,
    -1, -1, -1, -1, -1, -1, -1, -1, -1, -1, -1, -1, -1, -1, -1, -1,
    -1, -1, -1, -1, -1, -1, -1, -1, -1, -1, -1, -1, -1, -1, -1, -1,
    -1, -1, -1, -1, -1, -1, -1, -1, -1, -1, -1, -1, -1, -1, -1, -1,
    -1, -1, -1, -1, -1, -1, -1, -1, -1, -1, -1, -1, -1, -1, -1, -1,
    -1, -1, -1, -1, -1, -1, -1, -1, -1, -1, -1, -1, -1, -1, -1, -1,
    -1, -1, -1, -1, -1, -1, -1, -1, -1, -1, -1, -1, -1, -1, -1, -1,
    -1, -1, -1, -1, -1, -1, -1, -1, -1, -1, -1, -1, -1, -1, -1, -1,
    -1, -1, -1, -1, -1, -1, -1, -1, -1, -1, -1, -1, -1, -1, -1, -1,
    -1, -1, -1, -1, -1, -1, -1, -1, -1, -1, -1, -1, -1, -1, -1, -1,
    -1, -1, -1, -1, -1, -1, -1, -1, -1, -1, -1, -1, -1, -1, -1, -1,
    -1, -1, -1, -1, -1, -1, -1, -1, -1, -1, -1, -1, -1, -1, -1, -1,
    -1, -1, -1, -1, -1, -1, -1, -1, -1, -1, -1, -1, -1, -1, -1, -1,
    -1, -1, -1, -1, -1, -1, -1, -1, -1, -1, -1, -1, -1, -1, -1, -1,
    -1, -1, -1, -1, -1, -1, -1, -1, -1, -1, -1, -1, -1, -1, -1, -1,
    -1, -1, -1, -1, -1, -1, -1, -1, -1, -1, -1, -1, -1, -1, -1, -1,
    -1, -1, -1, -1, -1, -1, -1, -1, -1, -1, -1, -1, -1, -1, -1, -1,
    -1, -1, -1, -1, -1, -1, -1, -1, -1, -1, -1, -1, -1, -1, -1, -1,
    -1, -1, -1, -1, -1, -1, -1, -1, -1, -1, -1, -1, -1, -1, -1, -1,
    -1, -1, -1, -1, -1, -1, -1, -1, -1, -1, -1, -1, -1, -1, -1, -1,
    -1, -1, -1, -1, -1, -1, -1, -1, -1, -1, -1, -1, -1, -1, -1, -1,
    -1, -1, -1, -1, -1, -1, -1, -1, -1, -1, -1, -1, -1, -1, -1, -1,
    -1, -1, -1, -1, -1, -1, -1, -1, -1, -1, -1, -1, -1, -1, -1, -1,
    -1, -1, -1, -1, -1, -1, -1, -1, -1, -1, -1, -1, -1, -1, -1, -1,
    -1, -1, -1, -1, -1, -1, -1, -1, -1, -1, -1, -1, -1, -1, -1, -1,
    -1, -1, -1, -1, -1, -1, -1, -1, -1, -1, -1, -1, -1, -1, -1, -1,
    -1, -1, -1, -1, -1, -1, -1, -1, -1, -1, -1, -1, -1, -1, -1, -1,
    -1, -1, -1, -1, -1, -1, -1, -1, -1, -1, -1, -1, -1, -1, -1, -1,
    -1, -1, -1, -1, -1, -1, -1, -1, -1, -1, -1, -1, -1, -1, -1, -1,
    -1, -1, -1, -1, -1, -1, -1, -1, -1, -1, -1, -1, -1, -1, -1, -1,
    -1, -1, -1, -1, -1, -1, -1, -1, -1, -1, -1, -1, -1, -1, -1, -1,
    -1, -1, -1, -1, -1, -1, -1, -1, -1, -1, -1, -1, -1, -1, -1, -1,
    -1, -1, -1, -1, -1, -1, -1, -1, -1, -1, -1, -1, -1, -1, -1, -1,
    -1, -1, -1, -1, -1, -1, -1, -1, -1, -1, -1, -1, -1, -1, -1, -1,
    -1, -1, -1, -1, -1, -1, -1, -1, -1, -1, -1, -1, -1, -1, -1, -1,
    -1, -1, -1, -1, -1, -1, -1, -1, -1, -1, -1, -1, -1, -1, -1, -1,
    -1, -1, -1, -1, -1, -1, -1, -1, -1, -1, -1, -1, -1, -1, -1, -1,
    -1, -1, -1, -1, -1, -1, -1, -1, -1, -1, -1, -1, -1, -1, -1, -1,
    -1, -1, -1, -1, -1, -1, -1, -1, -1, -1, -1, -1, -1, -1, -1, -1,
    -1, -1, -1, -1, -1, -1, -1, -1, -1, -1, -1, -1, -1, -1, -1, -1,
    -1, -1, -1, -1, -1, -1, -1, -1, -1, -1, -1, -1, -1, -1, -1, -1,
    -1, -1, -1, -1, -1, -1, -1, -1, -1, -1, -1, -1, -1, -1, -1, -1,
    -1, -1, -1, -1, -1, -1, -1, -1, -1, -1, -1, -1, -1, -1, -1, -1,
    -1, -1, -1, -1, -1, -1, -1, -1, -1, -1, -1, -1, -1, -1, -1, -1,
    -1, -1, -1, -1, -1, -1, -1, -1, -1, -1, -1, -1, -1, -1, -1, -1,
    -1, -1, -1, -1, -1, -1, -1, -1, -1, -1, -1, -1, -1, -1, -1, -1,
    -1, -1, -1, -1, -1, -1, -1, -1, -1, -1, -1, -1, -1, -1, -1, -1,
    -1, -1, -1, -1, -1, -1, -1, -1, -1, -1, -1, -1, -1, -1, -1, -1,
    -1, -1, -1, -1, -1, -1, -1, -1, -1, -1, -1, -1, -1, -1, -1, -1,
    -1, -1, -1, -1, -1, -1, -1, -1, -1, -1, -1, -1, -1, -1, -1, -1,
    -1, -1, -1, -1, -1, -1, -1, -1, -1, -1, -1, -1, -1, -1, -1, -1,
    -1, -1, -1, -1, -1, -1, -1, -1, -1, -1, -1, -1, -1, -1, -1, -1,
    -1, -1, -1, -1, -1, -1, -1, -1, -1, -1, -1, -1, -1, -1, -1, -1,
    -1, -1, -1, -1, -1, -1, -1, -1, -1, -1, -1, -1, -1, -1, -1, -1,
    -1, -1, -1, -1, -1, -1, -1, -1, -1, -1, -1, -1, -1, -1, -1, -1,
    -1, -1, -1, -1, -1, -1, -1, -1, -1, -1, -1, -1, -1, -1, -1, -1,
    -1, -1, -1, -1, -1, -1, -1, -1, -1, -1, -1, -1, -1, -1, -1, -1,
    -1, -1, -1, -1, -1, -1, -1, -1, -1, -1, -1, -1, -1, -1, -1, -1,
    -1, -1, -1, -1, -1, -1, -1, -1, -1, -1, -1, -1, -1, -1, -1, -1,
    -1, -1, -1, -1, -1, -1, -1, -1, -1, -1, -1, -1, -1, -1, -1, -1,
    -1, -1, -1, -1, -1, -1, -1, -1, -1, -1, -1, -1, -1, -1, -1, -1,
    -1, -1, -1, -1, -1, -1, -1, -1, -1, -1, -1, -1, -1, -1, -1, -1,
    -1, -1, -1, -1, -1, -1, -1, -1, -1, -1, -1, -1, -1, -1, -1, -1,
    -1, -1, -1, -1, -1, -1, -1, -1, -1, -1, -1, -1, -1, -1, -1, -1,
    -1, -1, -1, -1, -1, -1, -1, -1, -1, -1, -1, -1, -1, -1, -1, -1,
    -1, -1, -1, -1, -1, -1, -1, -1, -1, -1, -1, -1, -1, -1, -1, -1,
    -1, -1, -1, -1, -1, -1, -1, -1, -1, -1, -1, -1, -1, -1, -1, -1,
    -1, -1, -1, -1, -1, -1, -1, -1, -1, -1, -1, -1, -1, -1, -1, -1,
    -1, -1, -1, -1, -1, -1, -1, -1, -1, -1, -1, -1, -1, -1, -1, -1,
    -1, -1, -1, -1, -1, -1, -1, -1, -1, -1, -1, -1, -1, -1, -1, -1,
    -1, -1, -1, -1, -1, -1, -1, -1, -1, -1, -1, -1, -1, -1, -1, -1,
    -1, -1, -1, -1, -1, -1, -1, -1, -1, -1, -1, -1, -1, -1, -1, -1,
    -1, -1, -1, -1, -1, -1, -1, -1, -1, -1, -1, -1, -1, -1, -1, -1,
    -1, -1, -1, -1, -1, -1, -1, -1, -1, -1, -1, -1, -1, -1, -1, -1,
    -1, -1, -1, -1, -1, -1, -1, -1, -1, -1, -1, -1, -1, -1, -1, -1,
    -1, -1, -1, -1, -1, -1, -1, -1, -1, -1, -1, -1, -1, -1, -1, -1,
    -1, -1, -1, -1, -1, -1, -1, -1, -1, -1, -1, -1, -1, -1, -1, -1,
    -1, -1, -1, -1, -1, -1, -1, -1, -1, -1, -1, -1, -1, -1, -1, -1,
    -1, -1, -1, -1, -1, -1, -1, -1, -1, -1, -1, -1, -1, -1, -1, -1,
    -1, -1, -1, -1, -1, -1, -1, -1, -1, -1, -1, -1, -1, -1, -1, -1,
    -1, -1, -1, -1, -1, -1, -1, -1, -1, -1, -1, -1, -1, -1, -1, -1,
    -1, -1, -1, -1, -1, -1, -1, -1, -1, -1, -1, -1, -1, -1, -1, -1,
    -1, -1, -1, -1, -1, -1, -1, -1, -1, -1, -1, -1, -1, -1, -1, -1,
    -1, -1, -1, -1, -1, -1, -1, -1, -1, -1, -1, -1, -1, -1, -1, -1,
    -1, -1, -1, -1, -1, -1, -1, -1, -1, -1, -1, -1, -1, -1, -1, -1,
    -1, -1, -1, -1, -1, -1, -1, -1, -1, -1, -1, -1, -1, -1, -1, -1,
    -1, -1, -1, -1, -1, -1, -1, -1, -1, -1, -1, -1, -1, -1, -1, -1,
    -1, -1, -1, -1, -1, -1, -1, -1, -1, -1, -1, -1, -1, -1, -1, -1,
    -1, -1, -1, -1, -1, -1, -1, -1, -1, -1, -1, -1, -1, -1, -1, -1,
    -1, -1, -1, -1, -1, -1, -1, -1, -1, -1, -1, -1, -1, -1, -1, -1,
    -1, -1, -1, -1, -1, -1, -1, -1, -1, -1, -1, -1, -1, -1, -1, -1,
    -1, -1, -1, -1, -1, -1, -1, -1, -1, -1, -1, -1, -1, -1, -1, -1,
    -1, -1, -1, -1, -1, -1, -1, -1, -1, -1, -1, -1, -1, -1, -1, -1,
    -1, -1, -1, -1, -1, -1, -1, -1, -1, -1, -1, -1, -1, -1, -1, -1,
    -1, -1, -1, -1, -1, -1, -1, -1, -1, -1, -1, -1, -1, -1, -1, -1,
    -1, -1, -1, -1, -1, -1, -1, -1, -1, -1, -1, -1, -1, -1, -1, -1,
    -1, -1, -1, -1, -1, -1, -1, -1, -1, -1, -1, -1, -1, -1, -1, -1,
    -1, -1, -1, -1, -1, -1, -1, -1, -1, -1, -1, -1, -1, -1, -1, -1,
    -1, -1, -1, -1, -1, -1, -1, -1, -1, -1, -1, -1, -1, -1, -1, -1,
    -1, -1, -1, -1, -1, -1, -1, -1, -1, -1, -1, -1, -1, -1, -1, -1,
    -1, -1, -1, -1, -1, -1, -1, -1, -1, -1, -1, -1, -1, -1, -1, -1,
    -1, -1, -1, -1, -1, -1, -1, -1, -1, -1, -1, -1, -1, -1, -1, -1,
    -1, -1, -1, -1, -1, -1, -1, -1, -1, -1, -1, -1, -1, -1, -1, -1,
    -1, -1, -1, -1, -1, -1, -1, -1, -1, -1, -1, -1, -1, -1, -1, -1,
    -1, -1, -1, -1, -1, -1, -1, -1, -1, -1, -1, -1, -1, -1, -1, -1,
    -1, -1, -1, -1, -1, -1, -1, -1, -1, -1, -1, -1, -1, -1, -1, -1,
    -1, -1, -1, -1, -1, -1, -1, -1, -1, -1, -1, -1, -1, -1, -1, -1,
    -1, -1, -1, -1, -1, -1, -1, -1, -1, -1, -1, -1, -1, -1, -1, -1,
    -1, -1, -1, -1, -1, -1, -1, -1, -1, -1, -1, -1, -1, -1, -1, -1,
    -1, -1, -1, -1, -1, -1, -1, -1, -1, -1, -1, -1, -1, -1, -1, -1,
    -1, -1, -1, -1, -1, -1, -1, -1, -1, -1, -1, -1, -1, -1, -1, -1,
    -1, -1, -1, -1, -1, -1, -1, -1, -1, -1, -1, -1, -1, -1, -1, -1,
    -1, -1, -1, -1, -1, -1, -1, -1, -1, -1, -1, -1, -1, -1, -1, -1,
    -1, -1, -1, -1, -1, -1, -1, -1, -1, -1, -1, -1, -1, -1, -1, -1,
    -1, -1, -1, -1, -1, -1, -1, -1, -1, -1, -1, -1, -1, -1, -1, -1,
    -1, -1, -1, -1, -1, -1, -1, -1, -1, -1, -1, -1, -1, -1, -1, -1,
    -1, -1, -1, -1, -1, -1, -1, -1, -1, -1, -1, -1, -1, -1, -1, -1,
    -1, -1, -1, -1, -1, -1, -1, -1, -1, -1, -1, -1, -1, -1, -1, -1,
    -1, -1, -1, -1, -1, -1, -1, -1, -1, -1, -1, -1, -1, -1, -1, -1,
    -1, -1, -1, -1, -1, -1, -1, -1, -1, -1, -1, -1, -1, -1, -1, -1,
    -1, -1, -1, -1, -1, -1, -1, -1, -1, -1, -1, -1, -1, -1, -1, -1,
    -1, -1, -1, -1, -1, -1, -1, -1, -1, -1, -1, -1, -1, -1, -1, -1,
    -1, -1, -1, -1, -1, -1, -1, -1, -1, -1, -1, -1, -1, -1, -1, -1,
    -1, -1, -1, -1, -1, -1, -1, -1, -1, -1, -1, -1, -1, -1, -1, -1,
    -1, -1, -1, -1, -1, -1, -1, -1, -1, -1, -1, -1, -1, -1, -1, -1,
    -1, -1, -1, -1, -1, -1, -1, -1, -1, -1, -1, -1, -1, -1, -1, -1,
    -1, -1, -1, -1, -1, -1, -1, -1, -1, -1, -1, -1, -1, -1, -1, -1,
    -1, -1, -1, -1, -1, -1, -1, -1, -1, -1, -1, -1, -1, -1, -1, -1,
    -1, -1, -1, -1, -1, -1, -1, -1, -1, -1, -1, -1, -1, -1, -1, -1,
    -1, -1, -1, -1, -1, -1, -1, -1, -1, -1, -1, -1, -1, -1, -1, -1,
    -1, -1, -1, -1, -1, -1, -1, -1, -1, -1, -1, -1, -1, -1, -1, -1,
    -1, -1, -1, -1, -1, -1, -1, -1, -1, -1, -1, -1, -1, -1, -1, -1,
    -1, -1, -1, -1, -1, -1, -1, -1, -1, -1, -1, -1, -1, -1, -1, -1,
    -1, -1, -1, -1, -1, -1, -1, -1, -1, -1, -1, -1, -1, -1, -1, -1,
    -1, -1, -1, -1, -1, -1, -1, -1, -1, -1, -1, -1, -1, -1, -1, -1,
    -1, -1, -1, -1, -1, -1, -1, -1, -1, -1, -1, -1, -1, -1, -1, -1,
    -1, -1, -1, -1, -1, -1, -1, -1, -1, -1, -1, -1, -1, -1, -1, -1,
    -1, -1, -1, -1, -1, -1, -1, -1, -1, -1, -1, -1, -1, -1, -1, -1,
    -1, -1, -1, -1, -1, -1, -1, -1, -1, -1, -1, -1, -1, -1, -1, -1,
    -1, -1, -1, -1, -1, -1, -1, -1, -1, -1, -1, -1, -1, -1, -1, -1,
    -1, -1, -1, -1, -1, -1, -1, -1, -1, -1, -1, -1, -1, -1, -1, -1,
    -1, -1, -1, -1, -1, -1, -1, -1, -1, -1, -1, -1, -1, -1, -1, -1,
    -1, -1, -1, -1, -1, -1, -1, -1, -1, -1, -1, -1, -1, -1, -1, -1,
    -1, -1, -1, -1, -1, -1, -1, -1, -1, -1, -1, -1, -1, -1, -1, -1,
    -1, -1, -1, -1, -1, -1, -1, -1, -1, -1, -1, -1, -1, -1, -1, -1,
    -1, -1, -1, -1, -1, -1, -1, -1, -1, -1, -1, -1, -1, -1, -1, -1,
    -1, -1, -1, -1, -1, -1, -1, -1, -1, -1, -1, -1, -1, -1, -1, -1,
    -1, -1, -1, -1, -1, -1, -1, -1, -1, -1, -1, -1, -1, -1, -1, -1,
    -1, -1, -1, -1, -1, -1, -1, -1, -1, -1, -1, -1, -1, -1, -1, -1,
    -1, -1, -1, -1, -1, -1, -1, -1, -1, -1, -1, -1, -1, -1, -1, -1,
    -1, -1, -1, -1, -1, -1, -1, -1, -1, -1, -1, -1, -1, -1, -1, -1,
    -1, -1, -1, -1, -1, -1, -1, -1, -1, -1, -1, -1, -1, -1, -1, -1,
    -1, -1, -1, -1, -1, -1, -1, -1, -1, -1, -1, -1, -1, -1, -1, -1,
    -1, -1, -1, -1, -1, -1, -1, -1, -1, -1, -1, -1, -1, -1, -1, -1,
    -1, -1, -1, -1, -1, -1, -1, -1, -1, -1, -1, -1, -1, -1, -1, -1,
    -1, -1, -1, -1, -1, -1, -1, -1, -1, -1, -1, -1, -1, -1, -1, -1,
    -1, -1, -1, -1, -1, -1, -1, -1, -1, -1, -1, -1, -1, -1, -1, -1,
    -1, -1, -1, -1, -1, -1, -1, -1, -1, -1, -1, -1, -1, -1, -1, -1,
    -1, -1, -1, -1, -1, -1, -1, -1, -1, -1, -1, -1, -1, -1, -1, -1,
    -1, -1, -1, -1, -1, -1, -1, -1, -1, -1, -1, -1, -1, -1, -1, -1,
    -1, -1, -1, -1, -1, -1, -1, -1, -1, -1, -1, -1, -1, -1, -1, -1,
    -1, -1, -1, -1, -1, -1, -1, -1, -1, -1, -1, -1, -1, -1, -1, -1,
    -1, -1, -1, -1, -1, -1, -1, -1, -1, -1, -1, -1, -1, -1, -1, -1,
    -1, -1, -1, -1, -1, -1, -1, -1, -1, -1, -1, -1, -1, -1, -1, -1,
    -1, -1, -1, -1, -1, -1, -1, -1, -1, -1, -1, -1, -1, -1, -1, -1,
    -1, -1, -1, -1, -1, -1, -1, -1, -1, -1, -1, -1, -1, -1, -1, -1,
    -1, -1, -1, -1, -1, -1, -1, -1, -1, -1, -1, -1, -1, -1, -1, -1,
    -1, -1, -1, -1, -1, -1, -1, -1, -1, -1, -1, -1, -1, -1, -1, -1,
    -1, -1, -1, -1, -1, -1, -1, -1, -1, -1, -1, -1, -1, -1, -1, -1,
    -1, -1, -1, -1, -1, -1, -1, -1, -1, -1, -1, -1, -1, -1, -1, -1,
    -1, -1, -1, -1, -1, -1, -1, -1, -1, -1, -1, -1, -1, -1, -1, -1,
    -1, -1, -1, -1, -1, -1, -1, -1, -1, -1, -1, -1, -1, -1, -1, -1,
    -1, -1, -1, -1, -1, -1, -1, -1, -1, -1, -1, -1, -1, -1, -1, -1,
    -1, -1, -1, -1, -1, -1, -1, -1, -1, -1, -1, -1, -1, -1, -1, -1,
    -1, -1, -1, -1, -1, -1, -1, -1, -1, -1, -1, -1, -1, -1, -1, -1,
    -1, -1, -1, -1, -1, -1, -1, -1, -1, -1, -1, -1, -1, -1, -1, -1,
    -1, -1, -1, -1, -1, -1, -1, -1, -1, -1, -1, -1, -1, -1, -1, -1,
    -1, -1, -1, -1, -1, -1, -1, -1, -1, -1, -1, -1, -1, -1, -1, -1,
    -1, -1, -1, -1, -1, -1, -1, -1, -1, -1, -1, -1, -1, -1, -1, -1,
    -1, -1, -1, -1, -1, -1, -1, -1, -1, -1, -1, -1, -1, -1, -1, -1,
    -1, -1, -1, -1, -1, -1, -1, -1, -1, -1, -1, -1, -1, -1, -1, -1,
    -1, -1, -1, -1, -1, -1, -1, -1, -1, -1, -1, -1, -1, -1, -1, -1,
    -1, -1, -1, -1, -1, -1, -1, -1, -1, -1, -1, -1, -1, -1, -1, -1,
    -1, -1, -1, -1, -1, -1, -1, -1, -1, -1, -1, -1, -1, -1, -1, -1,
    -1, -1, -1, -1, -1, -1, -1, -1, -1, -1, -1, -1, -1, -1, -1, -1,
    -1, -1, -1, -1, -1, -1, -1, -1, -1, -1, -1, -1, -1, -1, -1, -1,
    -1, -1, -1, -1, -1, -1, -1, -1, -1, -1, -1, -1, -1, -1, -1, -1,
    -1, -1, -1, -1, -1, -1, -1, -1, -1, -1, -1, -1, -1, -1, -1, -1,
    -1, -1, -1, -1, -1, -1, -1, -1, -1, -1, -1, -1, -1, -1, -1, -1,
    -1, -1, -1, -1, -1, -1, -1, -1, -1, -1, -1, -1, -1, -1, -1, -1,
    -1, -1, -1, -1, -1, -1, -1, -1, -1, -1, -1, -1, -1, -1, -1, -1,
    -1, -1, -1, -1, -1, -1, -1, -1, -1, -1, -1, -1, -1, -1, -1, -1,
    -1, -1, -1, -1, -1, -1, -1, -1, -1, -1, -1, -1, -1, -1, -1, -1,
    -1, -1, -1, -1, -1, -1, -1, -1, -1, -1, -1, -1, -1, -1, -1, -1,
    -1, -1, -1, -1, -1, -1, -1, -1, -1, -1, -1, -1, -1, -1, -1, -1,
    -1, -1, -1, -1, -1, -1, -1, -1, -1, -1, -1, -1, -1, -1, -1, -1,
    -1, -1, -1, -1, -1, -1, -1, -1, -1, -1, -1, -1, -1, -1, -1, -1,
    -1, -1, -1, -1, -1, -1, -1, -1, -1, -1, -1, -1, -1, -1, -1, -1,
    -1, -1, -1, -1, -1, -1, -1, -1, -1, -1, -1, -1, -1, -1, -1, -1,
    -1, -1, -1, -1, -1, -1, -1, -1, -1, -1, -1, -1, -1, -1, -1, -1,
    -1, -1, -1, -1, -1, -1, -1, -1, -1, -1, -1, -1, -1, -1, -1, -1,
    -1, -1, -1, -1, -1, -1, -1, -1, -1, -1, -1, -1, -1, -1, -1, -1,
    -1, -1, -1, -1, -1, -1, -1, -1, -1, -1, -1, -1, -1, -1, -1, -1,
    -1, -1, -1, -1, -1, -1, -1, -1, -1, -1, -1, -1, -1, -1, -1, -1,
    -1, -1, -1, -1, -1, -1, -1, -1, -1, -1, -1, -1, -1, -1, -1, -1,
    -1, -1, -1, -1, -1, -1, -1, -1, -1, -1, -1, -1, -1, -1, -1, -1,
    -1, -1, -1, -1, -1, -1, -1, -1, -1, -1, -1, -1, -1, -1, -1, -1,
    -1, -1, -1, -1, -1, -1, -1, -1, -1, -1, -1, -1, -1, -1, -1, -1,
    -1, -1, -1, -1, -1, -1, -1, -1, -1, -1, -1, -1, -1, -1, -1, -1,
    -1, -1, -1, -1, -1, -1, -1, -1, -1, -1, -1, -1, -1, -1, -1, -1,
    -1, -1, -1, -1, -1, -1, -1, -1, -1, -1, -1, -1, -1, -1, -1, -1,
    -1, -1, -1, -1, -1, -1, -1, -1, -1, -1, -1, -1, -1, -1, -1, -1,
    -1, -1, -1, -1, -1, -1, -1, -1, -1, -1, -1, -1, -1, -1, -1, -1,
    -1, -1, -1, -1, -1, -1, -1, -1, -1, -1, -1, -1, -1, -1, -1, -1,
    -1, -1, -1, -1, -1, -1, -1, -1, -1, -1, -1, -1, -1, -1, -1, -1,
    -1, -1, -1, -1, -1, -1, -1, -1, -1, -1, -1, -1, -1, -1, -1, -1,
    -1, -1, -1, -1, -1, -1, -1, -1, -1, -1, -1, -1, -1, -1, -1, -1,
    -1, -1, -1, -1, -1, -1, -1, -1, -1, -1, -1, -1, -1, -1, -1, -1,
    -1, -1, -1, -1, -1, -1, -1, -1, -1, -1, -1, -1, -1, -1, -1, -1,
    -1, -1, -1, -1, -1, -1, -1, -1, -1, -1, -1, -1, -1, -1, -1, -1,
    -1, -1, -1, -1, -1, -1, -1, -1, -1, -1, -1, -1, -1, -1, -1, -1,
    -1, -1, -1, -1, -1, -1, -1, -1, -1, -1, -1, -1, -1, -1, -1, -1,
    -1, -1, -1, -1, -1, -1, -1, -1, -1, -1, -1, -1, -1, -1, -1, -1,
    -1, -1, -1, -1, -1, -1, -1, -1, -1, -1, -1, -1, -1, -1, -1, -1,
    -1, -1, -1, -1, -1, -1, -1, -1, -1, -1, -1, -1, -1, -1, -1, -1,
    -1, -1, -1, -1, -1, -1, -1, -1, -1, -1, -1, -1, -1, -1, -1, -1,
    -1, -1, -1, -1, -1, -1, -1, -1, -1, -1, -1, -1, -1, -1, -1, -1,
    -1, -1, -1, -1, -1, -1, -1, -1, -1, -1, -1, -1, -1, -1, -1, -1,
    -1, -1, -1, -1, -1, -1, -1, -1, -1, -1, -1, -1, -1, -1, -1, -1,
    -1, -1, -1, -1, -1, -1, -1, -1, -1, -1, -1, -1, -1, -1, -1, -1,
    -1, -1, -1, -1, -1, -1, -1, -1, -1, -1, -1, -1, -1, -1, -1, -1,
    3936, 3937, 3938, 3939, 3940, 3941, 3942, -1, -1, -1, -1, -1, -1, -1, -1, -1,
    -1, -1, -1, 3943, 3944, 3945, 3946, 3947, -1, -1, -1, -1, -1, 3948, 3949, 3950,
    3951, 3952, 3953, 3954, 3955, 3956, 3957, 3958, 3959, 3960, 3961, 3962, 3963, 3964, 3965, 3966,
    3967, 3968, 3969, 3970, 3971, 3972, 3973, -1, 3974, 3975, 3976, 3977, 3978, -1, 3979, -1,
    3980, 3981, -1, 3982, 3983, -1, 3984, 3985, 3986, 3987, 3988, 3989, 3990, 3991, 3992, 3993,
    -1, -1, -1, -1, -1, -1, -1, -1, -1, -1, -1, -1, -1, -1, -1, -1,
    -1, -1, -1, -1, -1, -1, -1, -1, -1, -1, -1, -1, -1, -1, -1, -1,
    -1, -1, -1, -1, -1, -1, -1, -1, -1, -1, -1, -1, -1, -1, -1, -1,
    -1, -1, -1, -1, -1, -1, -1, -1, -1, -1, -1, -1, -1, -1, -1, -1,
    -1, -1, -1, -1, -1, -1, -1, -1, -1, -1, -1, -1, -1, -1, -1, -1,
    -1, -1, -1, -1, -1, -1, -1, -1, -1, -1, -1, -1, -1, -1, -1, -1,
    -1, -1, -1, -1, -1, -1, -1, -1, -1, -1, -1, -1, -1, -1, -1, -1,
    -1, -1, -1, -1, -1, -1, -1, -1, -1, -1, -1, -1, -1, -1, -1, -1,
    -1, -1, -1, -1, -1, -1, -1, -1, -1, -1, -1, -1, -1, -1, -1, -1,
    -1, -1, -1, -1, -1, -1, -1, -1, -1, -1, -1, -1, -1, -1, -1, -1,
    -1, -1, -1, -1, -1, -1, -1, -1, -1, -1, -1, -1, -1, -1, -1, -1,
    -1, -1, -1, -1, -1, -1, -1, -1, -1, -1, -1, -1, -1, -1, -1, -1,
    -1, -1, -1, -1, -1, -1, -1, -1, -1, -1, -1, -1, -1, -1, -1, -1,
    -1, -1, -1, -1, -1, -1, -1, -1, -1, -1, -1, -1, -1, -1, -1, -1,
    -1, -1, -1, -1, -1, -1, -1, -1, -1, -1, -1, -1, -1, -1, -1, -1,
    -1, -1, -1, -1, -1, -1, -1, -1, -1, -1, -1, -1, -1, -1, -1, -1,
    -1, -1, -1, -1, -1, -1, -1, -1, -1, -1, -1, -1, -1, -1, -1, -1,
    -1, -1, -1, -1, -1, -1, -1, -1, -1, -1, -1, -1, -1, -1, -1, -1,
    -1, -1, -1, -1, -1, -1, -1, -1, -1, -1, -1, -1, -1, -1, -1, -1,
    -1, -1, -1, -1, -1, -1, -1, -1, -1, -1, -1, -1, -1, -1, -1, -1,
    -1, -1, -1, -1, -1, -1, -1, -1, -1, -1, -1, -1, -1, -1, -1, -1,
    -1, -1, -1, -1, -1, -1, -1, -1, -1, -1, -1, -1, -1, -1, -1, -1,
    -1, -1, -1, -1, -1, -1, -1, -1, -1, -1, -1, -1, -1, -1, -1, -1,
    -1, -1, -1, -1, -1, -1, -1, -1, -1, -1, -1, -1, -1, -1, -1, -1,
    -1, -1, -1, -1, -1, -1, -1, -1, -1, -1, -1, -1, -1, -1, -1, -1,
    -1, -1, -1, -1, -1, -1, -1, -1, -1, -1, -1, -1, -1, -1, -1, -1,
    -1, -1, -1, -1, -1, -1, -1, -1, -1, -1, -1, -1, -1, -1, -1, -1,
    -1, -1, -1, -1, -1, -1, -1, -1, -1, -1, -1, -1, -1, -1, -1, -1,
    -1, -1, -1, -1, -1, -1, -1, -1, -1, -1, -1, -1, -1, -1, -1, -1,
    -1, -1, -1, -1, -1, -1, -1, -1, -1, -1, -1, -1, -1, -1, -1, -1,
    -1, -1, -1, -1, -1, -1, -1, -1, -1, -1, -1, -1, -1, -1, -1, -1,
    -1, -1, -1, -1, -1, -1, -1, -1, -1, -1, -1, -1, -1, -1, -1, -1,
    -1, -1, -1, -1, -1, -1, -1, -1, -1, -1, -1, -1, -1, -1, -1, -1,
    -1, -1, -1, -1, -1, -1, -1, -1, -1, -1, -1, -1, -1, -1, -1, -1,
    -1, -1, -1, -1, -1, -1, -1, -1, -1, -1, -1, -1, -1, -1, -1, -1,
    -1, -1, -1, -1, -1, -1, -1, -1, -1, -1, -1, -1, -1, -1, -1, -1,
    -1, -1, -1, -1, -1, -1, -1, -1, -1, -1, -1, -1, -1, -1, -1, -1,
    -1, -1, -1, -1, -1, -1, -1, -1, -1, -1, -1, -1, -1, -1, -1, -1,
    -1, -1, -1, -1, -1, -1, -1, -1, -1, -1, -1, -1, -1, -1, -1, -1,
    -1, -1, -1, -1, -1, -1, -1, -1, -1, -1, -1, -1, -1, -1, -1, -1,
    -1, -1, -1, -1, -1, -1, -1, -1, -1, -1, -1, -1, -1, -1, -1, -1,
    -1, -1, -1, -1, -1, -1, -1, -1, -1, -1, -1, -1, -1, -1, -1, -1,
    -1, -1, -1, -1, -1, -1, -1, -1, -1, -1, -1, -1, -1, -1, -1, -1,
    -1, -1, -1, -1, -1, -1, -1, -1, -1, -1, -1, -1, -1, -1, -1, -1,
    -1, -1, -1, -1, -1, -1, -1, -1, -1, -1, -1, -1, -1, -1, -1, -1,
    3994, 3995, 3996, 3997, -1, -1, -1, -1, -1, -1, -1, -1, -1, -1, -1, -1,
    -1, -1, -1, -1, -1, -1, -1, -1, -1, -1, -1, -1, -1, -1, -1, -1,
    -1, -1, -1, -1, -1, -1, -1, -1, -1, -1, -1, -1, -1, -1, -1, -1,
    -1, -1, -1, -1, -1, -1, -1, -1, -1, -1, -1, -1, -1, -1, -1, -1,
    -1, -1, -1, -1, -1, -1, -1, -1, -1, -1, -1, -1, -1, -1, -1, -1,
    -1, -1, -1, -1, -1, -1, -1, -1, -1, -1, -1, -1, -1, -1, -1, -1,
    -1, -1, -1, -1, -1, -1, -1, -1, -1, -1, -1, -1, -1, -1, -1, -1,
    -1, -1, -1, -1, -1, -1, -1, -1, -1, -1, -1, -1, -1, -1, -1, -1,
    -1, -1, -1, -1, -1, -1, -1, -1, -1, -1, -1, -1, -1, -1, -1, -1,
    -1, -1, -1, -1, -1, -1, -1, -1, -1, -1, -1, -1, -1, -1, -1, -1,
    -1, -1, -1, -1, -1, -1, -1, -1, -1, -1, -1, -1, -1, -1, -1, -1,
    -1, -1, -1, -1, -1, -1, -1, -1, -1, -1, -1, -1, -1, -1, -1, -1,
    -1, -1, -1, -1, -1, -1, -1, -1, -1, -1, -1, -1, -1, -1, -1, -1,
    -1, -1, -1, -1, -1, -1, -1, -1, -1, -1, -1, -1, -1, -1, -1, -1,
    -1, -1, -1, -1, -1, -1, -1, -1, -1, -1, -1, -1, -1, -1, -1, -1,
    -1, -1, -1, -1, -1, -1, -1, -1, -1, -1, -1, -1, -1, -1, -1, -1,
    -1, -1, -1, -1, -1, -1, -1, -1, -1, -1, -1, -1, -1, -1, -1, -1,
    -1, -1, -1, -1, -1, -1, -1, -1, -1, -1, -1, -1, -1, -1, -1, -1,
    -1, -1, -1, -1, -1, -1, -1, -1, -1, -1, -1, -1, -1, -1, -1, -1,
    -1, -1, -1, -1, -1, -1, -1, -1, -1, -1, -1, -1, -1, -1, -1, -1,
    -1, 3998, 3999, 4000, 4001, 4002, 4003, 4004, 4005, 4006, 4007, 4008, 4009, 4010, 4011, 4012,
    4013, 4014, 4015, 4016, 4017, 4018, 4019, 4020, 4021, 4022, 4023, 4024, 4025, 4026, 4027, 4028,
    4029, 4030, 4031, 4032, 4033, 4034, 4035, 4036, 4037, 4038, 4039, 4040, 4041, 4042, 4043, 4044,
    4045, 4046, 4047, 4048, 4049, 4050, 4051, 4052, 4053, 4054, 4055, 4056, 4057, 4058, 4059, 4060,
    -1, 4061, 4062, 4063, 4064, 4065, 4066, 4067, 4068, 4069, 4070, 4071, 4072, 4073, 4074, 4075,
    4076, 4077, 4078, 4079, 4080, 4081, 4082, 4083, 4084, 4085, 4086, 4087, 4088, 4089, 4090, -1,
    -1, -1, 4091, 4092, 4093, 4094, 4095, 4096, -1, -1, 4097, 4098, 4099, 4100, 4101, 4102,
    -1, -1, 4103, 4104, 4105, 4106, 4107, 4108, -1, -1, 4109, 4110, 4111, -1, -1, -1,
    -1, -1, -1, -1, -1, -1, -1, -1, 4112, 4113, 4114, 4115, 4116, 4117, 4118, -1,
    -1, -1, -1, -1, -1, -1, -1, -1, -1, -1, -1, -1, 4119, 4120, -1, -1,
};

static const TinyXDecodedFontProperty tinyxEmbeddedFixedFontProperties[] = {
    { "FONT", "-misc-fixed-medium-r-semicondensed--13-120-75-75-c-60-iso10646-1", 0 },
    { "COPYRIGHT", "Public domain font.  Share and enjoy.", 0 },
};

const TinyXDecodedFont tinyxEmbeddedFixedFont = {
    "-misc-fixed-medium-r-semicondensed--13-120-75-75-c-60-iso10646-1", 0, 255, 0, 255, 0,
    11, 2,
    tinyxEmbeddedFixedFontGlyphs, sizeof(tinyxEmbeddedFixedFontGlyphs) / sizeof(tinyxEmbeddedFixedFontGlyphs[0]),
    tinyxEmbeddedFixedFontEncoding, sizeof(tinyxEmbeddedFixedFontEncoding) / sizeof(tinyxEmbeddedFixedFontEncoding[0]),
    tinyxEmbeddedFixedFontBitmap, sizeof(tinyxEmbeddedFixedFontBitmap),
    tinyxEmbeddedFixedFontProperties, sizeof(tinyxEmbeddedFixedFontProperties) / sizeof(tinyxEmbeddedFixedFontProperties[0])
};

/* cursor.bdf sha256 308e987d461e1458860e179467924566d7a0e1c4c7046d8abe0cb86271e6ca53 */
static const uint8_t tinyxEmbeddedCursorFontBitmap[] = {
    0xe0, 0x1d, 0xf0, 0x3c, 0xf8, 0x7c, 0x7c, 0xf8, 0x3f, 0xf0, 0x1f, 0xe0,
    0x0f, 0xc0, 0x0f, 0xc0, 0x1f, 0xe0, 0x3f, 0xf0, 0x7c, 0xf8, 0xf8, 0x7c,
    0xf0, 0x3c, 0xe0, 0x1c, 0xf0, 0x0f, 0xf8, 0x1f, 0xfc, 0x3f, 0xfe, 0x7f,
    0x7f, 0xfe, 0x3f, 0xfc, 0x1f, 0xf8, 0x0f, 0xf0, 0x0f, 0xf0, 0x1f, 0xf8,
    0x3f, 0xfc, 0x7f, 0xfe, 0xfe, 0x7f, 0xfc, 0x3f, 0xf8, 0x1f, 0xf0, 0x0f,
    0x00, 0x0d, 0x00, 0x3c, 0x00, 0xf8, 0x03, 0xf8, 0x0f, 0xf0, 0x3f, 0xf0,
    0x03, 0xe0, 0x07, 0xe0, 0x0e, 0xc0, 0x1c, 0xc0, 0x38, 0x80, 0x70, 0x80,
    0xe0, 0x00, 0x40, 0x00, 0x00, 0x07, 0x00, 0x1f, 0x00, 0x7f, 0x01, 0xfe,
    0x07, 0xfe, 0x1f, 0xfc, 0x3f, 0xfc, 0x3f, 0xf8, 0x07, 0xf8, 0x0f, 0xf0,
    0x1f, 0xf0, 0x3e, 0xe0, 0x7c, 0xe0, 0xf8, 0x40, 0x70, 0x00, 0x20, 0x00,
    0xff, 0x00, 0xff, 0x18, 0x18, 0x18, 0x18, 0x5a, 0x3c, 0x18, 0xff, 0xc4,
    0xff, 0xc0, 0xff, 0xc0, 0xff, 0xc0, 0xff, 0xc0, 0x1e, 0x00, 0x1e, 0x00,
    0x7f, 0x80, 0x7f, 0x80, 0x7f, 0x80, 0x3f, 0x00, 0x1e, 0x00, 0x18, 0x3c,
    0x5a, 0x18, 0x18, 0x18, 0x18, 0xff, 0x00, 0xff, 0x0c, 0x04, 0x1e, 0x00,
    0x7f, 0x80, 0x7f, 0x80, 0x7f, 0x80, 0x1e, 0x00, 0x1e, 0x00, 0xff, 0xc0,
    0xff, 0xc0, 0xff, 0xc0, 0xff, 0xc0, 0xff, 0xc0, 0x01, 0x00, 0x07, 0xc0,
    0x88, 0x60, 0xff, 0xff, 0x00, 0x18, 0x00, 0x20, 0x00, 0x40, 0xff, 0xc0,
    0x07, 0x00, 0x0f, 0xc0, 0x9f, 0xe0, 0xff, 0xff, 0xff, 0xff, 0xff, 0xff,
    0xff, 0xf8, 0xff, 0xe0, 0xff, 0xc0, 0xe2, 0x39, 0x22, 0x20, 0x22, 0x20,
    0x22, 0x20, 0xff, 0xf8, 0xa2, 0x28, 0xa2, 0x28, 0xa2, 0x28, 0xa2, 0x28,
    0xff, 0xf8, 0x22, 0x20, 0x22, 0x20, 0x22, 0x20, 0xe2, 0x38, 0xfb, 0xbe,
    0xfb, 0xbe, 0xfb, 0xbe, 0x3b, 0xb8, 0xff, 0xfe, 0xff, 0xfe, 0xff, 0xfe,
    0xfb, 0xbe, 0xfb, 0xbe, 0xff, 0xfe, 0xff, 0xfe, 0xff, 0xfe, 0x3b, 0xb8,
    0xfb, 0xbe, 0xfb, 0xbe, 0xfb, 0xbe, 0xc0, 0x01, 0xc0, 0x00, 0xc4, 0x10,
    0xc4, 0x20, 0xc4, 0x40, 0xc4, 0x80, 0xc5, 0x00, 0xc6, 0x00, 0xc7, 0xf0,
    0xc0, 0x00, 0xc0, 0x00, 0xc0, 0x00, 0xff, 0xfc, 0xff, 0xfc, 0xf0, 0x00,
    0xf0, 0x00, 0xf7, 0x0c, 0xf7, 0x1c, 0xf7, 0x38, 0xf7, 0x70, 0xf7, 0xe0,
    0xf7, 0xc0, 0xf7, 0xfc, 0xf7, 0xfc, 0xf7, 0xfc, 0xf0, 0x00, 0xff, 0xff,
    0xff, 0xff, 0xff, 0xff, 0xff, 0xff, 0x00, 0x0d, 0x00, 0x0c, 0x20, 0x8c,
    0x10, 0x8c, 0x08, 0x8c, 0x04, 0x8c, 0x02, 0x8c, 0x01, 0x8c, 0x3f, 0x8c,
    0x00, 0x0c, 0x00, 0x0c, 0x00, 0x0c, 0xff, 0xfc, 0xff, 0xfc, 0x00, 0x0f,
    0x00, 0x0f, 0x30, 0xef, 0x38, 0xef, 0x1c, 0xef, 0x0e, 0xef, 0x07, 0xef,
    0x03, 0xef, 0x3f, 0xef, 0x3f, 0xef, 0x3f, 0xef, 0x00, 0x0f, 0xff, 0xff,
    0xff, 0xff, 0xff, 0xff, 0xff, 0xff, 0x02, 0x01, 0x02, 0x00, 0x02, 0x00,
    0x02, 0x00, 0x02, 0x00, 0x02, 0x00, 0x22, 0x20, 0x12, 0x40, 0x0a, 0x80,
    0x07, 0x00, 0x02, 0x00, 0x00, 0x00, 0xff, 0xf8, 0xff, 0xf8, 0x03, 0x80,
    0x03, 0x80, 0x03, 0x80, 0x03, 0x80, 0x03, 0x80, 0x03, 0x80, 0x33, 0x98,
    0x3b, 0xb8, 0x1f, 0xf0, 0x0f, 0xe0, 0x07, 0xc0, 0x03, 0x80, 0xff, 0xfe,
    0xff, 0xfe, 0xff, 0xfe, 0xff, 0xfe, 0x03, 0x01, 0x03, 0x00, 0x03, 0x00,
    0x03, 0x00, 0x03, 0x00, 0x03, 0x00, 0x03, 0x00, 0x03, 0x00, 0xff, 0xfc,
    0xff, 0xfc, 0x03, 0xc0, 0x03, 0xc0, 0x03, 0xc0, 0x03, 0xc0, 0x03, 0xc0,
    0x03, 0xc0, 0x03, 0xc0, 0x03, 0xc0, 0xff, 0xff, 0xff, 0xff, 0xff, 0xff,
    0xff, 0xff, 0xff, 0xff, 0x80, 0x00, 0xbf, 0xfe, 0xa0, 0x02, 0xaf, 0xfa,
    0xa8, 0x0a, 0xab, 0xea, 0xaa, 0x2a, 0xaa, 0xaa, 0xab, 0xaa, 0xa8, 0x2a,
    0xaf, 0xea, 0xa0, 0x0a, 0xbf, 0xfa, 0x80, 0x02, 0xff, 0xfe, 0xff, 0xff,
    0xff, 0xff, 0xff, 0xff, 0xff, 0xff, 0xff, 0xff, 0xff, 0xff, 0xff, 0xff,
    0xff, 0xff, 0xff, 0xff, 0xff, 0xff, 0xff, 0xff, 0xff, 0xff, 0xff, 0xff,
    0xff, 0xff, 0xff, 0xff, 0xff, 0xff, 0x0c, 0x09, 0x0c, 0x00, 0x1e, 0x00,
    0x1e, 0x00, 0x3f, 0x00, 0x3f, 0x00, 0x7f, 0x80, 0x7f, 0x80, 0xcc, 0xc0,
    0x8c, 0x40, 0x0c, 0x00, 0x0c, 0x00, 0x0c, 0x00, 0x0c, 0x00, 0x0f, 0x04,
    0x0f, 0x00, 0x1f, 0x80, 0x1f, 0x80, 0x3f, 0xc0, 0x3f, 0xc0, 0x7f, 0xe0,
    0x7f, 0xe0, 0xff, 0xf0, 0xff, 0xf0, 0xff, 0xf0, 0xef, 0x70, 0x0f, 0x00,
    0x0f, 0x00, 0x0f, 0x00, 0x0f, 0x00, 0x07, 0x81, 0x1f, 0xe0, 0x3f, 0xf0,
    0x78, 0x78, 0x70, 0x38, 0xe0, 0x1c, 0xe0, 0x1c, 0xe0, 0x1c, 0xe0, 0x1c,
    0x70, 0x38, 0x78, 0x78, 0x3f, 0xf0, 0x1f, 0xe0, 0x07, 0x80, 0x07, 0xe0,
    0x1f, 0xf8, 0x3f, 0xfc, 0x7f, 0xfe, 0x7f, 0xfe, 0xfc, 0x3f, 0xf8, 0x1f,
    0xf8, 0x1f, 0xf8, 0x1f, 0xf8, 0x1f, 0xfc, 0x3f, 0x7f, 0xfe, 0x7f, 0xfe,
    0x3f, 0xfc, 0x1f, 0xf8, 0x07, 0xe0, 0x3f, 0xf1, 0x67, 0x98, 0xc8, 0xcc,
    0x93, 0x24, 0x9e, 0x24, 0x88, 0x44, 0xc7, 0x8c, 0x7f, 0xf8, 0x53, 0x28,
    0x53, 0x28, 0x53, 0x28, 0x57, 0xa8, 0xd3, 0x2c, 0xf0, 0x3c, 0xff, 0xfc,
    0xff, 0xfc, 0x7f, 0xf8, 0xef, 0x9c, 0xdb, 0xee, 0xb7, 0xb6, 0xbf, 0xf6,
    0x9f, 0x66, 0xcf, 0xce, 0xff, 0xfc, 0xd7, 0xac, 0xd7, 0xac, 0xd7, 0xac,
    0xdf, 0xec, 0xd7, 0xae, 0xf3, 0x3e, 0xff, 0xfe, 0xff, 0xfe, 0x1f, 0xf1,
    0x20, 0x08, 0x60, 0x06, 0x50, 0x1a, 0x4f, 0xe2, 0xc0, 0x02, 0xc0, 0x02,
    0x40, 0x02, 0x40, 0x02, 0x59, 0x1a, 0x6a, 0xaa, 0xeb, 0xaa, 0xda, 0x9a,
    0x40, 0x02, 0x40, 0x02, 0x3f, 0xfc, 0x1f, 0xf0, 0x3f, 0xf8, 0x7f, 0xff,
    0x7f, 0xff, 0xff, 0xff, 0xff, 0xff, 0xff, 0xff, 0xff, 0xff, 0x7f, 0xff,
    0x7f, 0xff, 0xff, 0xff, 0xff, 0xff, 0xff, 0xff, 0xff, 0xff, 0x7f, 0xff,
    0x3f, 0xfc, 0x02, 0x80, 0x02, 0x80, 0x02, 0x80, 0x02, 0x80, 0x02, 0x80,
    0x02, 0x80, 0xfe, 0xff, 0x00, 0x00, 0xfe, 0xff, 0x02, 0x80, 0x02, 0x80,
    0x02, 0x80, 0x02, 0x80, 0x02, 0x80, 0x02, 0x80, 0x07, 0xc0, 0x07, 0xc0,
    0x07, 0xc0, 0x07, 0xc0, 0x07, 0xc0, 0xff, 0xff, 0xff, 0xff, 0xff, 0xff,
    0xff, 0xff, 0xff, 0xff, 0x07, 0xc0, 0x07, 0xc0, 0x07, 0xc0, 0x07, 0xc0,
    0x07, 0xc0, 0x07, 0xc0, 0x42, 0x84, 0xa2, 0x8a, 0x52, 0x94, 0x2a, 0xa8,
    0x16, 0xd0, 0x0a, 0xa0, 0xfd, 0x7f, 0x02, 0x80, 0xfd, 0x7f, 0x0a, 0xa0,
    0x16, 0xd0, 0x2a, 0xa8, 0x52, 0x94, 0xa2, 0x8a, 0x42, 0x84, 0x66, 0xcc,
    0xb6, 0xdb, 0xde, 0xf6, 0x6e, 0xec, 0x36, 0xd8, 0xfa, 0xbf, 0xfc, 0x7f,
    0x01, 0x00, 0xfc, 0x7f, 0xfa, 0xbf, 0x36, 0xd8, 0x6e, 0xec, 0xde, 0xf6,
    0xb6, 0xdb, 0x66, 0xcc, 0x01, 0x00, 0x01, 0x00, 0x01, 0x00, 0x01, 0x00,
    0x01, 0x00, 0x01, 0x00, 0x01, 0x00, 0xfe, 0xff, 0x01, 0x00, 0x01, 0x00,
    0x01, 0x00, 0x01, 0x00, 0x01, 0x00, 0x01, 0x00, 0x01, 0x00, 0x03, 0x80,
    0x03, 0x80, 0x03, 0x80, 0x03, 0x80, 0x03, 0x80, 0x03, 0x80, 0xff, 0xff,
    0xff, 0xff, 0xff, 0xff, 0x03, 0x80, 0x03, 0x80, 0x03, 0x80, 0x03, 0x80,
    0x03, 0x80, 0x03, 0x80, 0x03, 0x80, 0x02, 0x81, 0x06, 0xc0, 0x0a, 0xa0,
    0x12, 0x90, 0x22, 0x88, 0x42, 0x84, 0xfe, 0xfe, 0x00, 0x00, 0xfe, 0xfe,
    0x42, 0x84, 0x22, 0x88, 0x12, 0x90, 0x0a, 0xa0, 0x06, 0xc0, 0x02, 0x80,
    0x07, 0xc0, 0x0f, 0xe0, 0x1f, 0xf0, 0x3b, 0xb8, 0x73, 0x9c, 0xe3, 0x8e,
    0xff, 0xff, 0xfe, 0xff, 0xff, 0xff, 0xe3, 0x8e, 0x73, 0x9c, 0x3b, 0xb8,
    0x1f, 0xf0, 0x0f, 0xe0, 0x07, 0xc0, 0x03, 0x80, 0x1e, 0x09, 0x7f, 0x80,
    0x7f, 0x80, 0xff, 0xc0, 0xff, 0xc0, 0xff, 0xc0, 0xff, 0xc0, 0x7f, 0x80,
    0x7f, 0x80, 0x1e, 0x00, 0x1f, 0x84, 0x7f, 0xe0, 0x7f, 0xe0, 0xff, 0xf0,
    0xff, 0xf0, 0xff, 0xf0, 0xff, 0xf0, 0xff, 0xf0, 0xff, 0xf0, 0x7f, 0xe0,
    0x7f, 0xe0, 0x1f, 0x80, 0xff, 0xf9, 0x80, 0x10, 0x80, 0x10, 0x80, 0x10,
    0x80, 0x10, 0x86, 0x10, 0x86, 0x10, 0x80, 0x10, 0x80, 0x10, 0x80, 0x10,
    0x80, 0x10, 0xff, 0xf0, 0xff, 0xfc, 0xff, 0xfc, 0xff, 0xfc, 0xe0, 0x1c,
    0xe0, 0x1c, 0xe7, 0x9c, 0xe7, 0x9c, 0xe7, 0x9c, 0xe7, 0x9c, 0xe0, 0x1c,
    0xe0, 0x1c, 0xff, 0xfc, 0xff, 0xfc, 0xff, 0xfc, 0x0c, 0x09, 0x1e, 0x00,
    0x3f, 0x00, 0x6d, 0x80, 0xcc, 0xc0, 0x0c, 0x00, 0x0c, 0x00, 0x0c, 0x00,
    0x0c, 0x00, 0xcc, 0xc0, 0x6d, 0x80, 0x3f, 0x00, 0x1e, 0x00, 0x0c, 0x00,
    0x0f, 0x04, 0x1f, 0x80, 0x3f, 0xc0, 0x7f, 0xe0, 0xff, 0xf0, 0xff, 0xf0,
    0xff, 0xf0, 0x0f, 0x00, 0x0f, 0x00, 0xff, 0xf0, 0xff, 0xf0, 0xff, 0xf0,
    0x7f, 0xe0, 0x3f, 0xc0, 0x1f, 0x80, 0x0f, 0x00, 0x00, 0x03, 0x00, 0x0c,
    0x00, 0x3c, 0x00, 0xf8, 0x03, 0xf8, 0x0f, 0xf0, 0x3f, 0xf0, 0x01, 0xe0,
    0x02, 0xe0, 0x04, 0xc0, 0x08, 0xc0, 0x10, 0x80, 0x20, 0x80, 0x40, 0x00,
    0x80, 0x00, 0x00, 0x06, 0x00, 0x1e, 0x00, 0x7e, 0x01, 0xfc, 0x07, 0xf8,
    0x1f, 0xf8, 0x7f, 0xf0, 0x7f, 0xf0, 0x07, 0xe0, 0x0f, 0xe0, 0x1d, 0xc0,
    0x39, 0xc0, 0x71, 0x80, 0xe1, 0x80, 0xc0, 0x00, 0x80, 0x00, 0x00, 0x02,
    0x00, 0x0c, 0x00, 0x3c, 0x00, 0xf8, 0x03, 0xf8, 0x00, 0x70, 0x00, 0xb0,
    0x01, 0x20, 0x02, 0x20, 0x04, 0x00, 0x08, 0x00, 0x10, 0x00, 0x20, 0x00,
    0x40, 0x00, 0x80, 0x00, 0x00, 0x06, 0x00, 0x1e, 0x00, 0x7c, 0x01, 0xfc,
    0x07, 0xf8, 0x07, 0xf8, 0x01, 0xf0, 0x03, 0xf0, 0x07, 0x60, 0x0e, 0x40,
    0x1c, 0x00, 0x38, 0x00, 0x70, 0x00, 0xe0, 0x00, 0xc0, 0x00, 0xff, 0xf8,
    0x89, 0x10, 0x99, 0x90, 0xb0, 0xd0, 0xe0, 0x70, 0x86, 0x10, 0x86, 0x10,
    0xe0, 0x70, 0xb0, 0xd0, 0x99, 0x90, 0x89, 0x10, 0xff, 0xf0, 0xff, 0xfc,
    0xff, 0xfc, 0xcf, 0xcc, 0xdf, 0xec, 0xfc, 0xfc, 0xfb, 0x7c, 0xf7, 0xbc,
    0xf7, 0xbc, 0xfb, 0x7c, 0xfc, 0xfc, 0xdf, 0xec, 0xcf, 0xcc, 0xff, 0xfc,
    0xff, 0xfc, 0x8f, 0xc0, 0xdf, 0xe0, 0xf8, 0x30, 0x90, 0x10, 0x98, 0x00,
    0xfc, 0x00, 0x00, 0x00, 0x00, 0x00, 0x00, 0xfc, 0x00, 0x64, 0x20, 0x24,
    0x30, 0x7c, 0x1f, 0xec, 0x0f, 0xc4, 0xc7, 0xe0, 0xef, 0xf0, 0xff, 0xf8,
    0xff, 0xfc, 0xfc, 0x1c, 0xff, 0x0c, 0xff, 0x00, 0xff, 0x00, 0x00, 0xff,
    0x00, 0xff, 0x30, 0x7f, 0x38, 0x3f, 0x3f, 0xff, 0x1f, 0xff, 0x0f, 0xf7,
    0x07, 0xe3, 0x03, 0x00, 0x07, 0x80, 0x0f, 0xc0, 0x03, 0x00, 0x23, 0x10,
    0x63, 0x18, 0xff, 0xfc, 0xff, 0xfc, 0x63, 0x18, 0x23, 0x10, 0x03, 0x00,
    0x0f, 0xc0, 0x07, 0x80, 0x03, 0x00, 0x03, 0xc0, 0x03, 0xe0, 0x07, 0xe0,
    0x0f, 0xf0, 0x17, 0xe8, 0x3b, 0xdc, 0xff, 0xff, 0xff, 0xff, 0xff, 0xff,
    0xff, 0xff, 0x3b, 0xdc, 0x17, 0xe8, 0x0f, 0xf0, 0x07, 0xe0, 0x03, 0xc0,
    0x03, 0xc0, 0x00, 0x78, 0x00, 0x70, 0x80, 0x33, 0x9f, 0xb0, 0xff, 0xf0,
    0xfe, 0x30, 0xfc, 0x30, 0x60, 0x38, 0x00, 0xf0, 0x1f, 0xe0, 0x08, 0x00,
    0x08, 0x00, 0x08, 0x00, 0x08, 0x00, 0x1e, 0x00, 0x00, 0xfc, 0x00, 0xfc,
    0xc0, 0xff, 0xff, 0xff, 0xff, 0xff, 0xff, 0xfc, 0xff, 0xfc, 0xff, 0xfc,
    0xff, 0xfc, 0xff, 0xfc, 0x7f, 0xf8, 0x1f, 0xf0, 0x1c, 0x00, 0x1c, 0x00,
    0x3f, 0x00, 0x3f, 0x00, 0x3f, 0x00, 0x10, 0x80, 0xc8, 0x40, 0xea, 0xa0,
    0xc8, 0x20, 0xcb, 0xa0, 0xf8, 0x3c, 0x38, 0x3f, 0x08, 0x27, 0x08, 0x27,
    0x09, 0x2f, 0x09, 0x27, 0x09, 0x20, 0x11, 0x10, 0x21, 0x08, 0x3e, 0xf8,
    0x3f, 0x00, 0xdf, 0x80, 0xef, 0xc0, 0xff, 0xe0, 0xef, 0xe0, 0xef, 0xfc,
    0xff, 0xfe, 0xff, 0xff, 0x3f, 0xef, 0x0f, 0xef, 0x0f, 0xff, 0x0f, 0xef,
    0x0f, 0xe7, 0x1f, 0xf0, 0x3f, 0xf8, 0x3e, 0xf8, 0x00, 0x18, 0x00, 0x78,
    0x01, 0xe0, 0x03, 0xc0, 0x07, 0x80, 0x0f, 0xc0, 0x1f, 0xe0, 0x5f, 0xc0,
    0xff, 0xe0, 0xbf, 0xe0, 0x0f, 0xc0, 0x0f, 0x80, 0x94, 0x00, 0xc4, 0x00,
    0x68, 0x00, 0x30, 0x00, 0x00, 0x3b, 0x00, 0xf8, 0x03, 0xf0, 0x07, 0xe0,
    0x0f, 0xc0, 0x1f, 0xe0, 0x7f, 0xf0, 0xff, 0xf0, 0xff, 0xf0, 0xff, 0xf0,
    0xff, 0xe0, 0xff, 0xc0, 0xff, 0x80, 0xfe, 0x00, 0xfc, 0x00, 0x78, 0x00,
    0x7f, 0x80, 0x80, 0x40, 0x7e, 0x20, 0x10, 0x10, 0x0e, 0x10, 0x10, 0x10,
    0x0e, 0x28, 0x10, 0x44, 0x0c, 0x82, 0x03, 0x04, 0x02, 0x48, 0x01, 0x10,
    0x00, 0xa0, 0x00, 0x40, 0x7f, 0x80, 0xff, 0xc0, 0xff, 0xe0, 0xff, 0xf0,
    0x7f, 0xf8, 0x1f, 0xf8, 0x3f, 0xf8, 0x1f, 0xfc, 0x3f, 0xfe, 0x1f, 0xff,
    0x0f, 0xfe, 0x07, 0xfc, 0x03, 0xf8, 0x01, 0xf0, 0x00, 0xe0, 0x00, 0x40,
    0x3e, 0xf8, 0x63, 0x8c, 0xc1, 0x06, 0x80, 0x02, 0x80, 0x02, 0x80, 0x02,
    0x80, 0x02, 0xc0, 0x06, 0x60, 0x0c, 0x30, 0x18, 0x18, 0x30, 0x0c, 0x60,
    0x06, 0xc0, 0x03, 0x80, 0x3e, 0xf9, 0x7f, 0xfc, 0xe3, 0x8e, 0xc1, 0x06,
    0xc0, 0x06, 0xc0, 0x06, 0xc2, 0x86, 0xe1, 0x0e, 0x70, 0x1c, 0x38, 0x38,
    0x1c, 0x70, 0x0f, 0xe0, 0x07, 0xc0, 0x03, 0x80, 0xff, 0xff, 0xd5, 0x55,
    0xaa, 0xab, 0xd5, 0x55, 0xa0, 0x0b, 0xd0, 0x05, 0xa0, 0x0b, 0xd0, 0x05,
    0xa0, 0x0b, 0xd0, 0x05, 0xa0, 0x0b, 0xd0, 0x05, 0xaa, 0xab, 0xd5, 0x55,
    0xaa, 0xab, 0xff, 0xff, 0xff, 0xff, 0xff, 0xff, 0xff, 0xff, 0xff, 0xff,
    0xff, 0xff, 0xff, 0xff, 0xff, 0xff, 0xff, 0xff, 0xff, 0xff, 0xff, 0xff,
    0xff, 0xff, 0xff, 0xff, 0xff, 0xff, 0xff, 0xff, 0xff, 0xff, 0xff, 0xff,
    0x7f, 0xf8, 0x3f, 0xf0, 0x9f, 0xe4, 0xcf, 0xcc, 0xe7, 0x9c, 0xf3, 0x3c,
    0xff, 0xfc, 0xff, 0xfc, 0xf3, 0x3c, 0xe7, 0x9c, 0xcf, 0xcc, 0x9f, 0xe4,
    0x3f, 0xf0, 0x7f, 0xf8, 0x3f, 0xfc, 0x7f, 0xfe, 0x7f, 0xfe, 0xff, 0xff,
    0xff, 0xff, 0xff, 0xff, 0xff, 0xff, 0xff, 0xff, 0xff, 0xff, 0xff, 0xff,
    0xff, 0xff, 0xff, 0xff, 0xff, 0xff, 0x7f, 0xfe, 0x7f, 0xfe, 0x3f, 0xfc,
    0x80, 0xc0, 0xe0, 0xf0, 0xf8, 0xfc, 0xfe, 0xff, 0xf8, 0xd8, 0x8c, 0x0c,
    0x06, 0x06, 0xc0, 0x03, 0xe0, 0x00, 0xf0, 0x00, 0xf8, 0x00, 0xfc, 0x00,
    0xfe, 0x00, 0xff, 0x00, 0xff, 0x80, 0xff, 0xc0, 0xff, 0xc0, 0xfe, 0x00,
    0xef, 0x00, 0xcf, 0x00, 0x07, 0x80, 0x07, 0x80, 0x03, 0x00, 0xc0, 0x00,
    0xc0, 0x00, 0xc1, 0x00, 0xc2, 0x00, 0xc4, 0x00, 0xc8, 0x00, 0xdf, 0xfc,
    0xc8, 0x00, 0xc4, 0x00, 0xc2, 0x00, 0xc1, 0x00, 0xc0, 0x00, 0xc0, 0x00,
    0xf0, 0x00, 0xf0, 0x00, 0xf0, 0xc0, 0xf1, 0xc0, 0xf3, 0x80, 0xf7, 0x00,
    0xff, 0xff, 0xff, 0xff, 0xff, 0xff, 0xf7, 0x00, 0xf3, 0x80, 0xf1, 0xc0,
    0xf0, 0xc0, 0xf0, 0x00, 0xf0, 0x00, 0xc0, 0x08, 0xc0, 0x00, 0xc0, 0x00,
    0xc0, 0x00, 0xc0, 0x00, 0xc0, 0x00, 0xff, 0xc0, 0xff, 0xc0, 0xc0, 0x00,
    0xc0, 0x00, 0xc0, 0x00, 0xc0, 0x00, 0xc0, 0x00, 0xc0, 0x00, 0xf0, 0x03,
    0xf0, 0x00, 0xf0, 0x00, 0xf0, 0x00, 0xf0, 0x00, 0xf0, 0x00, 0xff, 0xf0,
    0xff, 0xf0, 0xff, 0xf0, 0xff, 0xf0, 0xf0, 0x00, 0xf0, 0x00, 0xf0, 0x00,
    0xf0, 0x00, 0xf0, 0x00, 0xf0, 0x00, 0x80, 0x03, 0x7f, 0xfd, 0x7f, 0xfd,
    0x44, 0x45, 0x45, 0x55, 0x45, 0x55, 0x45, 0x55, 0x45, 0x55, 0x44, 0x45,
    0x7f, 0xfd, 0x7f, 0xfd, 0x7f, 0xfd, 0x7f, 0xfd, 0x7f, 0xfd, 0x7f, 0xfd,
    0x80, 0x03, 0x7f, 0xfd, 0xff, 0xfe, 0xff, 0xfe, 0xff, 0xfe, 0xff, 0xfe,
    0xff, 0xfe, 0xff, 0xfe, 0xff, 0xfe, 0xff, 0xfe, 0xff, 0xfe, 0xff, 0xfe,
    0xff, 0xfe, 0xff, 0xfe, 0xff, 0xfe, 0xff, 0xfe, 0x7f, 0xfc, 0xc0, 0x08,
    0xc0, 0x00, 0xc0, 0x00, 0xc0, 0x00, 0xc0, 0x00, 0xc0, 0x00, 0xc0, 0x00,
    0xc0, 0x00, 0xff, 0xc0, 0xff, 0xc0, 0xf0, 0x03, 0xf0, 0x00, 0xf0, 0x00,
    0xf0, 0x00, 0xf0, 0x00, 0xf0, 0x00, 0xf0, 0x00, 0xf0, 0x00, 0xff, 0xf0,
    0xff, 0xf0, 0xff, 0xf0, 0xff, 0xf0, 0x00, 0xc8, 0x00, 0xc0, 0x00, 0xc0,
    0x00, 0xc0, 0x00, 0xc0, 0x00, 0xc0, 0x00, 0xc0, 0x00, 0xc0, 0xff, 0xc0,
    0xff, 0xc0, 0x00, 0xf3, 0x00, 0xf0, 0x00, 0xf0, 0x00, 0xf0, 0x00, 0xf0,
    0x00, 0xf0, 0x00, 0xf0, 0x00, 0xf0, 0xff, 0xf0, 0xff, 0xf0, 0xff, 0xf0,
    0xff, 0xf0, 0x03, 0x80, 0x1e, 0xf0, 0x02, 0x80, 0x81, 0x00, 0x43, 0x87,
    0x24, 0x4b, 0x1d, 0x70, 0x05, 0x40, 0x04, 0x40, 0x02, 0x80, 0x04, 0x40,
    0x09, 0x20, 0x12, 0x90, 0x14, 0x50, 0x78, 0x3c, 0xf8, 0x3f, 0x1f, 0xe0,
    0x3f, 0xf0, 0x3f, 0xf8, 0xc3, 0x82, 0xe7, 0xc7, 0x7f, 0xff, 0x3f, 0xfb,
    0x1f, 0xf0, 0x07, 0xe0, 0x07, 0xc0, 0x0f, 0xe0, 0x1f, 0xf0, 0x3f, 0xf8,
    0x7e, 0xfc, 0xfc, 0x7f, 0xfc, 0x7f, 0x80, 0x03, 0x7f, 0xfd, 0x7f, 0xfd,
    0x44, 0x45, 0x54, 0x55, 0x54, 0x55, 0x54, 0x55, 0x54, 0x55, 0x44, 0x45,
    0x7f, 0xfd, 0x7f, 0xfd, 0x7f, 0xfd, 0x7f, 0xfd, 0x7f, 0xfd, 0x7f, 0xfd,
    0x80, 0x03, 0x7f, 0xfd, 0xff, 0xfe, 0xff, 0xfe, 0xff, 0xfe, 0xff, 0xfe,
    0xff, 0xfe, 0xff, 0xfe, 0xff, 0xfe, 0xff, 0xfe, 0xff, 0xfe, 0xff, 0xfe,
    0xff, 0xfe, 0xff, 0xfe, 0xff, 0xfe, 0xff, 0xfe, 0x7f, 0xfc, 0x07, 0x00,
    0x0c, 0x00, 0x06, 0x00, 0x03, 0x00, 0x7f, 0xf8, 0x80, 0x04, 0xb3, 0x36,
    0xb3, 0x36, 0xb3, 0x36, 0x80, 0x06, 0x80, 0x06, 0x60, 0x1c, 0x18, 0x60,
    0x07, 0x80, 0x0f, 0x80, 0x1e, 0x00, 0x0f, 0x00, 0x07, 0x00, 0x7f, 0xf8,
    0xff, 0xfc, 0xff, 0xff, 0xff, 0xff, 0xff, 0xff, 0xff, 0xff, 0xff, 0xff,
    0xff, 0xff, 0x3f, 0xf7, 0x1f, 0xe0, 0x0f, 0xc0, 0x07, 0x80, 0x70, 0x08,
    0x88, 0x00, 0x8c, 0x00, 0x4a, 0x00, 0x7a, 0x00, 0x21, 0x00, 0x11, 0x00,
    0x10, 0x80, 0x08, 0x80, 0x0c, 0x40, 0x04, 0x40, 0x02, 0x20, 0x01, 0xe0,
    0x00, 0xe0, 0x00, 0x60, 0x00, 0x20, 0xfc, 0x03, 0xfe, 0x00, 0xff, 0x00,
    0x7f, 0x00, 0x3f, 0x80, 0x3f, 0x80, 0x1f, 0xc0, 0x0f, 0xc0, 0x0f, 0xe0,
    0x07, 0xe0, 0x07, 0xf0, 0x03, 0xf8, 0x01, 0xf8, 0x00, 0xf8, 0x00, 0x78,
    0x00, 0x38, 0x07, 0x80, 0x0f, 0xc0, 0x1f, 0xe0, 0x33, 0x30, 0x33, 0x30,
    0x1f, 0xe0, 0x0f, 0xc0, 0x07, 0x80, 0x87, 0x84, 0x87, 0x86, 0x43, 0x08,
    0x38, 0x70, 0x07, 0x80, 0x1f, 0xe2, 0xf0, 0x3e, 0x80, 0x04, 0x0f, 0xc0,
    0x1f, 0xe0, 0x3f, 0xf0, 0x7f, 0xf8, 0x7f, 0xf8, 0x3f, 0xf0, 0x1f, 0xe0,
    0x8f, 0xc1, 0x8f, 0xc7, 0xcf, 0xcf, 0xf7, 0x9c, 0x78, 0x78, 0x07, 0x80,
    0x7f, 0xe3, 0xff, 0xff, 0xf0, 0x3e, 0x0c, 0x08, 0x0c, 0x00, 0x0c, 0x00,
    0x0c, 0x00, 0xff, 0xc0, 0xff, 0xc0, 0x0c, 0x00, 0x0c, 0x00, 0x0c, 0x00,
    0x0c, 0x00, 0x0f, 0x03, 0x0f, 0x00, 0x0f, 0x00, 0x0f, 0x00, 0xff, 0xf0,
    0xff, 0xf0, 0xff, 0xf0, 0xff, 0xf0, 0x0f, 0x00, 0x0f, 0x00, 0x0f, 0x00,
    0x0f, 0x00, 0x3e, 0x08, 0x7f, 0x00, 0xe3, 0x80, 0xc1, 0x80, 0xe1, 0x80,
    0x63, 0x80, 0x07, 0x00, 0x1e, 0x00, 0x1c, 0x00, 0x14, 0x00, 0x14, 0x00,
    0x77, 0x00, 0x36, 0x00, 0x1c, 0x00, 0x08, 0x00, 0x1f, 0x03, 0x3f, 0x80,
    0x7f, 0xc0, 0xff, 0xe0, 0xf1, 0xe0, 0xf9, 0xe0, 0x7b, 0xe0, 0x3f, 0xc0,
    0x1f, 0x80, 0x1f, 0x00, 0x1f, 0x00, 0x3f, 0x80, 0x7f, 0xc0, 0x3f, 0x80,
    0x1f, 0x00, 0x0e, 0x00, 0x01, 0x03, 0x07, 0x0f, 0x1f, 0x3f, 0x7f, 0xff,
    0x1f, 0x1b, 0x31, 0x30, 0x60, 0x60, 0x00, 0xc3, 0x01, 0xc0, 0x03, 0xc0,
    0x07, 0xc0, 0x0f, 0xc0, 0x1f, 0xc0, 0x3f, 0xc0, 0x7f, 0xc0, 0xff, 0xc0,
    0xff, 0xc0, 0x1f, 0xc0, 0x3d, 0xc0, 0x3c, 0xc0, 0x78, 0x00, 0x78, 0x00,
    0x30, 0x00, 0x00, 0x0c, 0x00, 0x0c, 0x02, 0x0c, 0x01, 0x0c, 0x00, 0x8c,
    0x00, 0x4c, 0xff, 0xec, 0x00, 0x4c, 0x00, 0x8c, 0x01, 0x0c, 0x02, 0x0c,
    0x00, 0x0c, 0x00, 0x0c, 0x00, 0x0f, 0x00, 0x0f, 0x03, 0x0f, 0x03, 0x8f,
    0x01, 0xcf, 0x00, 0xef, 0xff, 0xff, 0xff, 0xff, 0xff, 0xff, 0x00, 0xef,
    0x01, 0xcf, 0x03, 0x8f, 0x03, 0x0f, 0x00, 0x0f, 0x00, 0x0f, 0x00, 0xc8,
    0x00, 0xc0, 0x00, 0xc0, 0x00, 0xc0, 0x00, 0xc0, 0x00, 0xc0, 0xff, 0xc0,
    0xff, 0xc0, 0x00, 0xc0, 0x00, 0xc0, 0x00, 0xc0, 0x00, 0xc0, 0x00, 0xc0,
    0x00, 0xc0, 0x00, 0xf3, 0x00, 0xf0, 0x00, 0xf0, 0x00, 0xf0, 0x00, 0xf0,
    0x00, 0xf0, 0xff, 0xf0, 0xff, 0xf0, 0xff, 0xf0, 0xff, 0xf0, 0x00, 0xf0,
    0x00, 0xf0, 0x00, 0xf0, 0x00, 0xf0, 0x00, 0xf0, 0x00, 0xf0, 0x80, 0x03,
    0x7f, 0xfd, 0x7f, 0xfd, 0x44, 0x45, 0x55, 0x45, 0x55, 0x45, 0x55, 0x45,
    0x55, 0x45, 0x44, 0x45, 0x7f, 0xfd, 0x7f, 0xfd, 0x7f, 0xfd, 0x7f, 0xfd,
    0x7f, 0xfd, 0x7f, 0xfd, 0x80, 0x03, 0x7f, 0xfd, 0xff, 0xfe, 0xff, 0xfe,
    0xff, 0xfe, 0xff, 0xfe, 0xff, 0xfe, 0xff, 0xfe, 0xff, 0xfe, 0xff, 0xfe,
    0xff, 0xfe, 0xff, 0xfe, 0xff, 0xfe, 0xff, 0xfe, 0xff, 0xfe, 0xff, 0xfe,
    0x7f, 0xfc, 0xff, 0xfc, 0x80, 0x44, 0x80, 0x44, 0x80, 0x44, 0xff, 0xc4,
    0x88, 0x44, 0x88, 0x44, 0x88, 0x44, 0x88, 0x44, 0x8f, 0xfc, 0x88, 0x04,
    0x88, 0x04, 0x88, 0x04, 0xff, 0xfc, 0xff, 0xff, 0xff, 0xff, 0xff, 0xff,
    0xe0, 0x77, 0xff, 0xf7, 0xff, 0xf7, 0xff, 0xf7, 0xee, 0x77, 0xee, 0x77,
    0xef, 0xff, 0xef, 0xff, 0xef, 0xff, 0xee, 0x07, 0xff, 0xff, 0xff, 0xff,
    0xff, 0xff, 0x01, 0x08, 0x01, 0x00, 0x05, 0x80, 0x05, 0x80, 0x0d, 0x80,
    0x0d, 0xc0, 0x1d, 0xc0, 0x1d, 0xc0, 0x3d, 0xe0, 0x3d, 0xe0, 0x7d, 0xe0,
    0x7d, 0xf0, 0xf8, 0xe0, 0x00, 0xc0, 0x00, 0xe0, 0x01, 0xe0, 0x03, 0xf0,
    0x03, 0xf0, 0x07, 0xf0, 0x07, 0xf8, 0x0f, 0xf8, 0x0f, 0xf8, 0x1f, 0xfc,
    0x1f, 0xfc, 0x3f, 0xfc, 0x3f, 0xff, 0x7f, 0xff, 0xff, 0xf8, 0x7f, 0xe0,
    0x28, 0x28, 0x28, 0x28, 0x28, 0x28, 0x28, 0x28, 0x28, 0x28, 0x28, 0xfe,
    0x7c, 0x38, 0x10, 0x3e, 0x03, 0x3e, 0x00, 0x3e, 0x00, 0x3e, 0x00, 0x3e,
    0x00, 0x3e, 0x00, 0x3e, 0x00, 0x3e, 0x00, 0x3e, 0x00, 0x3e, 0x00, 0xff,
    0x80, 0xff, 0x80, 0x7f, 0x00, 0x3e, 0x00, 0x1c, 0x00, 0x08, 0x00, 0x10,
    0x10, 0x30, 0x18, 0x7f, 0xfc, 0xf0, 0x1e, 0x7f, 0xfc, 0x30, 0x18, 0x10,
    0x10, 0x18, 0x31, 0x38, 0x38, 0x7f, 0xfc, 0xff, 0xfe, 0xff, 0xfe, 0xff,
    0xfe, 0x7f, 0xfc, 0x38, 0x38, 0x18, 0x30, 0x10, 0x00, 0x30, 0x00, 0x7f,
    0xfe, 0xf0, 0x00, 0x7f, 0xfe, 0x30, 0x00, 0x10, 0x00, 0x0c, 0x00, 0x1c,
    0x00, 0x3f, 0xff, 0x7f, 0xff, 0xff, 0xff, 0x7f, 0xff, 0x3f, 0xff, 0x1c,
    0x00, 0x0c, 0x00, 0x00, 0x10, 0x00, 0x18, 0xff, 0xfc, 0x00, 0x1e, 0xff,
    0xfc, 0x00, 0x18, 0x00, 0x10, 0x00, 0x30, 0x00, 0x38, 0xff, 0xfc, 0xff,
    0xfe, 0xff, 0xff, 0xff, 0xfe, 0xff, 0xfc, 0x00, 0x38, 0x00, 0x30, 0x10,
    0x39, 0x7c, 0xfe, 0x28, 0x28, 0x28, 0x28, 0x28, 0x28, 0x28, 0x28, 0x28,
    0x28, 0x28, 0x08, 0x03, 0x1c, 0x00, 0x3e, 0x00, 0x7f, 0x00, 0xff, 0x80,
    0xff, 0x80, 0x3e, 0x00, 0x3e, 0x00, 0x3e, 0x00, 0x3e, 0x00, 0x3e, 0x00,
    0x3e, 0x00, 0x3e, 0x00, 0x3e, 0x00, 0x3e, 0x00, 0x3e, 0x00, 0x10, 0x39,
    0x7c, 0xfe, 0x28, 0x28, 0x28, 0x28, 0x28, 0x28, 0x28, 0xfe, 0x7c, 0x38,
    0x10, 0x1c, 0x03, 0x3e, 0x00, 0x7f, 0x00, 0xff, 0x80, 0xff, 0x80, 0x3e,
    0x00, 0x3e, 0x00, 0x3e, 0x00, 0x3e, 0x00, 0x3e, 0x00, 0xff, 0x80, 0xff,
    0x80, 0x7f, 0x00, 0x3e, 0x00, 0x1c, 0x00, 0x00, 0x21, 0x00, 0x70, 0x00,
    0xf8, 0x01, 0xde, 0x05, 0xde, 0x09, 0xde, 0x11, 0xde, 0x11, 0xde, 0x11,
    0xde, 0x11, 0xde, 0x31, 0xde, 0x71, 0xde, 0xfd, 0xde, 0x18, 0x88, 0x00,
    0x78, 0x00, 0x30, 0x00, 0x38, 0x00, 0x7c, 0x00, 0xfe, 0x00, 0xff, 0x06,
    0xff, 0x0e, 0xff, 0x1e, 0xff, 0x1e, 0xff, 0x1e, 0xff, 0x1e, 0xff, 0x3e,
    0xff, 0x7e, 0xff, 0xfe, 0xff, 0x7e, 0xfe, 0x0c, 0x7e, 0x00, 0x3c, 0xff,
    0x03, 0x80, 0x00, 0x80, 0x00, 0x80, 0x00, 0x8f, 0xc0, 0x88, 0x40, 0x88,
    0x44, 0x88, 0x44, 0x08, 0x44, 0x0f, 0xc4, 0x00, 0x24, 0x00, 0x14, 0x00,
    0x0c, 0x03, 0xfc, 0xff, 0xc0, 0xff, 0xc0, 0xff, 0xc0, 0xe0, 0x00, 0xef,
    0xf0, 0xef, 0xf0, 0xef, 0xf7, 0xee, 0x77, 0xee, 0x77, 0xef, 0xf7, 0x0f,
    0xf7, 0x0f, 0xff, 0x00, 0x1f, 0x03, 0xff, 0x03, 0xff, 0x03, 0xff, 0x20,
    0x10, 0x10, 0x20, 0x10, 0x20, 0x08, 0x40, 0x08, 0x40, 0x87, 0x87, 0x67,
    0x98, 0x1f, 0xe0, 0x1f, 0xe0, 0x67, 0x98, 0x87, 0x87, 0x08, 0x40, 0x08,
    0x40, 0x10, 0x20, 0x10, 0x20, 0x20, 0x10, 0x60, 0x18, 0x30, 0x30, 0x10,
    0x20, 0x18, 0x60, 0x8f, 0xc1, 0xcf, 0xcf, 0x6f, 0xdc, 0x3f, 0xf0, 0x3f,
    0xe0, 0x6f, 0xf8, 0xcf, 0xcf, 0x8f, 0xc1, 0x18, 0x40, 0x18, 0x60, 0x30,
    0x30, 0x60, 0x18, 0x00, 0x67, 0x01, 0x00, 0x34, 0x60, 0x79, 0x00, 0x68,
    0x60, 0xfc, 0x00, 0x84, 0x00, 0xe4, 0x00, 0xa4, 0x00, 0xe4, 0x00, 0xa4,
    0x00, 0xe4, 0x00, 0xe4, 0x00, 0x84, 0x00, 0x84, 0x00, 0xfc, 0x00, 0x00,
    0x32, 0x18, 0xb0, 0x3e, 0xb0, 0x3e, 0xb0, 0x7e, 0xb0, 0xff, 0x00, 0xff,
    0x00, 0xff, 0x00, 0xff, 0x00, 0xff, 0x00, 0xff, 0x00, 0xff, 0x00, 0xff,
    0x00, 0xff, 0x00, 0xff, 0x00, 0xff, 0x00, 0x01, 0x01, 0x02, 0x80, 0x02,
    0x80, 0x02, 0x80, 0x04, 0x40, 0x04, 0x40, 0x04, 0x40, 0x39, 0x38, 0xc0,
    0x06, 0x38, 0x38, 0x09, 0x20, 0x12, 0x90, 0x24, 0x48, 0x28, 0x28, 0x30,
    0x18, 0x20, 0x08, 0x01, 0x00, 0x03, 0x80, 0x03, 0x80, 0x06, 0xc0, 0x06,
    0xc0, 0x0c, 0x60, 0x1c, 0x78, 0xf9, 0x3e, 0xc0, 0x07, 0xf8, 0x3e, 0x39,
    0x38, 0x33, 0x98, 0x66, 0xcc, 0x6c, 0x6c, 0x78, 0x3c, 0x70, 0x1c, 0x03,
    0x81, 0x0f, 0xe0, 0x1c, 0x70, 0x30, 0x18, 0x60, 0x0c, 0xc1, 0x06, 0xc2,
    0x86, 0xc1, 0x06, 0x60, 0x0c, 0x30, 0x18, 0x1c, 0x70, 0x0f, 0xe0, 0x03,
    0x80, 0x07, 0xc0, 0x0f, 0xe0, 0x1f, 0xf0, 0x3c, 0x78, 0x70, 0x1c, 0xe1,
    0x0e, 0xc3, 0x87, 0xc6, 0xc7, 0xc3, 0x87, 0xe1, 0x0e, 0x70, 0x1c, 0x3c,
    0x78, 0x1f, 0xf0, 0x07, 0xc0, 0x02, 0x07, 0x02, 0x00, 0x02, 0x00, 0x02,
    0x00, 0x02, 0x00, 0x02, 0x00, 0xff, 0xf8, 0x02, 0x00, 0x02, 0x00, 0x02,
    0x00, 0x02, 0x00, 0x02, 0x00, 0x02, 0x00, 0x03, 0x80, 0x03, 0x80, 0x03,
    0x80, 0x03, 0x80, 0x03, 0x80, 0x03, 0x80, 0xff, 0xfe, 0xff, 0xfe, 0xff,
    0xfe, 0x03, 0x80, 0x03, 0x80, 0x03, 0x80, 0x03, 0x80, 0x03, 0x80, 0x03,
    0x80, 0xc0, 0x03, 0xf0, 0x00, 0x7c, 0x00, 0x7f, 0x00, 0x3f, 0xc0, 0x3f,
    0xf0, 0x1f, 0x00, 0x1f, 0x00, 0x0c, 0x80, 0x0c, 0x40, 0x04, 0x20, 0x04,
    0x10, 0x00, 0x08, 0x00, 0x04, 0xe0, 0x00, 0xf8, 0x00, 0xfe, 0x00, 0x7f,
    0x80, 0x7f, 0xe0, 0x3f, 0xfc, 0x3f, 0xfc, 0x1f, 0xfc, 0x1f, 0xc0, 0x0f,
    0xe0, 0x0f, 0x70, 0x07, 0x38, 0x07, 0x1c, 0x07, 0x0e, 0x00, 0x07, 0x00,
    0x03, 0xff, 0xff, 0xff, 0xfc, 0xc0, 0x00, 0xc0, 0x00, 0xc0, 0x00, 0xc7,
    0xf0, 0xc6, 0x00, 0xc5, 0x00, 0xc4, 0x80, 0xc4, 0x40, 0xc4, 0x20, 0xc4,
    0x10, 0xc0, 0x00, 0xc0, 0x00, 0xff, 0xff, 0xff, 0xff, 0xff, 0xff, 0xff,
    0xff, 0xf0, 0x00, 0xf7, 0xfc, 0xf7, 0xfc, 0xf7, 0xfc, 0xf7, 0xc0, 0xf7,
    0xe0, 0xf7, 0x70, 0xf7, 0x38, 0xf7, 0x1c, 0xf7, 0x0c, 0xf0, 0x00, 0xf0,
    0x00, 0xff, 0xff, 0xff, 0xfc, 0x00, 0x0c, 0x00, 0x0c, 0x00, 0x0c, 0x3f,
    0x8c, 0x01, 0x8c, 0x02, 0x8c, 0x04, 0x8c, 0x08, 0x8c, 0x10, 0x8c, 0x20,
    0x8c, 0x00, 0x0c, 0x00, 0x0c, 0xff, 0xff, 0xff, 0xff, 0xff, 0xff, 0xff,
    0xff, 0x00, 0x0f, 0x3f, 0xef, 0x3f, 0xef, 0x3f, 0xef, 0x03, 0xef, 0x07,
    0xef, 0x0e, 0xef, 0x1c, 0xef, 0x38, 0xef, 0x30, 0xef, 0x00, 0x0f, 0x00,
    0x0f, 0xff, 0xff, 0xff, 0xf8, 0x00, 0x00, 0x02, 0x00, 0x07, 0x00, 0x0a,
    0x80, 0x12, 0x40, 0x22, 0x20, 0x02, 0x00, 0x02, 0x00, 0x02, 0x00, 0x02,
    0x00, 0x02, 0x00, 0x02, 0x00, 0xff, 0xfe, 0xff, 0xfe, 0xff, 0xfe, 0xff,
    0xfe, 0x03, 0x80, 0x07, 0xc0, 0x0f, 0xe0, 0x1f, 0xf0, 0x3b, 0xb8, 0x33,
    0x98, 0x03, 0x80, 0x03, 0x80, 0x03, 0x80, 0x03, 0x80, 0x03, 0x80, 0x03,
    0x80, 0xff, 0xff, 0xff, 0xfc, 0x03, 0x00, 0x03, 0x00, 0x03, 0x00, 0x03,
    0x00, 0x03, 0x00, 0x03, 0x00, 0x03, 0x00, 0x03, 0x00, 0xff, 0xff, 0xff,
    0xff, 0xff, 0xff, 0xff, 0xff, 0x03, 0xc0, 0x03, 0xc0, 0x03, 0xc0, 0x03,
    0xc0, 0x03, 0xc0, 0x03, 0xc0, 0x03, 0xc0, 0x03, 0xc0, 0x11, 0x01, 0x38,
    0x7c, 0xfe, 0xee, 0xfe, 0x7c, 0x38, 0x10, 0xba, 0xd6, 0x92, 0x82, 0x82,
    0x82, 0x1c, 0x02, 0x1c, 0x00, 0x3e, 0x00, 0x7f, 0x00, 0xff, 0x80, 0xff,
    0x80, 0xff, 0x80, 0x7f, 0x00, 0x3e, 0x00, 0x5d, 0x00, 0xff, 0x80, 0xff,
    0x80, 0xff, 0x80, 0xeb, 0x80, 0xeb, 0x80, 0xe3, 0x80, 0xff, 0xc7, 0xff,
    0xc0, 0xc0, 0x00, 0xc0, 0x00, 0xc0, 0x00, 0xc0, 0x00, 0xc0, 0x00, 0xc0,
    0x00, 0xc0, 0x00, 0xc0, 0x00, 0xff, 0xf2, 0xff, 0xf0, 0xff, 0xf0, 0xff,
    0xf0, 0xf0, 0x00, 0xf0, 0x00, 0xf0, 0x00, 0xf0, 0x00, 0xf0, 0x00, 0xf0,
    0x00, 0xf0, 0x00, 0xf0, 0x00, 0x11, 0x23, 0x04, 0x50, 0x93, 0x4c, 0x4f,
    0x90, 0x32, 0x60, 0xc2, 0x18, 0x02, 0x00, 0x02, 0x00, 0x02, 0x00, 0x02,
    0x00, 0x02, 0x00, 0x02, 0x80, 0x02, 0x80, 0x01, 0x00, 0x17, 0x6e, 0xdf,
    0xfb, 0xbf, 0xfc, 0x7f, 0xff, 0xff, 0xfc, 0xff, 0xff, 0xf3, 0x9e, 0x03,
    0x80, 0x03, 0x80, 0x03, 0x80, 0x03, 0x80, 0x03, 0xe0, 0x03, 0xe0, 0x03,
    0xe0, 0x03, 0xe0, 0x01, 0xc0, 0xff, 0xc7, 0xff, 0xc0, 0x00, 0xc0, 0x00,
    0xc0, 0x00, 0xc0, 0x00, 0xc0, 0x00, 0xc0, 0x00, 0xc0, 0x00, 0xc0, 0x00,
    0xc0, 0xff, 0xf2, 0xff, 0xf0, 0xff, 0xf0, 0xff, 0xf0, 0x00, 0xf0, 0x00,
    0xf0, 0x00, 0xf0, 0x00, 0xf0, 0x00, 0xf0, 0x00, 0xf0, 0x00, 0xf0, 0x00,
    0xf0, 0x1f, 0xe0, 0x1f, 0xe0, 0x1f, 0xe0, 0x3f, 0xf0, 0x61, 0x18, 0xc1,
    0x0c, 0x81, 0x07, 0x83, 0x87, 0x83, 0x87, 0x84, 0x07, 0xc8, 0x0c, 0x60,
    0x18, 0x3f, 0xf0, 0x1f, 0xe0, 0x1f, 0xe0, 0x1f, 0xe0, 0x3f, 0xf0, 0x3f,
    0xf0, 0x3f, 0xf0, 0x7f, 0xf8, 0xff, 0xfc, 0xff, 0xff, 0xff, 0xff, 0xff,
    0xff, 0xff, 0xff, 0xff, 0xff, 0xff, 0xff, 0xff, 0xfc, 0x7f, 0xf8, 0x3f,
    0xf0, 0x3f, 0xf0, 0x3f, 0xf0, 0xef, 0x39, 0x10, 0x10, 0x10, 0x10, 0x10,
    0x10, 0x10, 0x10, 0x10, 0x10, 0x38, 0xee, 0xf7, 0x82, 0xff, 0x80, 0xff,
    0x80, 0x3e, 0x00, 0x1c, 0x00, 0x1c, 0x00, 0x1c, 0x00, 0x1c, 0x00, 0x1c,
    0x00, 0x1c, 0x00, 0x1c, 0x00, 0x1c, 0x00, 0x3e, 0x00, 0xff, 0x80, 0xff,
    0x80, 0xf7, 0x80,
};

static const TinyXDecodedGlyph tinyxEmbeddedCursorFontGlyphs[] = {
    { -6, 8, 17, 6, 8, 0, 0, 2, 14, 14 },
    { -7, 9, 17, 7, 9, 0, 28, 2, 16, 16 },
    { -13, 1, 17, 0, 14, 0, 60, 2, 14, 14 },
    { -14, 2, 17, 1, 15, 0, 88, 2, 16, 16 },
    { -3, 5, 17, 9, 1, 0, 120, 1, 8, 10 },
    { -4, 6, 17, 10, 2, 0, 130, 2, 10, 12 },
    { -3, 5, 17, 9, 1, 0, 154, 1, 8, 10 },
    { -4, 6, 17, 10, 2, 0, 164, 2, 10, 12 },
    { -14, 2, 17, 3, 5, 0, 188, 2, 16, 8 },
    { -14, 2, 17, 4, 5, 0, 204, 2, 16, 9 },
    { -6, 7, 17, 6, 8, 0, 222, 2, 13, 14 },
    { -7, 8, 17, 7, 9, 0, 250, 2, 15, 16 },
    { 0, 14, 17, 13, 1, 0, 282, 2, 14, 14 },
    { -1, 15, 17, 14, 2, 0, 310, 2, 16, 16 },
    { -13, 1, 17, 13, 1, 0, 342, 2, 14, 14 },
    { -14, 2, 17, 14, 2, 0, 370, 2, 16, 16 },
    { -6, 7, 17, 13, 1, 0, 402, 2, 13, 14 },
    { -7, 8, 17, 14, 2, 0, 430, 2, 15, 16 },
    { -7, 7, 17, 9, 1, 0, 462, 2, 14, 10 },
    { -8, 8, 17, 10, 2, 0, 482, 2, 16, 12 },
    { -8, 7, 17, 8, 8, 0, 506, 2, 15, 16 },
    { -8, 8, 17, 8, 8, 0, 538, 2, 16, 16 },
    { -4, 6, 17, 0, 14, 0, 570, 2, 10, 14 },
    { -5, 7, 17, 1, 15, 0, 598, 2, 12, 16 },
    { -7, 7, 17, 7, 7, 0, 630, 2, 14, 14 },
    { -8, 8, 17, 8, 8, 0, 658, 2, 16, 16 },
    { -6, 8, 17, 3, 13, 0, 690, 2, 14, 16 },
    { -6, 9, 17, 3, 13, 0, 722, 2, 15, 16 },
    { -7, 8, 17, 9, 7, 0, 754, 2, 15, 16 },
    { -7, 9, 17, 9, 7, 0, 786, 2, 16, 16 },
    { -7, 9, 17, 7, 8, 0, 818, 2, 16, 15 },
    { -7, 9, 17, 7, 9, 0, 848, 2, 16, 16 },
    { -7, 9, 17, 7, 8, 0, 880, 2, 16, 15 },
    { -7, 9, 17, 7, 8, 0, 910, 2, 16, 15 },
    { -7, 9, 17, 7, 8, 0, 940, 2, 16, 15 },
    { -7, 9, 17, 7, 9, 0, 970, 2, 16, 16 },
    { -7, 8, 17, 7, 8, 0, 1002, 2, 15, 15 },
    { -7, 9, 17, 7, 9, 0, 1032, 2, 16, 16 },
    { -5, 5, 17, 5, 5, 0, 1064, 2, 10, 10 },
    { -6, 6, 17, 6, 6, 0, 1084, 2, 12, 12 },
    { -6, 6, 17, 5, 7, 0, 1108, 2, 12, 12 },
    { -7, 7, 17, 6, 8, 0, 1132, 2, 14, 14 },
    { -5, 5, 17, 7, 7, 0, 1160, 2, 10, 14 },
    { -6, 6, 17, 8, 8, 0, 1188, 2, 12, 16 },
    { -14, 1, 17, 0, 15, 0, 1220, 2, 15, 15 },
    { -14, 1, 17, 0, 16, 0, 1250, 2, 15, 16 },
    { -14, 1, 17, 0, 15, 0, 1282, 2, 15, 15 },
    { -14, 1, 17, 0, 15, 0, 1312, 2, 15, 15 },
    { -6, 6, 17, 5, 7, 0, 1342, 2, 12, 12 },
    { -7, 7, 17, 6, 8, 0, 1366, 2, 14, 14 },
    { -6, 8, 17, 6, 8, 0, 1394, 2, 14, 14 },
    { -7, 9, 17, 7, 9, 0, 1422, 2, 16, 16 },
    { -7, 7, 17, 7, 7, 0, 1454, 2, 14, 14 },
    { -8, 8, 17, 8, 8, 0, 1482, 2, 16, 16 },
    { -14, 2, 17, 2, 13, 0, 1514, 2, 16, 15 },
    { -14, 2, 17, 3, 13, 0, 1544, 2, 16, 16 },
    { -2, 14, 17, 0, 16, 0, 1576, 2, 16, 16 },
    { -2, 14, 17, 0, 16, 0, 1608, 2, 16, 16 },
    { -12, 1, 17, 0, 16, 0, 1640, 2, 13, 16 },
    { -12, 1, 17, 0, 16, 0, 1672, 2, 13, 16 },
    { 0, 15, 17, 0, 14, 0, 1704, 2, 15, 14 },
    { 0, 16, 17, 1, 15, 0, 1732, 2, 16, 16 },
    { -6, 9, 17, 8, 6, 0, 1764, 2, 15, 14 },
    { -6, 9, 17, 8, 6, 0, 1792, 2, 15, 14 },
    { -8, 8, 17, 8, 8, 0, 1820, 2, 16, 16 },
    { -8, 8, 17, 8, 8, 0, 1852, 2, 16, 16 },
    { -7, 7, 17, 6, 8, 0, 1884, 2, 14, 14 },
    { -8, 8, 17, 7, 9, 0, 1912, 2, 16, 16 },
    { 0, 8, 17, 0, 14, 0, 1944, 1, 8, 14 },
    { -1, 9, 17, 1, 15, 0, 1958, 2, 10, 16 },
    { 0, 14, 17, 6, 7, 0, 1990, 2, 14, 13 },
    { -1, 15, 17, 7, 8, 0, 2016, 2, 16, 15 },
    { 0, 10, 17, 7, 7, 0, 2046, 2, 10, 14 },
    { -1, 11, 17, 8, 8, 0, 2074, 2, 12, 16 },
    { -8, 8, 17, 8, 8, 0, 2106, 2, 16, 16 },
    { -8, 7, 17, 8, 8, 0, 2138, 2, 15, 16 },
    { 0, 10, 17, 9, 1, 0, 2170, 2, 10, 10 },
    { -1, 11, 17, 10, 2, 0, 2190, 2, 12, 12 },
    { -9, 1, 17, 9, 1, 0, 2214, 2, 10, 10 },
    { -10, 2, 17, 10, 2, 0, 2234, 2, 12, 12 },
    { -14, 2, 17, 5, 11, 0, 2258, 2, 16, 16 },
    { -14, 2, 17, 5, 11, 0, 2290, 2, 16, 16 },
    { -8, 8, 17, 8, 8, 0, 2322, 2, 16, 16 },
    { -8, 7, 17, 8, 8, 0, 2354, 2, 15, 16 },
    { -4, 11, 17, 1, 13, 0, 2386, 2, 15, 14 },
    { -4, 12, 17, 1, 15, 0, 2414, 2, 16, 16 },
    { -10, 1, 17, 15, 1, 0, 2446, 2, 11, 16 },
    { -11, 2, 17, 15, 1, 0, 2478, 2, 13, 16 },
    { -7, 8, 17, 12, 4, 0, 2510, 2, 15, 16 },
    { -7, 9, 17, 12, 4, 0, 2542, 2, 16, 16 },
    { -4, 6, 17, 5, 5, 0, 2574, 2, 10, 10 },
    { -5, 7, 17, 6, 6, 0, 2594, 2, 12, 12 },
    { -4, 5, 17, 7, 8, 0, 2618, 2, 9, 15 },
    { -5, 6, 17, 8, 8, 0, 2648, 2, 11, 16 },
    { -7, 1, 17, 0, 14, 0, 2680, 1, 8, 14 },
    { -8, 2, 17, 1, 15, 0, 2694, 2, 10, 16 },
    { -13, 1, 17, 6, 7, 0, 2726, 2, 14, 13 },
    { -14, 2, 17, 7, 8, 0, 2752, 2, 16, 15 },
    { -9, 1, 17, 7, 7, 0, 2782, 2, 10, 14 },
    { -10, 2, 17, 8, 8, 0, 2810, 2, 12, 16 },
    { -8, 8, 17, 8, 8, 0, 2842, 2, 16, 16 },
    { -8, 7, 17, 8, 8, 0, 2874, 2, 15, 16 },
    { -6, 8, 17, 6, 8, 0, 2906, 2, 14, 14 },
    { -7, 9, 17, 7, 9, 0, 2934, 2, 16, 16 },
    { -6, 6, 17, -1, 14, 0, 2966, 2, 12, 13 },
    { -8, 8, 17, 0, 16, 0, 2992, 2, 16, 16 },
    { -3, 4, 17, 15, 0, 0, 3024, 1, 7, 15 },
    { -4, 5, 17, 15, 1, 0, 3039, 2, 9, 16 },
    { -7, 8, 17, 3, 4, 0, 3071, 2, 15, 7 },
    { -7, 8, 17, 4, 5, 0, 3085, 2, 15, 9 },
    { 1, 16, 17, 3, 4, 0, 3103, 2, 15, 7 },
    { 0, 16, 17, 4, 5, 0, 3117, 2, 16, 9 },
    { -15, 0, 17, 3, 4, 0, 3135, 2, 15, 7 },
    { -15, 1, 17, 4, 5, 0, 3149, 2, 16, 9 },
    { -3, 4, 17, -1, 16, 0, 3167, 1, 7, 15 },
    { -4, 5, 17, 0, 16, 0, 3182, 2, 9, 16 },
    { -3, 4, 17, 7, 8, 0, 3214, 1, 7, 15 },
    { -4, 5, 17, 7, 8, 0, 3229, 2, 9, 15 },
    { -10, 5, 17, 0, 16, 0, 3259, 2, 15, 16 },
    { -11, 5, 17, 0, 16, 0, 3291, 2, 16, 16 },
    { -7, 7, 17, 7, 7, 0, 3323, 2, 14, 14 },
    { -8, 8, 17, 8, 8, 0, 3351, 2, 16, 16 },
    { -6, 10, 17, 7, 9, 0, 3383, 2, 16, 16 },
    { -6, 10, 17, 7, 9, 0, 3415, 2, 16, 16 },
    { -9, 2, 17, 2, 14, 0, 3447, 2, 11, 16 },
    { -10, 2, 17, 2, 14, 0, 3479, 2, 12, 16 },
    { -7, 8, 17, 7, 9, 0, 3511, 2, 15, 16 },
    { -7, 9, 17, 7, 9, 0, 3543, 2, 16, 16 },
    { -7, 8, 17, 6, 7, 0, 3575, 2, 15, 13 },
    { -7, 9, 17, 7, 7, 0, 3601, 2, 16, 14 },
    { -6, 7, 16, 6, 7, 0, 3629, 2, 13, 13 },
    { -7, 8, 16, 7, 8, 0, 3655, 2, 15, 15 },
    { 0, 14, 17, 0, 14, 0, 3685, 2, 14, 14 },
    { -1, 15, 17, 1, 15, 0, 3713, 2, 16, 16 },
    { 0, 14, 17, 0, 14, 0, 3745, 2, 14, 14 },
    { -1, 15, 17, 1, 15, 0, 3773, 2, 16, 16 },
    { -13, 1, 17, 0, 14, 0, 3805, 2, 14, 14 },
    { -14, 2, 17, 1, 15, 0, 3833, 2, 16, 16 },
    { -6, 7, 17, 0, 14, 0, 3865, 2, 13, 14 },
    { -7, 8, 17, 1, 15, 0, 3893, 2, 15, 16 },
    { -7, 7, 17, 0, 10, 0, 3925, 2, 14, 10 },
    { -8, 8, 17, 1, 11, 0, 3945, 2, 16, 12 },
    { -3, 4, 17, 0, 16, 0, 3969, 1, 7, 16 },
    { -4, 5, 17, 0, 16, 0, 3985, 2, 9, 16 },
    { 0, 10, 17, 0, 10, 0, 4017, 2, 10, 10 },
    { -1, 11, 17, 1, 11, 0, 4037, 2, 12, 12 },
    { -7, 7, 17, 2, 12, 0, 4061, 2, 14, 14 },
    { -8, 8, 17, 2, 14, 0, 4089, 2, 16, 16 },
    { -9, 1, 17, 0, 10, 0, 4121, 2, 10, 10 },
    { -10, 2, 17, 1, 11, 0, 4141, 2, 12, 12 },
    { -15, 1, 17, 9, 7, 0, 4165, 2, 16, 16 },
    { -15, 1, 17, 9, 7, 0, 4197, 2, 16, 16 },
    { -3, 4, 10, 7, 7, 0, 4229, 1, 7, 14 },
    { -4, 5, 10, 8, 8, 0, 4243, 2, 9, 16 },
};

static const int16_t tinyxEmbeddedCursorFontEncoding[] = {
    0, 1, 2, 3, 4, 5, 6, 7, 8, 9, 10, 11, 12, 13, 14, 15,
    16, 17, 18, 19, 20, 21, 22, 23, 24, 25, 26, 27, 28, 29, 30, 31,
    32, 33, 34, 35, 36, 37, 38, 39, 40, 41, 42, 43, 44, 45, 46, 47,
    48, 49, 50, 51, 52, 53, 54, 55, 56, 57, 58, 59, 60, 61, 62, 63,
    64, 65, 66, 67, 68, 69, 70, 71, 72, 73, 74, 75, 76, 77, 78, 79,
    80, 81, 82, 83, 84, 85, 86, 87, 88, 89, 90, 91, 92, 93, 94, 95,
    96, 97, 98, 99, 100, 101, 102, 103, 104, 105, 106, 107, 108, 109, 110, 111,
    112, 113, 114, 115, 116, 117, 118, 119, 120, 121, 122, 123, 124, 125, 126, 127,
    128, 129, 130, 131, 132, 133, 134, 135, 136, 137, 138, 139, 140, 141, 142, 143,
    144, 145, 146, 147, 148, 149, 150, 151, 152, 153,
};

static const TinyXDecodedFontProperty tinyxEmbeddedCursorFontProperties[] = {
    { "FONT", "cursor", 0 },
    { "COPYRIGHT", "These \"glyphs\" are unencumbered", 0 },
};

const TinyXDecodedFont tinyxEmbeddedCursorFont = {
    "cursor", 0, 153, 0, 0, 0,
    16, 17,
    tinyxEmbeddedCursorFontGlyphs, sizeof(tinyxEmbeddedCursorFontGlyphs) / sizeof(tinyxEmbeddedCursorFontGlyphs[0]),
    tinyxEmbeddedCursorFontEncoding, sizeof(tinyxEmbeddedCursorFontEncoding) / sizeof(tinyxEmbeddedCursorFontEncoding[0]),
    tinyxEmbeddedCursorFontBitmap, sizeof(tinyxEmbeddedCursorFontBitmap),
    tinyxEmbeddedCursorFontProperties, sizeof(tinyxEmbeddedCursorFontProperties) / sizeof(tinyxEmbeddedCursorFontProperties[0])
};

const TinyXEmbeddedFontName tinyxEmbeddedFontNames[] = {
    { "fixed", &tinyxEmbeddedFixedFont },
    { "6x13", &tinyxEmbeddedFixedFont },
    { "-misc-fixed-medium-r-semicondensed--13-100-100-100-c-60-iso10646-1", &tinyxEmbeddedFixedFont },
    { "-misc-fixed-medium-r-semicondensed--13-120-75-75-c-60-iso10646-1", &tinyxEmbeddedFixedFont },
    { "-misc-fixed-medium-r-semicondensed--13-100-100-100-c-60-iso8859-1", &tinyxEmbeddedFixedFont },
    { "-misc-fixed-medium-r-semicondensed--13-120-75-75-c-60-iso8859-1", &tinyxEmbeddedFixedFont },
    { "cursor", &tinyxEmbeddedCursorFont },
};
const size_t tinyxEmbeddedFontNameCount =
    sizeof(tinyxEmbeddedFontNames) / sizeof(tinyxEmbeddedFontNames[0]);
